hash_id,taxonomy,percentage
4cdfd0688d020ddf522f55de2e648b6b,18,99.40142624643696
ff47bb0588723a640a85e958bf09e4ad,5,96.70109187564475
27f1864b8127d8abfb8ae3cc64b94de0,18,99.08046722134316
83041d29e1d2010b43b25b482943db21,15,97.5335911061659
d7b0b500f4ff19626234b73b7942fe96,2,93.96871953983631
7778d2563313453a2673385a1b718426,5,97.19080773134975
68572dee5e950dbaab2352c5bc08cfbe,7,98.89121434139287
89a6f698a8c1a5396949132c88dd3cce,1,99.17973353290813
3f047c70344165037e3e9255b5b6b258,0,99.6349495078359
d4a7f7a0d8129585a39334adb1df9e5e,0,98.45038571282694
45686366da7f81bda6f05db2f320f579,15,99.94977028193998
1cb89c740400bca1fe10991b97c058c0,5,99.6808017110709
cd0a7a8e56e296032aa167f9e353d2f5,9,99.86168217228123
98259a2c6a3af198990bcd214025ef56,11,99.79448088035781
c83396e5ec09f26f0fc3c6f8bd15a2be,5,98.96072927353144
ae7a20d2759060a8fd3e271ab6bc31c1,6,99.51041487446425
0b3e5979253b5ad21c237f0aa78d3310,15,98.47618000958944
a81dd3a1eae86a6a2c1b6d9bd783229d,3,99.50054582562981
31dd1cc0c92d1a24a677d50be2fcdf1e,18,98.52492262784556
ae2422876e1e9adbad9f4f98715ca743,2,98.12125543590552
01185ac5e3547fcf2d002178bd5bcd5b,5,98.39503446984686
42002286a3210f2aa481ae9cb8cd35a7,18,98.60133153874993
523dca8aef99af4d58a2226a715b019a,6,99.93511769852148
83800e334330af572f279269a8854543,15,99.33711349870445
3beb43745f9b507eafc3f1f2c16bed74,2,96.3387320699637
af760e616c82ec843607832604a4d31e,5,98.31079588536679
47a8cf6fa602b7a9b339bc20b87fee4f,5,96.28894205049994
affc5a835289f16168505f34b38aa7c5,15,98.92631775372665
b891f4e4e499360c16d5eae2bc2f4625,2,98.77321805941362
758a9403b1d82a5fb2429a590f1a2d1e,10,99.59239823144638
f38f896365c57479db208e582cfc97e3,15,98.30684591058186
724f3f86632dffdecd9b633f6009412b,9,95.66521646311924
20b571537c4663dcb2ec421c00b819d1,9,99.64069232952507
f80953d3d68d5eec53d27bd1b0dda5b9,14,97.2585427643188
18a2f8098ad97653cb2b99d86fc41f02,6,96.11662081131331
3b7d1c00918e49aa5aae73aa2e6526b3,3,93.6725058982013
674a9a81506f94b51a18b769f9b6a9a7,11,99.47434759477909
4735a36b60b34665200fba287767bbde,0,98.96255266828857
5016eb92ca7f44b26479a54c2f59ba96,0,99.38085141002323
d0736434a3f75b54a4970a59b6f3e798,5,98.31737826341272
b0e293f9e8a345f92dde0274e5816be9,5,99.20706876490983
f0d1fe51570514b741cf05cf63756f3d,9,92.36448026226094
c71acbd53bd0fd2bb42f29ab78bf12a5,14,96.83436732747336
6a9c7cd423cb344c229496d5d3347e3f,5,99.90453733223563
bb54538b41b40f9f41940c4e05bec8b4,5,99.1305386349856
c169ddf04b09385f670e17a47d28f7e8,7,98.08494604114962
66e88d8da0054f207624a15c58e7909b,5,98.56360897390016
111ad15890abd2806b0b00307c4033d1,5,98.67923768476861
6745f86d0b9e91f0cbaf64f12d96a623,9,96.78030725655606
79759753771ab1a0134f557561a754b7,11,97.54695363110716
c7e7ff779f5983b70e0d8617687838ed,10,98.8448709350923
d2e821c7d4b81fb03b27746c42477d7e,3,99.84833949276127
f7b248bff3b43e1b81654b45df652fd8,9,98.07541547427469
714f0ef97075851049a0123aaf735e95,0,98.39365501187135
974f92fc092f618a7ec58ee2187e43c1,13,99.75476278444398
167eea01bcdde6abec431a346a3bef23,5,98.19086901320773
f7c9a4e86199856490a0749c544caf30,18,97.40955300836407
8c225a36ae2cd6cea8d24e16a0c7bbd0,2,99.65818838670955
8b2efb9fdb001d1718fc0f01fc09e4dc,5,99.70781520486292
c7d0a56e5c71f2aac25a300ed94636e6,0,99.32507037484109
0096116271d9ac05e1fdf21fb0debb3e,1,98.62784511657486
eb45f405df57b2ac336b63f3f9c1b22a,11,95.94514719120991
bb2f55c1c86cbc192f1c192760b7dbcf,7,97.38759114428615
b46e547f1562b6761d5d1630f83998ef,5,97.65712926135774
7b42b469b645284a8b0b88c735c606c8,5,99.44539032510096
f1c8c9e1eeb4d957d11782f0956d6e1e,8,95.94084433606835
58a70471639af8c1f012ea3d172f5443,13,99.30128857163812
27b25e5d8dc59c02b1df3c977e269a81,1,98.49053154243089
ff6603f970ed10185b3bdd6dc9591c4c,1,98.47188460547814
4f7360684bbedc8f2b0e78a8057a4d34,5,98.18075034240888
d56dc1a183ab0768b0e8e5c742d5e78e,5,97.16508531288753
9c79b36beb12d7d7ed9aa27f04a8345e,11,99.05437359273697
6388c9e89321c7733d3d99909e6e2cd7,0,98.06958406623964
2fb3a6fedc57f1a00d14fcf8a6c476f2,1,98.87808660672518
de2a1112ec3963b7b208c01eaf0a8d40,5,99.88096178813817
8d389cda5bc56fee4c8f98811f735423,8,96.44342411110824
7d69474145c9148a77708dd1a74e90b7,9,97.78811552203493
597520f7332203e90a179837550a62c2,1,99.7223697072748
30ddb6aeacecd8e04aa2b6cf0010d7f2,3,99.05394098617188
8b3ea9b1e676b600d73dad3531827fbf,11,98.97742472011323
6f6d1e89781ad90cf84fc0b84516ad21,6,98.59583510229689
a205d28153fdf0b63b1df1540fa909fe,5,99.70817753669594
c9c0e97a3cb447d9b680fb2f195152c2,5,99.21689065029452
1a484c54f899676cc834cf91b3626a2d,5,99.0878852615715
86d91964d9cd68518863bf1edcd1b507,3,98.66165015269894
09db7c087ee5731e7a0d2e3d78228b9e,13,96.85889515036224
2e0f7f89e7f18fcadfbe493cef4b113a,7,99.22310532462764
36e86e10af89096faa8d65217f7490da,8,98.65292735912226
187ec348e5fd1f40122bdb9d20ccf6e1,5,97.26207086581284
f7f3912a83d360af2d6467d267164594,5,97.22381087729283
e98eb6f0c38d12f680f977526b5fcd3a,5,99.24820927390901
f1e0e5bc1c17e5adc5c0c68791c6add8,11,99.34613398903242
9ca2e2877042d8b04f11d62ee8db0a53,5,99.68988845506438
a286e7ac3857dbf8f30d2db52a2c893c,11,99.92914943167509
b46251baf07bbb27dae4f42b8b8dfc1b,5,99.27779532943748
41a33b13e94d3c1e38828625e7e5abec,11,98.9302924713374
10db6ef708189e64998ef66053622103,1,98.38847431576859
093421f0de3f6a682e35d3df03545d2c,11,95.97033012740596
c59d87894059f6ba3dec57af9f616efd,13,98.67539770072301
9f445585b5b22c3d02aa0c7c430a5ad4,11,99.89881775811675
e47f7b8b7829b40e8ac36ae0a9e12afd,5,98.37166572795934
318d6c21dd1c0bf6e1e82085f7e74701,5,99.67156717674365
ae073981aa5bb21d2bf2634507d9a477,14,98.51312897523611
ae2fda6fd288ad2f6174e11b1fdd285b,3,96.86436514350119
30b3748ae6a834fa1c12987ef519206c,9,99.44978385833954
fbfa14cadd9ab37063ead40584e51b5c,7,99.77887324693424
e71f1103fbe5c002a3938af30704b2c4,7,98.37137129749355
4ef7b9293985b8e23765d55105f5b12d,13,99.51923444598623
d0aadb6ed9ce5696a540e55271557a4a,1,98.27788135975526
2df42939aadd744607ea6cc142f67119,13,97.25931811657443
5c8e3316c95698b91caeb9abfc56f9c0,5,96.62370135327956
9d3e2e76eadc8dc44b4ab9dd93a98dac,10,99.88439054785391
561e443c89e701abc3f298be6bab3493,5,99.72251534581208
5b9f808ea9d83e08ba440ccd5d2970f5,13,97.5072671272211
4091f89acc7dd020a9ceb304ad69355b,5,97.34193463442752
04f8f645e7f0a1ce1e03b443a528cd2a,11,98.34388311791395
9895cca7b5baedc9b2741a740dbdc1b5,5,98.05220721371158
ad7f19be21cf1e62cb6e4f89ae14c06f,1,99.88412912906735
4952e29d6d8511e025ccbb58af76be9c,1,99.06252528241045
cf1e4618ba7818373dfd11d2c6ac17e2,9,99.14567766107928
c0cab7f5deeba4251350f9e80befb153,10,98.7161058829353
c380b4fa2d704add4bea3bb9b584e4e4,10,98.2235218775013
e95fef0a89fd0cd84ecdbbacf6334d98,7,97.81161978424466
676888d8cd3e127741578f5c156d6def,10,99.99381730515037
88c7d89000dc8f8c45ce1de0b8d8d6df,0,98.86581215663806
dc9d204d37f06298551d2225c885f2d3,7,99.46935528829667
a5f7165fbbc1747857fcb608000c8d5d,14,97.8205374968739
a5a2e4b0036d46112e5690fa628c7f30,3,98.66383211351689
70526bf04408447edde3ed7d1adb379a,5,96.9902260549498
9452456f79ea70e463d18c812b9edcf4,5,98.20028347176155
82881dc7277fb07d0baeef60a95b57fc,1,99.81214558715574
497b2e71536c94295f81eb8221143005,5,99.4873057714376
49f03e43110acfd23af343be4e7c0e8a,13,98.011435015766
b784da4db733766c205dd8f2fa2e1d91,9,98.22314513519198
eab12d43ec8a4429c8c473646ccd3430,5,99.01009888422695
a6cab8b6d15684020c8dc2d6517406d2,15,99.73246884075733
9fd937ea4e16bdf7549a63b568770019,5,98.80119455976077
f435d6359765418428b8e0520bbbbf99,5,96.44529209558729
201234db4c24c974f991cac47c0422f6,10,99.807447264043
30a3c794a21974f664d35154a612b19d,3,98.90185914296279
ce8a33c9e2c2325beec1414081f9e927,13,98.7376226799932
f37366a6c5b103c1e5564016d1289423,3,98.89351054991829
69239ce31d122f834ce5bf45d245f5a6,13,99.945989338804
823ff163797b6208de14e61119a918a9,11,97.9666878384013
1fb9a3022561acb7a525e64c52c07f89,1,99.2070854079962
299e18f69b53213c6b4f79401e4831eb,5,97.52059383533039
419b289a1f20f6b60cbd70c2cbc650f1,13,99.94650329682761
25d25630931891747f7c33fb57741a4c,5,96.84733402089418
e6a5b451bb309a6e8f30c9c949d82038,3,99.34138801538255
fdbacb89a5646679aede7c1bc0c25492,11,99.81771285864139
5b877b705390aeda473ff2f39c151265,6,96.42974930284747
59a29148a08e76c048332808f963ea53,1,99.40757551188064
ca9b0b6ea728cf2b5db9e916fd250359,5,99.94044105161458
52ac6e10723bd753a1d3d97a7a97c49d,15,99.39214375803343
41a2bb98ca27a9349d03394e364511ea,13,99.00421302249134
f40ab2cda445f456829e54b2fe8d48be,15,96.65736927214132
2f3c9c57031047d273a3814e6f72c5a2,3,97.66665839875412
33a5efbc8cc9e37e37814e269fb60293,15,99.10106244922065
6b87ab9da3323e2f3676ab298bb8d5cd,5,99.81374452205586
fbe21d47f5fbe190dfe432720c3c2bba,2,99.49037007393338
e7bf0a18f622cc81bb982c4385dd413a,5,98.16964881498498
0fd6f3666937d7d97c95cc6486f31d0f,5,98.469047789986
7cb3bb30facf7129888a7e14fc401e3b,14,98.63840678611723
432369aba6bc7db855de7489fcfc7649,3,99.88914608631646
de9a3fa4f663ddf86d984af372874b03,2,96.56910737903351
92fc29a9f0fa1e6a631eecaee89489e5,18,98.91343910074394
22e3455cbbae8f1830605d5542d34d09,8,97.24457524726493
976de6b55c3e3d983e0b58be987806ea,18,99.98509761740671
4a7596631873cf238ffe7b9b00bd3180,1,96.88385964641802
f2306bdcb3d0afe8a8d356ad75c99436,13,99.81301121255048
219941db130e87af159015b4fa5e5a61,7,99.93197617995719
d856ca50f4662ea1f24acb909cfe9c6e,5,99.99837898553659
3f3e4850d0e411804e4ed6f408c61783,5,98.79759532849474
b55194fd16190bbe4d03d4600daeccf3,5,97.56410267527849
11c226cf647e61b9e5c3bf02f2e6a8df,3,99.51559977974927
c915ea9130355e11fec2c7a53af19460,14,98.85614940335574
b6a79fd594a02684eebd8412a8d17245,6,99.9080729313578
eaa1b9d33ff6a193b5466a8391f25bc5,13,94.71883817953889
cb30180933142b047cfc882ab64d1ccc,0,98.56382083113547
22e99af0297dbbd33d6629e0bdce30d3,7,96.65639356247316
b177d6818fbd2b384740be4af6c8be79,10,97.66556649274527
7d501454414e7466406dd486f5f75b9d,2,99.66777394044898
addbf1e5d6321ba6065d96be89ab1787,2,98.16934404949734
687c40c4019a54a89b060dd5e7f9c6ca,6,98.326504844982
d55a6c4338d21c0aac69f1617396717b,5,98.789901402182
72a0eb7687b21d5ed14afb358397f245,14,98.84557890367935
c3f2f5b3d8576b288f4c15ecb781554c,18,98.14086500595363
1f69ba2e5ca028f72872bcdd114520b5,7,98.101513326614
9655ce336564ff4558df6584f0456f08,15,99.1350767800639
03ac608b58cf338b45875c6164d2cf51,11,98.62128881290559
88bbddce56f26588c9689652cfe85a6b,10,99.51992914058553
aaf7d0059fbc574c97afad8b7b7725aa,11,94.40188817551389
d5b7a147586bb1ebdc79e10aa59d3847,14,98.07577660108326
734678639ed872ce1fe43469da98b5ab,7,96.34719958444799
ddf7049ab2bb932b580d5562097bac96,18,99.90063412195697
a6056d58e9cd8ba63c961dff2cb62026,14,93.70012473340839
94a2b6b47c9d2d0d73e5472583ba50e9,2,99.09387098695687
10857982b03d4e4e87dd0707cf383e47,0,99.06847844141905
3cdcfa8c4f8ec73761af2a81f698f11a,10,95.97389289065076
bdd76fadac9e619be22bc0e84994b869,10,99.66940900554951
248119a0aa984a0a61be014f5a41608f,7,99.0637269008233
8d5819f6888249e1d047da9cad9f8806,5,99.01317018699265
4f79c8f80a678f1e9aef555349aa350d,15,96.58918096237645
eff31074d6651742a2e1224ce9d16595,10,99.08822121579108
2d16ce770f3190793dbd18cc79c43f20,2,99.56257977203987
df8fa66724403de1162e7aa7256480b0,2,99.06721562498899
a3de8f9aa9f2350a4f4e971244ae2647,15,97.58269502721677
28ccd590116b24103aa785bd1d611a83,10,99.77498601400845
862c61155a94599aeaaf73a06d24fe79,15,98.5057662907089
28a6f77e7653d6913b7cf2b1ad2e08c7,3,98.24591269420154
c286d56c583dfce5790d623d6ed7847a,11,99.56875989565856
1dc67767e025353efd87c426dc4d7db1,3,95.76151937950046
8fcda27808c2a539672f982c9ec40394,18,99.47753875972339
ac4da7c74f7c5158ba428386b8f6fc46,5,99.77435611369009
e1f919a7cb79f7460e1c79718e4de2fa,18,99.73579261297732
b2be54d29e11d0c91d95b5e75dad72f3,5,98.91484423440511
2f5faff29728228069a10f4dcb69b45c,8,98.37273057721654
d304742889f323fcb7b1cea4de226bc3,9,99.61666979941931
88469353e47788830fdbc541dd3dda2f,13,94.38714114699236
7e3b258e19dde301b08deb69cb3f48de,13,98.63436606208327
383869e03c380c53761dc1dce0858d1b,5,97.0789526105955
aefb38336bac6ca8f641f1a8cf105cb4,11,99.93355176712902
a33b54140f5fe77cc7b92c44c279f01a,6,97.73300360734619
c49b8c29028c99007ee5b92181da6d40,1,99.52702682166193
068e6f6e9b519c2fad04c0a943ee3ae4,5,96.50799667701169
c280049de4d8bc0202bbe7a68d00754c,9,98.32018023921981
dfebdeb5f1522a8e7e7fb9ca5bb909c0,1,98.49114926627284
b125a89bfcdd27eb69bd8f92ef77b696,5,98.58224508789004
4d10b1cfac05c41fc6990fff85ae3cdf,9,97.49257199614743
ee0b838d8bea2191f96e843d6247be52,9,97.89258311602319
7ba48d64766c1b99b423f119fc0b85a8,13,98.85698279242436
8deb40b7f78bf2e24a674be4e4794b6d,2,99.0864983904502
dd047dd44ae123907e57f0b8baeeb99e,5,99.74563839656697
b7fd8388a6587a64aeaf27808c95beee,7,99.27218500380908
3bf251de4f9b4ef2ca2ec1fbea4ff48b,5,99.08242782623806
45ed492d0d0a0e04e423c00eeb5c730d,9,99.63394656921511
ee61befe4de9e622a94186c464611edf,5,98.5893621221596
feaff1a644c365bdec59c1f3063e564a,5,98.98830890533954
d2acbc63abb1c779278ee5cec35f9bf3,18,99.07423325377768
7bb114b6475daa400395e1fa62ba0997,0,99.40697751442121
5a3a9342bacc4948181b0d0f5e555cbb,5,99.9844186314151
494eaa57baebcf7de657a721c681c21d,15,99.28328781709769
32b505780aef6b7ff5bbc367a417a230,0,98.60863794631261
d3c9f34410d4c17a99dee50bd4dc8a06,5,99.84868142368863
a200830846b4014438cca8841a5690a5,5,99.90385704882664
b071a4131956e629c980db852ad69455,8,99.93387501020433
9fa11e4dce543ce2b81ad814dfa02c0c,18,97.50453805773026
506e1ec43d0f2959e4bba84184488f6e,1,97.39847055604162
2424353c9ef032c6247e87bc3cfed946,6,98.96780498881542
3dedf2c747fab22cbbe3ea28ee6dce0c,8,99.96210273783497
8030749138a5723b25aca9b6b26fc841,11,97.09867833194386
5d3c7b7265908afba14f8f358ff2d23f,15,97.70972958172418
54dc2aa4a46065fc826dfa561b4bba41,10,97.23118677932868
c454f566a7a6ef60b3699620b4f332ae,14,99.65929184269473
faf12ac9a41b4733fa70777eca3858e4,10,99.79923944077433
61eea8be1a40b9a85dac946626efc15d,5,99.72557616456724
3f45d01e6fc21e8f966768a4df9bcaa9,10,98.1660756611968
38efcb93b4797b024c63f1d010bdecd9,5,98.40825192976112
27ad1101e0c9636ecf8d8a427ef18679,1,97.23945269575538
ccaf8a668c4ba634223774f2e9285db4,15,98.42198618518454
f84ac91caedfc362d3618779c9d8fd50,5,98.89194973855486
d67f743ae869cc5a278a86a2d7914cfa,3,99.11443940689952
954713898ea66876582b2a3de78d0a0d,11,98.48466023240299
0c5bcd307985510e5abb0c1d807cf247,11,99.07097540590082
ddb21fc68efa0bae65f4d6f1efb846a7,6,99.57036357612782
50b3f101c4d2f71d1a07121cfbf7fdfa,9,97.84140694461662
f6d5cd87d3aff22493345b566e0fd4b4,13,97.89326880301047
30441a7d04d8c8f0e548881f95f6a9ec,8,94.3946873615134
ad0e0ee9eaa7737b162cd1fe6a9f9782,13,97.40185197614265
71c90da45d21515ab3076eb392c2077c,8,98.41085476730908
8f146772ce51886a64a8dd658b36d3cc,10,96.87301425788348
c7e9008405ace94c8321968448b5bf18,13,98.00112233681772
0fecd6b6a0c47eb5e27852b60f4d4a98,14,99.4133851873312
e550622448cae33d18965e23d6926d3f,3,97.30184058465277
683ef91c35638db28b62b9a5a6a4579e,5,99.01228822206441
071548ea609049371c610197cb579d67,6,95.32692640031307
af82f19c8aa2d15cbbe3d9011c39eb3c,3,99.66662076127957
1a393d382af28cb4bf04b218ed08cf5f,11,97.5279324776158
9683b8a73080b885f3fb16a72367b958,7,97.12307945505493
ef4a7352931cc2f25f7f6af594fcc19b,1,99.62433070609339
6e114b5f42a78273c71aaea663a8ef99,11,96.56563208996991
223eb1c3ad791ca3207bba546938bc3a,1,98.35057133981883
5ae70dae5e89f8fad4ed52c54b9bc4c4,3,98.15324290017425
a19ca7d7fe7b5a90139aa8b072f34bd9,9,98.17990347033648
a899b05074501fefcd04e9f60bb17da1,8,99.78817520635923
1ab54180ad781055306ceff247d38823,14,99.86892653805047
2540f4cc5ec808e6994b44798efdcf9c,15,99.86946421271809
230610f95fc14d750e67b523d24dedab,5,97.32921766818336
cbd463e1483d97b91cc071cbf79b1ec3,6,99.85128835871353
68d08eecc9bff75b7d98bdfa3ab4cd68,14,98.5951132505273
b1a93e0bb04be0314f432c022817aea2,18,99.94121515212262
f5e8f0a3086064e60428a308780c472e,15,99.2377244773574
1ba716e6f42c8670269f52e0a0906e6c,14,98.89116656524078
3389c1e0f327b821929a0b41b8ae8293,11,99.14902857839981
cddaeb3917c53097524b08ec238fcdb3,8,96.51784168375775
4ab329b0a2d9f539ca428b958772a683,14,98.81690380421736
a4612923344685a00a7a66345b986043,6,94.69205650395563
36b2cbaa1f003c188521c6f0d3852db0,8,96.82501105066535
b671ea772e57b7dd175e81dfaab9d2cf,5,97.46207198445067
95f6c65395068d67a581f280c4dc2b60,5,97.09232559302255
e6878c7012f16ba576f2c8cb99e0e9b0,14,98.61012324508488
ce7da7a8dc7a8558ff3a6f86afb7917f,7,99.90698871874751
91e5d174832c569c94234998367b90d3,8,99.49562241007173
841bb0f7b9048183c143bfd8d77c1fda,18,99.29063973863944
df581083ae2500c9846e82ce1b3f46eb,5,97.11456305729507
e13df41741e370eac04d7fe32cce187d,8,99.39799528622177
b3b405d5e12bec55ee97d9249a768540,1,99.48415068398124
3d89a4c3dd57af715e23576e23d03908,5,98.75597629727342
070a71b984c43eee90931ba9fe3ade6a,5,98.34829072836021
74c991889e4d5ea7051ca2071439a753,10,99.58924756724767
88e6142f757227d546f4284683dffd06,5,98.22648907665892
e1ec4a1d2ccfa37c6eab9a067bb59c23,7,99.34513814214878
7d1aeb348f44979b8ab31c47ddc985f3,5,97.074834609347
473213a6069ac0761fac4651b99ca4da,2,98.99359937643261
68d7be7d95acfdf0546a7617c22f1459,18,99.38158669337713
596b30e0156aba66809ba7cd08099aa9,6,98.53080460685977
ec36de2e8511ff3263e92c67459e134e,8,98.57568411317018
96d5e0bd20c735ed844fe8911db81de3,14,97.49065683739292
cc255f4cb16646615332fdc46fc70782,6,99.01220099592685
badbd6097a1004c02c54468d47ab8005,7,98.62445369399927
1599487ece350a0dd9ba2e889608931b,7,97.54996609462367
dac71b34f62a636bef0d68c8e50670a9,5,98.74899167659981
59d6e4b4a1b120b7d544d68337f437d7,8,98.28021209793366
ca59bc5d9b16b88df14ba1d86450553f,8,98.0383278977932
3788fbae9cbf14ee3098e8610706257c,5,99.74261853857317
87ec9b5acdc04574c8989808039a5be7,5,98.76190277665532
849c724a42ee186ff9414c308ec39a9c,13,98.59294910160583
9c10f92aca733564f5aaf0266a66e468,2,98.18384733149898
f6c909ead59b80bd2621cd4ad1d47879,0,98.23299206441804
1fe45402cc275fe3a54f3bfb3bc965f3,5,98.1446860806122
e3033d57f84baf87723d3de9bd6d203f,5,99.36477047624241
2e76978100aa8087ccc9cd07bcc1a2fa,10,97.13408404619557
446e1371f611cd869c36b66ab637e4f1,7,99.9455025847574
a67939470d6b2680020959596d07808e,3,99.0131424305194
96ea5559e6e34f0fa38a623499fac856,18,98.5483124581522
f10cd0977a5c771fe89adae50f76528e,8,99.15943406670817
f96361d13245de47ba73a3ad7ec7c1b4,11,98.00144717171324
484da2f1e831300adf9f8a28a024d8b9,1,99.11244274629578
0de5d08df83f08746966d7b6dafbc9f2,6,98.61651190324406
61a322b4737fc1264785d4c3de896c14,5,99.242524945673
f270104555b20c0b7878bc61f40c174a,5,99.99752347179651
bb2c87d485ddc57dd9476027aeafd871,1,97.00581004722916
19ae8046df56f5901dcc66eebd1dd22c,8,99.52481931455029
eb751d1363eb059b795e532cf0cc4577,3,99.74598496822149
6117af330f453a5334c8792aeffdfb85,1,99.95733880709238
08ca393e214312bda6fbbfa0bfaaf3c3,18,99.0810052701977
5323c9f9f40ff73b2e09fe4a2231c226,5,98.55910756832952
4734589a000405cffbbfb702340cb3ff,7,96.04913733584962
be42db63e19dc2258af4d794aba1830f,9,98.81776990911966
0757fb489613b2f6ef825b1f386a6075,5,99.6130666506652
a21dbf0576bde01987342d82c8393b34,18,98.87864864932037
3c79cc624fe5fc96c974f3d63e441b9d,11,98.71566000573233
ee40b52bc6248574b9f61ef1ffbb0775,6,97.98750916592036
ee09033890d0affcfba9572a79b0b4c3,11,99.55200309022634
f0470f7977f3dc74bacbc2e29ed30b31,5,99.55975860617374
1d2dff30cd317fda604ea0181af15670,8,97.728000826721
9f5dc179a173398bdbae3673399bf230,3,97.03089409676983
dd8a3780b657c99744264ff50261d197,9,99.41403524913555
2bf6b40096a54f8bbe7e952f7da747b8,11,97.47046245677535
241d9af381d8bf59e355b1ed49700917,11,97.90936227060917
796253bd54d8d212f13abcab66511711,5,99.56895593931826
6067bfef29ed00352327e4fe10ec9019,6,98.59714045142567
4dfc119aeb6147e97aa3bfd0771820b2,5,95.25946104483882
edb65616e11ff3c59062ca78731ccf6b,7,99.719920980723
1f9e042635fc0013e6914e03ef1bb277,18,98.52760068385791
e23508b842ea8b65411b2fad8bb0aebf,5,98.2396073284055
1e70b8cceca7256cc965ab174811f1b8,6,99.57710818592297
4c7184680f2f9496f578bdc2311ead07,9,98.87573727933405
5b598e77d9d45efa4551a7fa610d05e4,18,99.36549959085025
9b20923a11127578f2474044d783871a,5,97.72327340381868
b0d9d2e7a035639a974a40349725ac0d,1,95.410771908262
f70598326077c74b36ccbbcf37ccc710,7,99.76115615393022
f3754a83c311e1ca3ced4a5db5a3f202,6,99.74862659498586
6a86971a27903426cbeb75e09e0ca656,1,98.97282940559006
df2a86ad383ca7b3fd36151b6aa00e96,5,98.57716562011396
31e8e90da824b49c8e95c7023b739e6d,0,99.84081128607023
467568a8d7e35fc38c9f8c4cd06daca5,8,96.56624997423162
3c4726de3d870a7e0062f5af16336cec,5,98.11207238608775
a66f552004de41efbb79d479b0c16785,5,98.1081042819388
5f2442f8e6f925da9bf5b48df680338e,14,94.24968725146489
d02354e04aaf6aa5a6526f79ea22d75e,5,99.01952800898624
778add15d4a534cd917d6a25159ee926,5,98.74696502191988
03e082a74a5bfe72df1fb1aa6eed14f5,0,93.36211152661178
f6224ae34d22b75f7156634fa5fc4fd9,5,98.89296354617572
0a087e9515c438c37d59baf2c26a597d,11,99.98789804030021
a5331e8cee4a4063c0ad5cb9a13012a6,5,99.12298639241051
f17ddf3444731b3403d80fed741e90f5,15,98.3579571221171
6a3ec8acfc830f02e351eca47eec2e9a,5,99.04037944284704
5f685644d1bd38bf1f6a8b3610b0e9a9,5,96.63348708709213
854b4399b735fa8c1248b60155b0a846,2,98.43840200309376
ad89f0b0f073202fc98199c7e1c61bd0,9,97.85920227796335
d28dec366c6c1716b5a5361f61da3f15,5,99.07858469704995
540d71832489fd0940a54396a15ce1e4,5,93.29799775685935
8e55ef6e90f9f4d34e53e1e5810a98fb,7,97.4095960440638
d0746e2c7055d416d035fac838f4b693,5,97.54280337525546
54927c1e264f129e57cb0389a9147bdd,18,99.96090425640554
d3824ac554ff22ae7dd8901910f7ea7a,11,97.4022348048467
28af6756b460cc12c8afd98e1476de95,2,99.49063431029859
6ccee377218a2762dfb3452a764186fc,8,98.99837177983291
8fe37ac441cc7047125ec5b7c7597934,0,99.20248001877528
040b42c19650df10395763c94ac54937,0,98.99024502801569
82481f49c69581a9ba30351b4e257836,2,99.87211159094781
949fc0fef5f9990a238352aaf8abe0ce,7,99.5666014191961
acfb3f2faf6ccc9a67be55d60d32e571,15,94.73661638571558
39d4e0ae435c7a1f1404cabd595f7257,8,98.09926763106762
62b579120a15d447b6d5dc6449409f93,5,99.66249978895226
88efe9a6fa1d01f349ea716d4c2e48e6,5,94.13999421614349
877572224c6bceb125e6fc21148a05fe,8,99.21843980640975
2350aa233998af7290a9eac5cd1e6d27,9,99.09397119013221
768b40b83363e938a1e576bf964d0226,7,98.64997420826006
cc73f4eb0caf6b48c6fef57019687540,9,99.81678103937179
e2fdb5c4564f7f2e2e2d731437d7010e,18,99.07734351200419
c1ac3a5988b0cda9780dd741dd7e9aad,3,99.93503896807553
a88ad21bf74e1ec5a9170ec9bcabbb6d,5,96.6074274116962
b1ec9c0794e04811318816c6a7e47958,0,93.27869503988079
d9fdf74b86f1ba3b56daae1307b2ef01,18,99.81487971866949
2b87efbd440f9a9052b77da8b06169ec,13,96.51217389894181
b605578eb37a7b0e3c096ba5b09bfc60,0,99.06557709135373
dd11d3550899fa5269c4dfbf51691e45,11,99.87659506762597
c251960655e4c5bdd6bd820a3b17f759,0,95.41000615852536
c16963f7ad994c35f5f87541a53f1ee0,18,99.16279747044433
e2ac262d1ab0a3139dedf6734b75411a,15,95.7656482361199
7bdf832a71f7f7ceb046888f8eb5ef0e,14,97.69400506214512
ff19a259c59b814d12ccd2dd026cd630,11,99.2631028410849
bbd4197bc49b3a568bb0fb95c4e77f76,5,97.87306674812902
d7d28770ed1023bbaa5a1f5c352e2ac0,15,97.45804302233825
b9077bb8ecb5f73b6bd90f430c5aae7a,5,94.47825885460567
fb53ceea66de395d4b2cab8e97abe760,11,99.43866138842291
4e31a6f10fd7b863a40ba8d54c5278f4,0,97.95697442935364
a77081bea3b9379ecd2c7c491bd73bd6,15,99.71249487333563
dd00280f9268d9e06a1889e5bde312d3,14,99.18693070325027
535f2814eb71652827394c0568630ddf,9,93.39841524455468
571446597d04e94aac243ec49fad9036,15,97.87209042540539
848752d5a689d105a3fd078316fb812f,5,98.49490112958145
b187a7b916655acf283f96d0ac14ed6a,18,99.77116095691872
ec51371e7e4eaa40687713e34e6b9e78,7,98.82473034220942
e8827b6c61563d9f62a31f5f8bb5e989,10,98.94978833084012
0286544188bafd1d11c475e9115008b2,5,98.94405640552804
6718b362be909a9d0203c75895ac1822,2,99.78215258993696
43e8a7132278176ff51a9d6bb69f7e04,5,99.56930739681383
1a1739b1c8007e9280d1909835976b92,7,99.51201590048917
7ad8b9327af93489c26f2e61709d0660,5,98.58843491031034
3968eab99652977afbb6b42c21eb416d,11,97.53012065393402
619169a405f61d77a1c49c038de7f419,2,99.73379238731957
290b9b282d62f6d4af2877c83f3c225f,8,98.55748271242439
0754d134d4a94327705c1dc87410c6fa,14,99.08454386071843
ac4229b3d577ad4ed14ab8d53743892e,0,99.93721476305879
b63dcb5f199035f11e1829c3b7198623,14,99.87618700918627
fc08944ed11bc8d2f9cfabefc0aec494,9,95.6444553907773
fc63ef806bd6899d08c5b85fa2678943,5,99.80933725910926
a6b8c306a9428e5d6fb5b0b19cae964c,5,98.58482659847301
61f5300c56482c37c97c895dcc3b7f13,5,98.40564270189233
9dd91fc7ac7d3d5ff08d144ed90c8d0b,5,96.98924297581381
483b0891896e3c5d38ebbf1a47563093,15,99.60418830333069
40f83870e9f19b4e978aafbdcc34757b,5,97.7491721797156
524ff0d44413578b3a4f590a06fea42a,10,98.49889601862708
9beea5dde6a4efc6d736ede9c6d9895e,15,98.19156734981432
090257afa7b64fe48670dcc96a5dabb5,8,98.81219287291293
c5458b032e21eb808153a11d4673f1d3,3,98.86922849258978
61ea83f6bb3a5a3ab593dc786f046f1f,8,94.86888220855397
f2f273bbecc4e7e5ecdb6ee06dd90009,5,98.48930805644325
a0fea759dd940f7baf6b80b785a1c58d,15,99.76526786188708
8badcbb9d6028838ffd8f230accb6134,10,95.86575428465987
7ea31e9995aa802664dc0cc13a98e1ce,1,99.8870167607316
3fad2dcee97ab9964e9d99da92cc753b,8,97.69710057215804
03618a9571c6830c153cd7cb90c8266f,2,98.49317933163668
bc81c7bfa745f6335f3e16aa76c00102,11,97.07744822595228
73b61e71483c771dcfd22932ee0de917,14,99.00036599045119
c87c3f7b33e229067431bb7be7d0d2af,13,99.30090858874097
7209aa079561a5ed570b32ce8d203258,18,99.9083036635501
8015d9a273ef22e1083c774bc5c575c8,3,99.26105863830877
338aaf23b44ddca647a0b85f56394996,0,99.434858731614
ec4ccacd3ee3b513c504ea02a2b260c5,0,99.65162341497107
86902e067f8045dea5a00dc32af42d25,15,99.75293450475405
68ea13335f971c3d7e7a4ca79571b315,5,99.75021706429834
0145781fd8308c5b4adb0771469d6da2,5,99.96237633768413
093afee95ca6dc9d7abe467233d840f3,6,98.64616613273482
979fc3c7fdd24d7eb62351095cb43060,6,96.15930886877165
207be0633b13ce8b6709028aabd0e5d4,13,99.48105811976501
1dcef8a47323f0429e5c3b2e63cb69d2,9,98.29637361152905
6a65c5d2a220a1fbf007fb0ed6322213,1,99.98034311914897
eba6991d4afc8985412b24a76ed19e81,5,98.51759323383612
8cb662c649398bdaa878882c4d6d0858,15,98.554047638475
16892bb4e8e92cab23689d400714e1f6,2,99.36161443785582
9996fea5eb9f9800b3970476a958a2d4,5,98.0532956248421
90bd88e48cfe0e7651164d79a8ee66be,1,99.38546311858956
dac7d82bd6cbbc1c26fe6ff4747385c5,9,98.76095883833118
e9866ea456b9087e4ca134816877947c,5,98.01383628726984
1e78dbd894355b0dd9c48e5c77b0a522,5,99.43779407038242
d6e89f66c4abf078ddcf7ea22df337fb,13,93.39279799379297
6db4c36054e322c416997e40d4cad564,13,98.85355982901541
f3daa56b9e5961e5e0847355e2586796,18,96.24657978690696
98c83613cb34d9a476449873309e9544,2,99.8840250390958
e21c76c99e0803842d5415e2d2f9320b,0,99.29090201592354
f7d0037c1881d7f8f92d834831f0acd7,15,99.69184659509976
a0cde60311a72edc592d181a96152d18,8,99.98192332359275
b5591c7b4c07d5ce36800135ed3705c6,0,99.14816779488213
2c2e74fc96e3d320c17054ad3999dbb5,0,99.13132954986258
59b7c35301be9b4c00ceaafc433d9032,2,99.72186233613627
db096d3404465e0e6d1eb2052a411682,5,98.9308271491428
bf76b2f2b57dd46a69e2b041cbc2bdbe,8,96.0051167864053
4bc06aa800ee2328158aebc0bdc4954a,10,99.87978774120879
32c41c39cc4ca78de76335460b037cbc,5,98.29399917820612
e094ce25a479459ed29f8bf148190c0a,5,98.73053175147467
00a745fd5193beaba58e111af4ca14db,11,99.46908402773235
dc5c82e8ef756769998f1201fac7a545,5,96.16223473090204
f8ff424d2aad272a162158b6c4a1ffc1,11,99.15244801830642
83114121568998da7e491db4bd20b4a3,2,95.59227590229784
487bfee3648b18c859ef2877646141a1,3,98.03355418900388
932cf645ae21abfcd07297db68d9ee25,10,98.3230811276082
e6959f3006aff691e54c5b970733b648,8,98.7574128270995
8388889c871ea3b3a2e523ac92e71d25,3,99.77714099722331
eb68cd43dc68cc85a48efee4125ab20e,0,98.62266272644317
65b342caaba4a5059369f9972312ca5f,6,98.3071475504083
6abdab7389d41067a81a3459479e72ca,13,99.36360936174815
ef041d6cac780685771e3efec103ff47,15,99.94250304737037
00ee22a0277337abcaa835eeb2bf9b0e,5,99.21791004709902
e230dd803b39ceba0ac3f5494bf63ca9,7,99.65501663514165
b05fcb3ff494c6cb332bc9c42120b31f,9,99.56101466778509
8fbc6d693666c25c07b34ad2c63ce6fd,5,98.54950653055468
5603616cebe57c2fdb222b0701a441c7,10,98.66863158729194
d04a4c7da94424abab108ac42d45cc28,6,99.87583100441356
51b03841825719f7d4abe1f94445b880,15,99.88034607035947
1826ebcdbe9fa9b0d9575838708f1c79,5,98.94769403881432
e4c7a4469b8deaa26eafcc965bbcfc62,15,97.26308550294632
aad6be2e43205fd07b567014c508f486,2,96.73848969173734
279893d7b1c82ad0ae1b8994da92fae7,0,95.83588814542387
8ecf24e6cfa3fedf9d72484979534788,11,97.01477824071438
29390c77c56f3d61c226e05e202aafd7,0,98.96686512410153
7b28cfc081240b1ccb09208f57a7f73b,0,94.50017478455032
e9b91441deeda9f0190d5e81b2db6e19,8,99.47952321598753
1809aacde21f5664bd273a166480a254,5,99.01914305588825
a0693099ac5ee588001a18697e971f6f,5,98.35276198846235
0be3781de88b188a7aca086c1ebeae7d,14,99.14881733607918
37f8e1f1065ede11f2324634c45e74a5,5,94.53097339106687
670a51f94e1e5d74b55bbac392ede591,5,99.44687542024448
b9beead24ebb3755150a9f6857064ba6,1,98.69395102139617
7f60b99b3bda5e3168e4ffdc01511e79,9,99.15713247816905
2c061d1e3541fb90d6e594210e88a2b2,0,96.86050963564041
319ad035cbc67f10d0c77c7b7a6efcf2,9,97.64240440817557
f553139759a92103399a75ba2c450e31,5,97.53200399456284
8f238f5a6b1ed89cc280bef15a46043d,11,99.66326648591199
4202105255a044e320609f7bc920bb1c,7,95.8441179069976
cdde879abaa5dfc5e567946d1bfa70c3,8,99.36523341278681
ff57b84c0f4b38f673895839a2754ee4,5,99.06259081415472
2145d7ce4c0637639d8ebad1d6d25e87,5,99.07501219080547
dce35c4c57e6f55ed60d2eff6c614d8b,8,96.95992314582531
b5718595b96ffb5b27bc8f24eed53b05,8,99.23753385270288
984b22c7cbe5aac41b01b2a826336805,5,96.33499937584308
7ab25b5f6a1d36378866e6245b7a3081,7,99.67788015231736
80db6ea458c7110f8f7be95dcce3e915,3,99.92274843474742
ab7f8fcaf59bcbaa2675e29749c273bd,10,99.2446031015978
84cc195e474f4ff19be1d7f9a147f1b6,10,99.79599484864094
d6335c2f0a31ad56c27e7f501cc17d81,5,99.38933317331158
4ed2c683e7e15d71ed5b40b95ee4176f,2,97.258430172327
321bb197a4645b4554fe7f8b190fee79,11,95.13938005837689
9ef00e87e595b03d313704d66b13a10a,0,98.68073871396153
a80bf0acf23b324b680cf204a62e10be,5,97.15969422868993
7615a8dea883d2a29d329f330329f096,8,96.27412025088802
f9aa037b8bfbb90e3583c280b298f2fb,2,98.92629690249643
ab68871c222ac6e224a405a81811ae86,13,96.93060762161217
20e8513eed50daa4d7bc92e48c9a8c38,5,99.03627596229028
c2de4939109bb4b4d38ee158a9d1441b,13,99.73458328204785
81655546f0fd86bb2e21103d54c396c2,15,99.39618621975771
81ea715f12693dd2d556f8151d8048e3,18,98.95795940130051
41ab6a64f24bbd14a0015881a56d3e55,3,99.35923166638881
2f05c94b15a8f7a9c61868f039f97e38,10,99.2270379086411
2c451fc56c0eed8755868241fa11cd83,8,98.2350011254311
dfa83b5048034986dfee7f14406a5b17,5,99.54438089871412
d96d55017447bdbdcd3ee67c62d077e7,13,98.53731441338647
a283ff25e6f52877139cd0330bb62513,5,99.63910119832936
140ba3300f7c05f96e23fd85d49009ec,9,99.53371907684735
75af42e86d8ad5f5d4904143cd1cf2ca,2,98.45396791740984
91e6295d4d796893b0cbfb6ffbaeb6a8,5,99.35103332161667
6ad530261058300d387b4cc1437b9f5d,5,98.14821820705754
96589414849c2787412eda77a5448d9d,15,99.24459997187502
1407746853e6e8dfae5330a7590a3c62,15,99.87076735246792
8c26f86a44bf82f7164303170cf42ba6,6,99.99424953701524
05505225871eb051f33736fe277a51e1,8,99.92236300236227
491fdce2cd9934fdda75e81d73bc9087,5,97.82810556004165
3635b159237e41b1cb8832e1d84c8405,5,99.95981329558063
6c03edb373e02fb345d80f57a5b3f92e,5,99.88949313109549
66eafb2fe3adf113e485695639bc9030,1,98.98519025342655
c8470c41850b8d7b19c6b60706f865b2,13,99.84236804414762
65c38c02f0a4eb1b5becf30b97b466a5,3,99.11289137180232
b40b46ff85ea839b270b286525d769ec,2,99.8817082076699
695c12fed50153f331c6065490ab38c1,8,98.03220500863635
95e582707f54e0911726e474eb9b7305,5,95.9023017240525
1ffedd4402850067ca576420348bc004,8,96.24266962305819
d8c1c33248ed1e8f1f354dc0132103ec,10,99.48586749527344
da135758805e863285e7e971faecc924,15,98.94504304905186
0b4ba3ec7f216cd0a29b9af67d24253f,18,98.72585076348147
62eec29859cb63773747fb6c4da11a5f,6,99.21401238061073
982f3b193a9fa31b54aae68396d06776,5,98.88727900747666
2e54b037f9aafa2ae32fde1acfba825f,5,97.21375750110573
4e26cb23829dc91920451b538673f6d2,5,95.19931496003069
c391007caf393af45ef9b52fa0cce763,8,99.37925429027536
08351e53c6542c7a519657afd072c062,5,99.82738108888752
64e2116269dd64fb342969854f1aa3e2,7,96.96625521604939
81353a66cdf62675305ce13e4d851eee,18,99.59322071896102
9ad8277d531ad96b57dec4f72daed175,1,99.10215792415892
86c8e3993b44247160dea7dce9d2568d,5,99.07335664645528
6f59d1f94d077f8ab45e6ef601b7328a,10,99.9098615376784
802cc92598352d37bf4464948cd495fd,15,99.36064843227564
e1c29c55b5569764568eb4fab3551d38,5,95.42033361116383
6ca950c754f0e9cb64d56a626f097b54,15,97.49667094416698
893a6e1cf0f6f101c9f57ce24b8199a2,10,99.49110671819498
a547b95a7ef2d2a0764366ea91e7289b,1,99.34326109358221
5598d1942abec299ca33ec1957df516a,5,98.73214351454612
4ea30c9451a48592a64fd25fdccc8d96,13,99.17410540487187
88e7e0ad72c2d1e9740f1e0a28cb76ed,5,99.81032635208413
b618b8582e7994ce2eeb7735c4ebadd0,6,98.90413028319642
9d38dacaf4ab656e4b0de73d280bd3dc,2,98.12624318235933
8c89d451cd4318ab43420db6d818d1e6,18,99.53192662466134
367c170a03703952927326a484ebe68a,2,99.06746108201094
4b10cb05e08be68eead762d68ceb53ec,5,98.17416963699048
5053cab8d3d47cf75246fc22bb7ff642,0,99.65840784187206
ee56ed316cde6d89bef60abdd4999911,5,99.11306066160323
688c40327395b1e143b31376ae70fb3b,5,98.32205274729887
1a16b843e92fd1bd4255d22077afc97c,9,99.90590126848157
352822f197d3eb721da2831a2b01f5fc,18,98.1199911253113
3caed591b445bbff0f2da24cc61888bd,11,99.76949505588172
9e3036f9c26fedcc6352ba86c1ab7f15,5,99.35904115199267
4d701ba72e80699d771f1f8ac915fb39,5,95.60048652920355
dc9e75b09a04c54691ceac316b2cb7e5,1,93.50447409647224
46b576f1ea9ef4f99e6874474ed939f8,8,98.74982743249912
c4f98a3a18b76612cce720ce28829949,5,96.20085853159587
5ebac51dd4bfe43b9ebc7b6e93eca730,6,98.63107290813494
7ba80728ec8e559967c9992416fc278c,8,99.03407658213601
0620a8f845184c22006285cb407bad06,18,97.39036110616641
966cc17dfb04a9242e2eac8dea99edf8,5,97.80002239334706
b93e4ad5162c8a6065b94f90b83c89d3,3,98.62754158918356
882db7db789a702654ea0931639ac5af,2,99.02005558275788
e001ee7b12ddcb7f2bf6a99303e7ed13,5,99.41873719596042
80484cd8225627da34238924511c33f8,14,99.58164864969288
b4679d14d550fa4676ded06cb8be09b4,13,99.60596217153193
7f72dbf1b2336f5173305daabb6669c2,5,98.62030322269553
c1475ab3135ea5ea80e0de85fa079dd7,5,99.23066942701988
31bb7c26a7858a4fde4fc18af1de33f7,5,98.06610136137294
d8f4d1b2f7ee342f6eeaac74643c1dad,13,98.99729521822044
5ffd5caf3d1106252485874e53f81d8c,6,98.7188473587913
5e5acc52872995aafc9f421c210aca17,18,97.19342667984446
e0bc7b35c855851a337a4e55a5daf2d3,3,98.18736998530431
1d85ae1a9b4c8a8541c72693560cc58e,1,98.91018274377947
b5790d1dab5469cbadfe0ff3bbc41ee3,10,97.8530538007814
df3082c331e38dd75a39a595cbe1795e,10,98.4150453118454
40e4860cdea3e50b3475ab45e75decec,15,99.37777973341005
ecaf531d0e16778cc89054a6dc04d780,8,99.34439968953215
ddd9fad42230be6f52edf59c80cd758a,6,99.69457103439349
c71d25c77d597b6d0d200fde0616157e,6,99.80429233108812
c112e915b2a8196956a0fef41a0670a3,3,98.17420227226404
d911c91a35ef015a03bde45ada716e29,5,99.79851206176747
f3b210cb6038e49e22602ff7ae56bce6,7,95.50280561461256
016a79ca8e3de4f5a7f694eda8a50c41,5,99.56271827419553
a51213b5cdeb8d686fd203e5b31b3f7c,11,98.93209989783394
7f4116b26fbee3599d5711539ef787f2,6,99.37688950857162
f4034d690c24a353309a09d68bc5e269,2,99.48641842604461
c44013d021a0c8d6bad7276b3eddf823,15,98.82292068202226
335b27c09a71748015396455c7895118,15,98.52805490576263
142233a66f92354b8b26a96df6d18c1e,2,99.64639708478848
853c3bcb884131dd88e748c732c61610,0,98.14965246465081
bdc05cbdc8afaf35e9edd3aed68e0452,15,99.95965858190598
18bf1bc52736ce76a646ebc90656f31b,5,99.63888884286251
6fc4c1ef380b0398b807d58284558f27,11,99.06129128416063
aa8992c6db241cdab22e2cbd6bc46f85,10,98.70561272055215
2c085be9b64e42f811b2746bb590a0c9,5,99.92192983386188
eeb4d6058d9947e1226d854dbddd23be,0,96.74138024251297
33b353df75f839d1a3d0d3dbd033b96b,11,98.60857123635796
2f25906dc0d7075a14857f563649f2e8,7,99.68007038192893
d169ecbdcbc0f2d35f84d2054597fdd7,10,98.40816684689703
d0c46efd9e476d18eb55fad2f4d701c9,7,99.35906322506526
8487369269f880b0fe6a7d73e98928a7,11,97.82228730652196
0b8a09d14a7b983aee332b22d0b4b050,13,99.30564828348021
8016c669324a6b5661e65ccf7aa2698b,18,99.97910420137305
d56b6d0245f10a0b10277871676cea37,15,98.15306691923293
35374db39d993a584ea4d70c4ff22a49,2,95.8602666189112
894d50940743586e700caa741fdece31,0,99.49539975573312
e751d5d0dddb3d4e968a1dbddeab71df,11,98.9474814330801
10e823d5699b834e2ed8da36e7b94a31,13,98.56721173867219
806e2df4700032ca1b727c385a917a72,5,99.92711055153418
75a3c24a7777860798fa17e1405c6f06,2,98.65592292401966
f4a3ce7d3a34fe49274b1136b5001440,5,98.1365833717202
2dd38054789d05b441aed1d27f9fa403,15,98.25987197199456
e8122406cbf3d2a8674788f81f303dda,8,98.25590575950464
436dc5bbe4fd1bce8cb831ef8c80ddb5,10,99.60042456952525
c70c06e3e449c159dc7d8bea74ade2d2,8,97.80519279200286
1e1c419439170f687144687785ba5dd4,1,96.27940572226387
87149bf2532fec90a543365629c5c061,5,97.91498596968201
b167cf22faa4e0c20b9a30ebce40806f,10,99.04091491303014
ac48b5e491a5f410fae09d9d1ab386c6,11,98.6169765112056
3d042355ccf559ba4bcd7e7d6a017952,18,97.6282743617042
054898d93b9201317e07cea7e07d6397,2,99.86331050446064
1e80e038eebb1a2bfa400f7b5bf1f0c4,15,96.84290365788728
04972ab6cac11afd467f82f0254a585e,5,99.77189435375487
e5f925744a275b106290f6ed2198afd0,13,98.08847300094548
810afd4970b072b29bdc7e52ee511e9f,7,97.02748443179999
2a17c6991bc7e3bce446bfc409e650b1,7,98.91039015517453
7621dbe441770418a0b7949d1d2cf92c,5,99.03714890300216
dac946bd57062511dad3cb27bd824f7d,1,99.86491761772145
5156b05021201da56243c12790b7190c,5,99.77740813877858
584b2d03b82f13ce90ba758257d11ba2,3,99.4164512377048
49ef1bd74c79d7427b96a2b369682afe,7,96.07362711547124
b8e640c6d42d87f6ce91fe1c659bf5a0,15,99.74910544001582
ef16e68fcd38fa12201a09a88572a8ab,15,98.16896398375806
f6f67afdb01bfbbe1ba46b95ee625066,5,98.67681821280117
83e0c6073af783dc879787f09c8052f5,1,99.10158667625917
88fdae29239acf741f8a3ac2a1516eb9,13,96.67191055971347
9289feacbbdea51b6399c250042aeda2,5,98.87581114192365
267749725954ef6f3235e92a84d6dfe8,8,99.86551247025584
b91a1a1fca06d43ca9fbf319a485f9e7,15,95.97853139953472
78af48179676d3a854a452257fca9409,3,99.49063789712164
41f8177ce200a4b09d92f7a6fe175c81,5,98.16404323310721
727abf101903e4acec917042c13d680c,2,99.93665083781065
a82ecf8db2f4fe38eed346274799fa88,5,98.6728243266974
5f342ca2a161ed7d22d50225ac6a4388,3,99.92652725513457
61a2bd3ed272ef4287c0098d20222a97,9,99.69951599840385
d4ae4e35d7eb94b5a1ec863f6962700d,0,96.46616466339337
6ce4ac78fe49cd4af7f9a70dfdb79a56,5,99.13703579941863
95634612591e1d7561de6159d049be26,5,97.53447603302985
a8834cd87631ac36385210b7b23adcec,5,99.11468475609938
44979930f812798e0cf51e8b8c0a1f6f,18,96.19706840751127
819b6a97b5a0c91d05ddbb9f99d7482f,5,96.90421079117834
2d59cd000f4cf07b6130b74f500d62eb,0,99.46004037104903
32d00710d0646805d8d9baf68cf03666,8,98.60922078112151
1b7cafe64c49644aab8a96d38ded5760,5,99.58447062748695
968114aace22ddc82dba825a89f33ec7,13,99.16547357606399
80f5a6259c85550bac44293c862ac99b,0,99.67871243377223
64bb2cc5f59059467472cebf661fe937,3,99.35616479406158
9efe64f12dd9f0e24cdc971bdaca0496,5,97.30267071293338
465fbc981ea458a389e132c8a3c4089f,1,99.63120430012648
3b6cd9b545cfdaee7c3dbc1bd99ef23c,5,92.81167363907102
6dd5b5a7973912b61afe014401aa73ab,15,97.03210037441036
3dbd532286cd4b90cf703b5fa61ae1cf,15,94.85156786527837
0ad7d26a3d8882fa7cc5ee4d80c21082,3,99.7809165221748
018aabd384966a4060f0dca5a840437a,11,99.99500483385786
8d1e83e84edac61393bbe1fc6cc67842,13,98.68416058372401
856080e39a1781e6959d44a2da4edb2b,14,98.34519805334003
57ca2c945209ad445094f87b761c4eb8,2,97.3176383584919
abd26385eb622f4afc41cd293ece0e04,5,96.55282092539572
dd2dc0a6a601a3d2c4ebeac576259e07,8,99.29002477392217
fddc94239b3fd7c253bead4f0710fefd,5,99.77927729306543
fa11ace5d20509c3a618df0d5c0c7ba5,14,98.83511301003766
7960a40ff55a06bf712ed1560e9bb62b,3,99.76452100957556
7e358f7cb6505c21a2c384d6f99036ac,6,97.97261777889115
fa9339c129c6a384e75c8d49bab3bddc,5,98.47174362901409
1ccf5a80f2b7c8b86b053e89783b5acc,5,98.89520028007742
ff438594f181b703654a84984893c338,6,98.36313413716456
6f8c77e06ae36a8493a2a5760752d5b4,15,99.69511669723985
4dbdd37538efd38fddddc991fec52f8b,5,98.527323562744
8209c508a2753611c72f2b8dc306b2ba,14,97.65141783432657
69158ff77647dea6bc30c5f72de5ed1e,10,99.80356453223227
cc135f28d64750b80fab92cb49411d85,11,99.67483935530278
ac76117b7922a49e58213796eba1e52f,3,97.57526311457002
08ceb15be8f716c3c8908867cf00fb7b,7,98.73631878958241
ce85d45e3c88be7eea7311a2cf75fd50,3,99.22956054606837
6cb8b59674e853f9e6224b5674420f90,8,99.41741611722605
001aa5a946b4934f943f15d05f0b5d83,0,99.98714879113459
f5da7ea5fed99bfaab08fa647a12afa5,8,95.33376199773015
05a797e67c4eb2263ceaeedcc729e427,15,96.8295085669206
180cb3bf32522d711c70e4273a6c63cc,3,96.06924264346381
a1611b003254cd81f12db75ed490834a,18,99.99874749746107
58d9e166e068fcde4bf7f5a0db21c1d6,5,94.7106096603217
099b953400add55186e443828e99715b,5,99.98287734010613
5e7dd3c8908eb22090f8606caa652caa,5,97.53077528712471
2c0255ca4a62e7a051ee61724a7b62b5,13,99.39474890578944
14a51e30bbb9f8e3223da7a89470a4b2,14,99.5304367026754
e0b020ca71cc3a374589a4f786cc876c,8,98.85701668082457
33d12d880b6ee7584706916a2b8da776,5,99.25222922164699
8f4c522b8720fb94df114b3a206c74ef,5,93.03651383717126
a9f2f545ab7a78ba6769ced05fc409a3,0,97.82404155369315
54cdb07afb81f89ed8a1744462a8d145,5,98.3362734035884
922197032ea009f409589df3a856508b,9,99.8936730910838
ba37b776b0dd2e998b3be376a5d59df0,0,98.67092911875348
16d03c029b712931395d4db7781fdeeb,7,97.88564304688484
e73692e873ff6587de6ba397eac2fbfa,18,98.18392919955835
2be7bd852cdfa7bc077f1c6309a89b5f,1,98.39870594715953
98c55a57fcc73936066cb1fe81be91bd,6,98.48944115289032
c5248d0ec2edabc06648a0b3be26de74,3,99.11131886889282
ffdec5bdaced99252988a5018441c0c5,0,99.77045117641121
b45a4e1234a64ebf82bf4508eeb04cb8,5,99.78639273417113
33871f7dad4a4239b308fd343763af54,13,98.22226414343669
4d74de55b19329008cde5d88124eb28b,1,99.36955702100171
acf5c36be88ba58635268320a3bf5f91,0,99.0721753898871
fa7e2c5617a226a24a2c2799ebc1b627,7,99.02963331479269
335d5e49fb6ed058efad3e45756cb2a6,5,99.95281734856755
c49b1f0589399ebda4dd698a7db21ed6,5,96.55115238175271
77e12f34f575ab4ce4b185f2ab5673bf,3,99.75863370013549
083943c6d700ad37ffe0b2a6d415bb79,18,97.01170631043819
673501d2e14ddd09477fe19acfaceb71,2,99.12913986095586
18045ec7cf030e319601a4e25a5de968,6,99.15121856566358
4dd85f910723c7a13fd411ade3704bfa,6,97.6903187120784
9aa3faad39348133af9c7ea4eea84f00,8,99.81567638009219
45ba0fd09b1aaeee3b5aad353f4b8773,5,98.74610031806125
be2889b3eb1e68340ee887367ff7404d,14,91.02962842793576
600fbdb1518765b6c725d6bd9e42ec65,5,99.80805550590527
0fcbdd9a4e2bfd7998636645d1674c37,5,99.14140905074447
58015c26db3ce5c8f4c754b086dd65f8,18,97.4702554947367
dc4d09d23974b0b008f9ea8514f1d3bb,7,96.76285992416705
6b4d0defb483744b1bf302d307c0d949,7,97.51716228196551
153006923b8e2333113a8eefff337764,9,99.1263426116187
074cb5fa40ddd43947493652d074382d,14,98.6589405690869
e6fbca557169be4427cfcfce5236f2ec,18,99.58938021606578
bc9c558ad9eb6c71b4b187d0e93c8116,18,99.44628565451876
191eed68aac33db853c135d04e477c4f,8,99.23103582246523
86297148bff7415c0418f48334d1fd1e,0,97.30408961244092
66e447ba25a9b5d38dffad76dd24dc60,8,99.79288647254674
9fe014a198c49531d26ccb990d56a0c6,3,99.53132326868476
ccc54539ea427344f14a612495e42d0a,5,99.30641719040727
218e48a5d3f90bba416ad1eafb81b471,18,99.16169924054448
db974e0e990d4d71cd6477d4b0837dc3,2,98.69190794840696
9f1370bb7f6b5322c8b77c311617dfa8,15,99.53585377700256
9477b2e4165d631b418909695e40ed1d,18,99.90293539627294
ba24e1dea74773778dd94a09eb5ffc82,11,94.42940344607035
9daf1b6f0eed181a67f5036d9c3f0205,7,98.44378697810293
5c4607c5d19f0931cd0202118487b27b,5,99.2429976930863
c0f454e15524f75476373353e29d0a1d,5,99.56624188800264
640200306e5fdacf3e251e2625d2fb63,5,95.4256702622501
0733c80ffebd523cf5686cb1ed741e2f,3,99.43887714866108
5f8e3b2587e0f334f7faebffe624c2fd,15,99.87465195951928
85869c2c9eae0a2b62b39c896383446c,2,98.67242347472393
100419ae7bdade919830b3f041484c8b,18,99.21585934132523
93c96aea9553e67f520e73a611731fb7,3,99.82607381050525
fb08e7ceab6f8a38860da3baea815838,18,99.76103244578636
18d6fa042d97f9e39d8c50ae9cf9e031,10,98.55165836984833
cbfe3509f15bf0ad239066834d9edee8,2,99.25616507265774
a18e9a46f79cf594e44b652323b220d2,18,98.88534943059109
998784bef38246d7ea3ec7996447afb8,5,99.0814525054456
44ba4377a7b854c7a019d34dc3c39ad1,18,98.01843475889359
0338271f61c2c8a9a07cfadd1e0399aa,5,99.4895891281256
d75ed1c627b38c4720518a3cfb5fd427,10,98.58603865620823
24e561ea31abd710f90f4225b26bd0a2,5,98.12982693475192
15813704b13747293d5a551cb4478cdd,5,99.80290855652368
7544fe8ccdc7663ffa5cb721fce3c42c,0,95.46185764154859
40e41106c3f7229f7f5bc0c2b016a2cc,5,97.60361215460705
ede6cf85cf27580c972c4dee8b0d4132,6,98.6626265397569
4a288775784ef9e0614400933b455ebc,18,97.5623905567645
9705373823e04b8f79528522e87c7e27,8,98.23082666249074
00400b58d65200947b5bbeeb1a899203,18,98.1575820558152
4c5d1d68b4f94b17970434fea40620ca,7,99.35493469610326
3f2bd95d2d8bde20f1e41e937df01d29,15,99.34406294115404
820a5e90f4543aa58ae42c314b36396b,3,99.11921962073231
df60276aa768af98a077c0973ea6c4a1,13,99.00944887354571
df880f856d16246f0e659cd8b0102780,1,98.85671261179975
46de5a45a6e1fff302a250cfdec2f00f,0,99.57095219617095
38900c9671142b6d40b7006d43f0a9db,3,99.8806729003475
7e6c3696b9fd6f6195c00a3cb650b2d5,10,99.90844934329849
3f72f1e2713956bdb4255900d316090e,10,97.16255702668282
7702c32124373b1080f8277ba9b26821,5,98.18421027318091
e7df4f5bd6bdad3f0d766ff2a15ff5be,9,95.87880896698277
733fe8ccfd2fb22ba2bee7d14003de98,5,98.25865797951775
30548e9856a1bef7e269829184e5128c,6,98.99745120994393
3bbee81dc297922cecbf8c9c419309d4,14,99.75931861559178
6623220b54ed6a0469981ae667d98c11,8,99.12100922678121
3785b7d411c4daadd90794d45d7fd9d6,15,98.18515224261441
f1849dcd9d1dfd330a2f61805844806a,5,96.17138382515276
a65acd7cf93d3164868250c76d5278ac,2,96.81974378393602
3c1ee58dabe22e677c0267786d8b32a7,0,97.17729003657328
2f614503c524128013291f07dee9b419,6,99.546848367438
c0a84941506ddc2c66d1b268091bbc30,10,95.28949333546785
243c58ff74f7a2237046bdaeafed28e7,9,98.32207729856279
fcf79f2a75376bed169de5a78ed15921,2,98.5112247579284
12e30fe32419874c8c1d6f71ff5547d2,5,97.8575777576529
8a99125473529b4d22cf2638fa6265b8,5,99.94380208777297
f1e11340f14c2239ca9146f7a3c8be1a,2,96.80110334316176
1bd0507bbff858d4dee5c74ffe8f78fc,7,99.90879878544455
004f46b0214b520b148812128bd022f4,18,99.37654141774779
073d19db7d369f65c197a832da9e1b8b,5,98.7589074964112
68298548ff1f934efc7b5d1b79f44cf3,6,99.94939391400194
40c70cba04ec131628ae27c88247ceab,0,99.65687282349171
26ac573b828dc93847619f5125cf2a54,11,98.61550422503365
cafd4dcd8eef27c6ce898d936c7262ba,11,99.43131031072603
f1887f636e0b11647f4e09471532cab8,9,99.75361954475481
1e379de041ae9939bee2a500d1890715,18,96.32574353242381
bb4d0639de4457cb2f3fbc44e9997566,1,99.59131946457947
739ada9f31394fcf327418d8f280129e,10,99.26612386565034
e256c1e9016a23f39efcc5cc5e94e889,3,99.48030989967572
8c5656ee4949212a3e50799af4ca9ba9,6,98.4189521096519
3e91be83fac9267929f8b6931041e50a,11,98.97481089917183
afb77be499dce5eec852216747e58094,9,99.2890423826676
53f6878e17e14b9233973ba1cdb79cd8,11,92.99928212880327
aef4d6a264e2b473068d73a6122598a6,5,99.9457727528342
b9cb2bf969293eebca8e2a4ec7943eaa,5,98.33872881179457
50d422c431881cc7aa5a7b0d1cdaacbd,5,97.73495888184176
82a305729ab986488feb20d60c7d4efb,0,98.77082897884779
a157fde1f24a83be01b81f3e2df7c2e1,15,99.53724472285236
ea5cc431fdfbd02293dccc35fa988d11,13,99.90952336592036
949a2a71bb21057cf4c3c2bdafc5271a,5,99.70920258057646
4aee702d79719b5fc723fcc2f380da4e,9,99.90897455585934
dd418d660020022ebabc9c236a845ddf,7,99.74109474830718
d3a61c55114572779c805ec4616e6b9b,5,99.50702017012358
21b16187f74db521666c15586980ac8d,14,99.9034958776144
17744246ea9ac4cb89841bfb76f6bd66,5,95.14390740420077
535f253d526f20cbd86d6f7ec9a46c2b,8,98.65175717224574
639f0da1aaa88a94c5f9f2b92f940e78,11,99.780743204449
d60cb8b4974bc61f80e3973500642025,14,97.22382366646382
1dbcc09d53c675d8f45c8c4de1e20093,5,98.94812150468127
2e85946b39dd8416d417ebfdc83e5dc3,1,97.31346470889392
991666a43a22507980a8b40cd86585c5,13,99.17316655997632
f21821deac9a246d5fceefc87502b124,14,99.97824431481547
c82ec2fc3502bda279242cdf70d4e468,1,98.71134514801204
bc580aa756887f60746b49b2aa16af70,10,97.67188499826723
e5b5a1fd180167674e766620107f6d36,7,98.48009637445283
15046bf89a76e6eed2a079a148e027cf,7,96.38068304630438
c03eecbb5bff231f932c1776212e5c2a,5,99.38976085421004
cfac33b5f31c388f6f4293bcfac228a3,9,98.42674848911739
cf52b0ecb1aeb2dc0d761af5b708f2f5,15,96.08601310444007
8d780b51a59f479efb8260b3014cace8,0,99.84238435035076
e5a31a540d1c42e885629094f149cebb,5,99.06129813727085
d56e2ac2aecd302f9488a24ece9f06aa,14,96.64721724825978
9e73aab74c23e67ed2c68435c67255cf,8,97.47579504584996
471ed7500f91d4c3de36a0db869cff86,10,99.45759725577386
43059c59093943a47092cc8d06629d70,14,99.53661537365528
71f9879bd3709951fa684e9adae338b6,7,99.45887612744383
c1e297947ca9b04310ada623515edf66,14,99.8908633021105
e55d1c6d4087dc649557798305f2dab5,5,98.84939435435315
f4a8531376bea46ef4d6491b94ce31f2,15,97.88248699439973
42c396f393fd5296129e9f500acef3bd,15,97.63444154422115
8aa5061d1b3a576be88d8b560cf1a364,5,97.27163653407506
6c344b63ecb11743c3fa70d0f7342b27,1,97.97779655217832
635cea2b106d56aa5b8e268b5c6a632d,7,99.06816701286465
f58e4c23be1f46a7e95e56745f05756f,18,96.73592291924669
611e80f40fb7ad5d334e7b8c151c2187,15,98.89972380452403
f9a0719188ef277a7cb117147c30e2d9,8,99.59794334550527
7d0151e3642cec998ecfb19662051394,5,99.32899912289047
1f07fb7eb8d2c41a09af32980d9e7692,13,95.19725515132826
544724f42a5d221d9d02dc532d151e63,14,99.01304640362119
d482270aae74a4a53880bab7a9f5c19e,3,99.76403878084804
0a8768079bd70309645224af4d66e89c,13,97.93876741452414
04254d621b541809039b73dc0500002f,5,98.73147115312482
5d87081d8815213d2bb2fe7a4ec11cb1,1,95.59411950819569
22e8bd39ddd163787edaac465454101a,13,99.06487940630355
142cc1ef36b5591b86fcb4ce178c2b94,1,98.60231041945717
010db5e53bad4b226c1e15bb6ad4a0cb,5,98.51645672229148
76836a081fc8473b07e4dc09623d0b93,13,99.38725933671867
3e2b0b09dc536ca272cd45ee5b419a2b,5,97.35801875007614
0aa2de997129ef863f160d2ba7558ccd,5,99.85114491626726
16d38518bc0f445c06e28aa94a46e650,18,97.30422263804108
0fb67afcd1cea5a09868749d256306e0,8,99.16247910748011
651b4bd61bfb637a7c3b810fce5169b3,1,97.25902313331675
9deb268678fbc974f2fa052cf4a68e43,14,99.46970469303486
b5bdb056677fb7ad8d311bc00ab9c952,5,98.85048555581905
f0e0f341bb2851d015621ae0bb88a10f,5,95.52926409531447
42cb1c96e95525164717e9eb5c64e768,2,98.11395557524932
f217d5f04f0139011fd787445275285a,0,98.45601649585915
39fba8cdedb5a4a5f9251d17caecf52b,15,99.08249449847446
73115ac5e584c1c82b018acb5fafb42f,5,99.10060169081623
fa1417365b5009ce1a8176990b336c78,0,99.81566339120596
46be87bffae6406ce1852ea732736522,6,99.70006753593063
903d63295bbb240df846127d189b67b1,8,99.92357991955724
1d553a1c5cd13e49e29c3df450a1bd08,2,98.45817134488809
778bb0745687ed81eaf23d8342d1fbe7,2,98.4049419822883
d115ce8653a15ae25d41cc3a6082072e,5,97.97064912623222
00b6660d05b608dfcab729f2bfbe46b1,3,96.00989585563516
5707178c31c697a33d50e068df3ffa04,10,99.91582601065505
ba13206830ec6f82c3fb8b36cbd998dc,10,99.52807299900648
a54ca9773a3e188bfb0fdbb42e27062e,5,99.77332963612702
ffac993af6dfd28acc13c28b76d8b797,13,94.46125974551707
5748bb68e6a8c2ca27dcddf71c60b416,7,98.35652189792505
90bec72745d0ebe345135b3c1f29ac5d,18,99.96670535665613
229792fd04ddd116da50706a141d790c,15,99.00904601279515
2e831c7fae90fedf266cc43aaecdcd22,1,99.05889149342862
d7bead6000bab909eb5daf6de4fde247,3,98.51863296813067
1f8b4db50f7ca2cd388a542977aeb38c,18,99.52069423234168
bef8af3b4fd92db622f4807e1643069c,6,99.10325548043306
8522a4bfb760b6d6a89838262b0b8122,5,99.87699256627373
0afe9264fb7594b0559ebfe2121e0dbb,5,95.50523126766079
875fdb0730390c5b3c3cf2700631f209,6,98.65809176462511
769ebdd7275065b219ac7dcd4cb956de,7,98.69967758019435
90692c2cb8a4ff7d1d4375fdc7604239,5,98.29444364588791
9c9536f6964852a1b621bf1a3849a83f,5,91.31548656959907
85031cd0a3c081620b4bbf152d54c963,3,97.0383450910835
4a9ba848801e3f17082a0d091313224d,7,99.96131515734623
9afb37d7dfd3d82969e639905f59f4f2,11,99.73057122816599
1829667a42e36de72e3aa57887a6d61e,0,99.61923004290067
d029c780b124d0555787a144da4b80b6,14,98.16027072172368
69f1fa138ecc9c0135b59b819f32674c,5,98.27125022445999
e7e1a67e0f49b13b8cc3069ef5fe8b16,3,96.95887543301714
113d0740a199ce473f2d45c783acec8a,8,98.14534020777342
2cdb9fe64b883a05704293a6ed8dc752,13,97.18157370542717
bdfeae27d68fd605b9d9374e2c1c4102,14,99.43326628761342
fee144dc273165f893abbfb4a1517aff,8,99.0382328920524
e20ecbebc473fc12e6b54d2bc8a5913e,8,98.67027261053776
cea656e69caa25d78d19d66282d5f26e,5,97.61429660850655
e6dc75c21ee08aaf9f01cc51bc83121a,11,99.98860943239697
23fcc16f813e894e642b0365f2684e42,2,99.21197677082252
1d09c606298e4f897b0922930d3b0423,7,99.96093923825521
4f600aebcf929b9e2353edf17219b217,7,98.64919522263463
d0c5c35b98861e9a8a9e87eb7cf0c97f,3,99.51135334142425
0050782eb9eafe51d47a1d54e63961a5,5,99.30288913148532
06ffcff5c696a8aabf5bf8e8e4abc54e,9,96.1202822607633
deacca44cb4dd2914a4a89bc2471fba8,8,98.97095655310494
e67854657990aafa43c0cbe93d7a7497,5,96.7875165170471
ba9c97202a81a016356a351b57ff419f,13,98.24131497830368
6160b1e118348f45e979c3912d8f57a4,5,99.62792689023019
3b00f2757fa40bcac2fddf50161c0f7a,11,98.8881248482667
4e0d895b0cd75dbfebedccc59363f9aa,10,97.43964188776393
be992ec931305b03de53bea2e6d4043d,1,99.45301775814448
0423d647c3eb2129e3972ed38dd6d7ea,5,99.59609085890892
54036d8c46472dc00819d802b842eb37,15,99.5450487946232
9c97c7bd11aee36935a2a07514aa8578,5,97.07455365527568
af6f6dcfbad473f962ce3d8c40d89b47,2,97.27168633569566
050cdafc305dda55dfb6d4e497e74942,9,95.99720196237412
c5437c6c87ce8f10961d98bf578d7c21,5,96.61073974154569
f0bb316c6e391b467d0f87bb55ba71c5,1,96.50649116270802
53104ee47e7293a3601e216d9c8a74d0,10,97.39461147771091
0d70fd871cf3f4ee212d37b5275ad94b,1,98.4550955216134
87c3c454090d58f31ea71e68d079afaf,3,99.88080391163403
096022642c023061f9e4de1d71961d3f,5,99.6946713172935
e8d97c6fc2800fd15d543882fd64319b,14,98.85509418321111
29fdb9f1cf0e8f5b062cd999eb779ff1,11,96.54712331206778
7ebc120b03182bc13df2e6d62e5a4c26,15,95.12538937074078
760634ef59c8d7f1cb5590cc385966ec,10,98.05736983985608
35cb7e0279ec21e27b806f58b6b94891,5,98.752034631763
5af0297cc5272244def71834143b2822,13,95.51109414676176
7831930d881890f35965fb494bcc24ee,15,99.73506322958866
c8f26792dd97f78a4566953eb677013f,0,98.8649132549896
b49e62bac1ab428a741f714d4a8dab08,11,99.364840909323
68911841ce61f8241b10b3e366c2c65f,13,98.04280827458913
dbd20dbd2f43ec6e7ea4d2601a059255,7,99.89412601167109
bd192cbe35beb412534c0a3b3284c3dc,2,97.69974060486669
e4fd61602313ffc40e18d5bacc198b60,5,96.93711498052036
298da859d2d6983e1e02d0854adf352d,5,98.1991510753436
5117a7f0cadda63b15aad2fe16b05c19,5,99.22584541111912
3429838e671290dae75c0a2ec2e8790f,5,97.74280466865997
541b48980603f7d9c68f366f2415d5c9,7,97.87324135412248
85b0c2acc7c3bbd621f5aacebc9df760,5,98.015811437683
a5b2715b7a56d51f3ad9f104fa741309,0,99.55379308786685
0686ee5fc0a0723accdd50e039dd3066,6,96.40731293630137
8067b687a0fbb98f1351f94207bf5c69,5,99.08008890750938
60ae5c8738c47f0be20619df9c6fe0a2,1,98.61597147400717
b37b944e4485f2549c3573b62beb59b2,5,98.9565419377961
2dd641aedf9224b61b3f55f800e5e904,11,99.42191747112066
0066bbcd125d99102b4fb90d3e2e1348,5,98.30122698533393
d6b3a7adee1d766eb04c0b7280bd9139,8,97.50581586710848
d74216a1a40444289214ef9ec01d7a36,5,99.06755673217882
a8d31a0a52f7029c5be71f9fe6a32df2,5,98.40272765381643
8b66ec8b466afe45c92ae1c6bb49509b,3,97.52702274705895
5022f3e1ba7fa579539df5d2f1e96eee,5,99.47110244179224
a1dcf051d2425dcb9054f181057a6711,13,99.48959665857782
0eba121150372a3965e6f413be945028,11,99.9534417905161
0ff0cf4b3143f11fba795edf65648e26,5,98.51492908065786
2eb3e1906b2b1b30fb19df0238ec35ba,10,99.21016973479078
ea6827e619494a386d4adc47513908aa,6,98.9422192990944
c222c9c797d164db9a75f88af9a79f54,2,99.77674920671156
52aea3fcc94e67047cf7d89c973c985f,0,99.46228357364191
25b35bc69a287508fff43ea031293ab0,10,99.44611749336988
dcbf7d2162806a28c6f999b05dee303d,5,98.19035896987549
f84a14e98f5194977c29c0a742657a83,0,98.77417699294
90008aa3cd813a04e0eba188292f3af9,9,96.34597211975493
a4a9bc61200798bdc7255ab0dca17bfc,2,99.70998270445577
2c656fb80c985dca1fa22063c4e8b3bf,14,96.39655815176766
7be06a9f2b5445036a50d1d78c517f92,5,96.38024570169522
bc58444e9a3a0e153e18a38c54c9f1dc,18,98.46751132615071
1978a49e14a272327f6c461e41c09e80,18,99.13886455073427
1a00e10c0326f05766a87b83454b36bd,5,98.9587838799997
67ae853cf73ac3515a103d8541857e90,7,97.74549347927436
bdceeaaf863744e9274bf42e7dad6698,5,99.98445188818634
0ce7643612ec879282808b394e3d4476,5,99.51282322680042
591c76aa11d36c89e57b9fd5e90f6601,1,98.74817727491967
805e6ec9ca8d3a38c679c5fc604db631,11,97.88230462349037
30e613ad0ebd93818758265f1ef3635c,8,97.44113309534217
3f595d09743519349bca3662a1ef13f9,10,98.22210526898859
2f52466439f44c10510757cc83339fa1,6,99.42179860354412
f81a24442e73296cba6f5b4f8330890a,8,97.55636217195318
c590257ac7471ab2fb9f4d30f33454a7,8,99.91899109827438
fdecca90e74e8f1584fe97b05938fc27,3,99.8395969004655
1fd9e62683d5a73ed4e35ad3eaaa4c7a,5,98.23972821878237
4e53207b01e7749158ebf7d50a476dfe,5,96.23554548345317
c971117d70b122b52f9b35f70c80df43,15,99.54497847450664
f38a416bc08ae602a36ed74edbd320c8,5,99.43570891353367
fe7e1c9fe624fdbfdc56ffd0f5af1677,5,98.02900743961682
468a75290718e4710511a245b89852bd,3,99.49572918936258
255820841674f9dc952725ea1a759642,8,99.04846974500165
945387b86f7dd677f4dba0ddb6cd2020,6,98.83663713720358
7e5e137f4a677f8668e592e7cf475850,10,99.68047117286694
47562c842aa55f8479d50b7a1a613837,14,99.84378870078456
178ec8067b26ee1dbdb16abc66a6aedb,7,99.07769583509797
074eda95d32cb1dacc5c777cc1566516,5,99.61350406717145
d8f4be5b6450b84ee9105ef2b5972392,11,98.07976336037706
7e848aa60d0ee614e9d8509f4bbcb4ad,18,99.99004879942366
9adab97a866d20e9d6d7bba06f9a4bad,9,99.55203161127288
603712af615a3cc6d764ae647e352f05,15,97.42264405546248
4e46ff117573472497b81ed932ca34e9,5,99.00081325493812
ad0dcfa547b3521a676b34b52f6e88ca,5,98.81791669311949
a2b6416e4ef3e2aaa84055e9aca3f0c8,9,99.00619242516143
aee4118dc54fac7ed58eb25bee16e1a5,8,95.18838406723658
88a4a8c22323f20d1ca650dd063c8f41,2,99.3105146151133
7cfbcafe08ac414a9f77c06a2727d288,5,99.15109111209813
dc1373e495c554b0e476a2a10abaf5a6,15,99.34136656796395
d833d4edf8e04229bf6f39a320a1dd28,5,97.06108968703472
f7ed028f03280b72b438ac2528d60fb9,2,98.34520729356616
b3f067d03840e0669925c04986f3cf00,9,99.02593049971111
7e9a1d42fd086bb3853847fccac8f6e2,5,99.82034600651254
7577ac29e60ab4c236551866395bd917,14,99.79563880786351
d1e49d68ce7aa4722e6c43fcb99958b9,15,98.69718630395386
af89072ef3047ec251491c97f241fed4,7,98.7799526620355
5b3de5329ac5dda70be0bc4ed82a1153,5,99.37833590481738
02a8deb90884042ddc39a6484f97a05e,10,98.84199688342463
67f00751d811d7e5c9e07e4a01f951f1,3,98.13651410364031
75e1f98d98591f62ab2ace28268b0dc0,2,99.10722978211935
b4ea954b71fcc3f867c0ce02a09b89f0,2,92.16666433138722
25fd25faabd5adab2e1c1e35541a790d,2,97.56130590964821
69e22e0f7ab3a2d1806588b5248e1959,8,97.53888069819196
f906bb18e02eca78af30b678d7a3ab48,7,99.01434226131576
28f0c5b673f967042040237521183852,7,97.68295636226384
06dfa47b0961192d3427471f10f69ea3,18,99.73210874035658
369930f033dba92fd854a7548b779075,14,98.97555241942986
1f1e822f331c345ef5f082de0f113ced,8,98.72247659171757
d8d324e639cb7385d89f2d95662f03bf,5,97.52758699868922
7d949321c6ec5f92c52620d5be2c4509,1,98.86410354115849
c6cbbab67d9de479fb5b921ce7b7fba1,0,98.5006642871371
5e8d8e50671b3dbb13ec3b2c63f9ce94,15,97.60933115966903
7b131b64ee02a0f2b98c0662bce5e3a9,5,93.73139202705197
adf548da725510ad3a0be51d6149ca14,1,99.68793168727836
1d807134962d1e252c25095ba25525c2,5,99.3760505821806
c3a8fbfb51d0ac72180dfd344f79f9ab,5,99.80647788235753
459f173a8518bd8dacaa97b7a2813858,14,99.90641123978253
85f9238f44e13f732e508e873e961a6d,18,99.96766299157872
a07f4844812709b6ee035367c4d89678,11,98.66049552526401
0f433d2ae4f8414cd262d46ab3ec0f31,8,98.07997276928597
61238d714a48f8ecf6c3976979fb99cb,3,99.38750676884256
9cc2aac4ee2502b160aa9fb1ad0b4837,5,98.91525411888901
54dfddc19845f3db39cd116d64e39093,15,99.05418797315357
41b6ce7bb954dcdfe53bb53a7de04c4c,5,99.65336078069106
f6054b846074d24e95e79aec009e451d,9,99.01866247355603
b35e3aaabb5a9cf32c01e7a6ee815444,6,99.8046685374118
9158ea0ac66517551a0c4f308adfb2c7,5,99.19023598959731
48a47dee5ad9937069fdf0deea4cfff5,15,98.89221672220313
49d2922d7d50d6ee20bb65fa0a4615a5,5,98.15471041370517
48c5d29962178f0249fdb0bf5d04aacb,1,99.17121876337151
b84e6283d66296fa580eb4185adba777,5,97.49843061860632
d872f703da7111491f6067d61981a1db,14,99.52495208130532
97bd6cb29d2c50d3768167f9f13d45ff,5,96.82056939569361
c4d5d539f6d8964d68f3c344f2360026,18,95.65336920615945
f5f8f012f00d0dc953f3d6ed0012256d,6,99.13666238369656
4fa12a1c3a52369ade7cbbdd3dfb0a25,1,99.35480838883382
609385e61826cd9269e9e081c2733b9a,15,97.6328624474683
3101223312306564931baf7999cc3774,5,99.17333008096563
0c711137415975304bc0396332097e72,5,98.4185873281117
05308eb2ff065cb6155b66c0534fa62a,8,98.2637216719211
396790132c425f17a33e8ac756dee369,11,98.52684169392154
cdfaad2c601f435739a6a274bc3e5b3e,6,96.9836554584338
237a2818bf014c117cbcf7e99245c31c,15,99.74768243581725
cd30c0d55416439570ca6e9fe6954d99,8,99.3085601288764
bde232ef65a75b425d0a4f841b69ec9a,9,99.36073124863063
7a172592f8049b04684165fb852c72dc,0,99.70309298643156
51e1518702e49cf1d8ecfbc3b20bebd8,3,99.52048013337892
a1b7452120cf8672325812cb2aa2b403,5,95.58968118475998
88e024afe0bc6dac067dbb76755f0889,8,99.03259123929752
1076b7c722e0b8527e391543b0fd2091,5,98.8515417246945
743d1870d7015c567768c86444deca36,2,98.76302484631016
dda4e5aae72318ff1f30338a16b4b2a3,11,97.83045281645252
ae38fedb5abaf3b176e7ec40af2c179a,6,98.43081887826253
cf118b579f04e0f6655fae2454c9f76c,5,99.08280618271293
ac74604167bae9f8281ec737f5cf6e30,3,98.51240100640446
375390b8770ae3772d75ea0f4fe3b8a2,5,94.8263628735181
963ed2709a95c4d0eb2988893531c0bd,1,98.35904484818025
473b971763669247d9440f6dfb4f80c7,8,99.64890805515034
6da83b714fbb87744b2b41580bcedcea,9,99.99523390366967
4570a663b00cb368460dd120b5c686e3,14,97.14112504837979
3612fdb8b82f37686668397e2a1aa9a6,15,98.30138071540316
a5b6e2f9c2b7362e5049e295247d274c,18,99.6063969419193
1cec104c2440533bd5ba48ce251cabaf,7,97.92146262801842
c9a877fb17297ae463aa884b7fc11900,5,98.11193489828543
f96de3d2b73983481fb76ef8b11d6e16,13,98.92730447453364
9d1688b8c35eae66ebd8f57b84eb045f,3,95.10579018961762
161fe59a8f1cef00f87d200288ab1b40,11,97.81878627861848
611c22b8913631e5c87fe8351b7f5311,9,99.17647122304207
c946b890dea3402f65fa32f0669ad65f,5,99.73608209028055
417fc1d578b9d2173426f5c45208ffc5,10,99.25361740402512
a74c2c2f3a70bfeee8c0d2b10a4acdd2,5,98.29902753130943
fdbd3b9f99f1eacdb0fe7a6428b49292,5,99.78667738455783
96fe46ec22029601a89037ce644a26f6,5,99.19897197433323
197fa0dd09df9df867aeee02f4dec9fa,13,98.96155026455597
d5fdad49c39264debe8d900bae39b72e,0,98.91726794476489
06a9fecaae4b91979dd3fb71fd03cb4b,10,97.43427455515568
4b422dcad7aa47faa3cc52c344590496,18,99.22347644785307
92d6052ab35a2e2f763d959d4b57adba,5,99.18891332484627
c64cda9c3dce3bfa2d8b0b7189c3b0d6,14,99.7472681204045
0786891c7e65310f81ed919f9526392a,14,94.72596693805679
6a8d6c6de894b84da567b35dc5fa8303,5,98.04544620533102
11dd5a621cf301ccc435dbcdeb58eebc,0,99.08533421031376
aed9c6a6e45ba257adee645f84031cd9,5,99.20394752870892
77fc4930f2081e12c979971a42f128d4,5,96.28936754020825
ffb9748e2645c46b9df199e9faad58ef,11,99.41572734061464
f9ad69d263558a9e1e161d19d0107d9d,5,99.56228389663247
a04f623996a744e275b5737b69a1e7f9,0,96.2847003883483
a748242e924c2dce6a53a529f356b228,7,97.54573781474322
13a4b9b524ce302d695529093c3ecd8e,5,99.82439516225391
51acd19bb3effbb500887b7b2697e8d3,0,99.83805465645266
7bf0631d605c73e68f2c153d60426a8c,9,95.64648925357125
d25cf5482ca3049a9116b1ef29443234,15,96.77249080721904
c6d33fc80d355c48d35c6f26b9d2ff16,3,94.3794289090024
5a082f8c51ab347481d20ef1e453d1b9,5,99.96317423218825
29bc72e84ba7ad1a537312ad9208ba1b,5,97.86928168793919
8770916a7a8f48159004f86d127c9e6d,9,98.91335471733298
06bb92cdeb0b5acd8bacfb30b298739d,11,95.93487027604702
2174427c7d5a62e3d56ac05b8ea1d3f3,7,97.24519688682875
09a3b3eeb7271d32a9de78f22017f644,5,97.97021279896495
fe21e202ebcc31968e52216a0d60047e,3,95.78002821443229
50098a10a93d523cff2c725c2a806e30,2,99.55881873590084
de3578b9b58da8e1dba37e211562ceb1,2,98.96742493276241
3119d35dc2d3d4abe45593cbc1b39102,9,99.92461240181575
0acfbfea26f51f20cbe159d1348fdb85,3,96.28545823921182
7cd8c919a0d8d167f69f83281414e074,0,99.86947183008668
066229621c273e272ce0b6274506a814,0,99.74200028962699
855b2b0c4bb33d6f1f331752e6c51ee0,18,99.03063514286671
cfd1093efebe6efef486be13a9ef8308,10,94.21845080504583
4f687394be09f94b4a160e3cae66b010,9,99.00743787859244
0d87a549d7a94c791d219d5235dcfa1e,7,96.3731044514317
d81dd59226d6787a67ead1b0931dd6b8,5,97.99684397977995
698c9a7ca821893a0527500bbf94e8eb,5,99.8877563677328
f99143baec0d8b1cf4aa140dc07aa42d,6,96.5084920151145
d4996b01500281843709c2fc5e8f9de9,1,98.18623505120266
2c5be8917ecf48f5287fd16ef587c45e,11,98.77160684579576
dcc00ddb3b1c9ad7a50590d25caec27c,5,98.2230961291439
e6e7e1b305970c2277d3118943f113e8,7,99.41628449208045
bfe8cb9be3ba3812394cd9ac707dd1ec,7,99.99133535223541
6fe86fc90edcea9510f33cbc0f7198e8,2,99.40394143617314
e8d413ca8d0dd1a379dc677568c5f5d9,11,99.37967468649211
1b6c1b7f99c5b2e4ac9cfb8cba3b4138,13,99.67016949659673
ce511f8c9ced806e890e07f3101bf607,2,97.70507133280854
da0c5cef073c0ae1d9cbdf2ae740450a,5,97.52832490849973
eaa1ce3d03b6cd1f8b283b3728d4d98b,0,98.91367572038232
468da1759db49ea544a049246dd0db60,2,99.98550939840703
d9b782bb8cf9c03f91631dbd3b5ffe96,5,99.71873258389783
c1ed539e8a61e155691a39400de8946a,6,99.65568015404143
5467e02f34da2c5203c085ff581cd41a,7,96.82121199450904
4c5ec1584ddd01bad602a4629bf9ef5c,5,99.17449622613725
af6403d94188f532dd9887247c0b45b2,5,99.31648323853398
4416efa2c6b74aa58f16f910958035b3,14,98.09299051354827
7da023f3d25634f6481f71a3d48fd57a,14,99.94308344537806
b062c49a0c1f52087fc6acba4239d6ec,6,95.34850438887
a2af0e0dba0e83c0f0ad873c3bdeda48,14,99.99514067532783
a219ffabd7f9d545bbc726c851eb8816,1,96.89008421524882
f54d98422a50cf55600208c40112a385,5,97.20352842957752
547a9a5030b0fdf9d092be26ddb1d086,5,99.44193459933203
6e5dceedc2fd05633f0af5b9688f512d,11,99.00496789936692
499d314e7223524ab52480761316bf51,14,97.7046235416892
86dc05314f8374fac98a7339932eda08,5,98.7381420738087
596872eca72a70ac8c7b813fab262e8c,2,98.93765960110298
32122a167f3b32f1cf8d05677e7efb6e,5,96.76780702240893
1593d0f6d25f9ef3851af94e37434d46,2,98.9310943329462
88c71847365acbecbdf7feea2c6c09ba,18,97.4493520198326
2d00f89e4ddfd0c74268fdfd48213d6f,5,97.15457753092187
aa93db3a2a3b5b99b421787899a9d977,5,99.00310355735434
77d7776980661d60198e3a51f006664a,9,99.40847453733302
9e787d698c5c31c0b4c2f1b080fb5987,1,99.42168673051336
0f58d3d10ebb9a30f09a3efe27773774,15,99.85466421381842
855bf2f371d61d7625961c7e1a2980fa,14,98.84295959749385
5374976a3b8b7b3483e47368ce0b5736,5,95.72549068439217
d99df1ba02db49beb3dec8ae9416a5b7,2,99.59441843910285
07214b0aa9c45c69972d9e6c75506845,5,99.68623295084512
62f62c821e9865996717bbc1c73a44d7,2,98.67113505853958
b2e4f5ff17b91fd7768d3c97c280f777,14,99.63894082784303
988e12bca6023ae163fd7b4474433660,15,99.25357471612536
2cc8ce002839fef3c0a53b91d9e44e71,2,99.35703806925586
48afded32e292a64b8306914fc7838b5,5,91.79055764571152
5e0996881f280324d61a60c049268b2e,15,96.98310294716998
f5693ad53c3e77d53802fb6227a5b80c,0,99.53001599793816
726028d8202c878343b3b8b890ca50a5,7,99.64799491119057
53fe2587853933f166f877a52560ddf8,8,96.80940743998244
819a9d9afaa12cd72b9f76ed76e4f9bb,18,95.21431332358746
5747a7a95e42a09f83635e1be69e541b,5,99.86798440924883
f8e44801504663ad0b267575f9d1f097,14,96.43897970667622
62c02b43a7326e57471f483c50368f09,18,99.04124676049115
540258e0de9a63a52b6d29d895f40d6e,5,98.9813334098013
b75d5e0918c1f0f827b84d59f82cd28c,8,95.91212172297747
4a1144abc0439077447f07fcd345e790,5,99.17316178608856
4d376e39f45ba7124777cd9e66ee74e7,14,97.63321660819454
5fc31c4130066c98d6aa51bfeae2bf4a,2,98.64556365872001
afee0ff688e073be92c17933bb98c117,2,99.9765679147584
b658b5fcf7370aec79f51f99cf57f891,5,99.30863124583684
da2c89f8b0e2138c58f058e1c9747f86,2,99.0180920908648
8de6862b31088330c485a5c350ed59f8,13,99.75118442731673
1345e6017df056394b77ebed26ca8a31,11,97.04705134134205
3f456e24da4d55e1c1c5d318c1c13d2a,8,98.98208251588012
a36796877f914c29d538e48c05b7aca1,5,99.62715087447921
bb53bdf6011c62501f4938da8fd2e1a6,10,97.17102066571124
96351dbd462d6528726cfda6e19af848,5,97.20542218133224
f910f770a1f6980e1dd6d0e550b950f9,1,97.88542609632887
30d9216420116c16b865b3aeadd1d6f8,1,99.57277377087591
676872326ae72d6a5bd58c6a059d1b8e,5,99.50261618956911
ad5c2c17539cdcf7c2bfa040672721ae,13,99.91004088178818
33ca9a98a978e6f3fad5af9c74e630f0,5,99.73866803508338
c8b4e0735644defc8aa1d004fc353f7b,18,99.56876573311293
aec95c5ac93b38f64c677e57aa869702,14,99.43721172611342
4b2f3741b46e06080cfdc5c84809575d,8,98.79709854954737
b081ffef6e6f3a1c5a1f0a1c5e9f34dd,5,99.08878202146576
1dfe316c788e3cc8ea063b909d6a64d4,7,98.3557231782572
3cf5e65b38f4e87593e8a9f375d5f01e,5,99.47215296658777
5a89f0cd4956b8b247f5c290bbfbbdbd,7,99.91282488438034
c23187a53c2b5c5307ea3298d6f092a4,6,98.42020699171557
05b61003424c2d3f35203f8b7b9b0660,2,97.42342304975878
2c8fac8dd0efbdadd92bd4965931b08e,15,91.7730730699602
7f7cc69a5f3ca4d973bff6c005113ba4,9,99.5360309933871
9dee61d9dceb676fcc3f79eccc53ee16,5,98.58426307204297
371ba4f1da6c39afcf3f1ac78e4471a5,6,95.55239947201709
4d9600d284ebedb96fa3b38895622ba8,0,99.27734081142417
46bf3a63d3b0f6053429786d8c1cd689,8,99.36043967013184
3733d002278e7a8f9355decc15cb69a8,3,99.44767342651774
b7202ed974f9f320310a82c53b23e954,5,92.99195200278146
3c2a82cb63e89f44d1e61467d048909e,2,96.84509177921714
d9af1a1c63e85fe801c467ae880f637a,9,99.94729067467118
ade1451a67321dd94dc5df5f3a090cc0,5,98.30786112737445
dc2408a32bfb6b81a784a86a9e588d76,2,96.42770427271377
f4b162627097deabc6907e9e65d5c80a,13,99.32648390576055
74e083e70bbb0d110fbd97c19fe9f05a,7,98.632185229242
033e560d3fb21a4355f992d13c2c8963,5,99.83866907542692
f84398db505a917bff0a912217d67101,5,96.49907333574501
9e2fb586e60b4cfe59e17c2438aa2ac1,1,98.88673594690944
b397d0371987b0fbd681f864f310f22f,18,99.43529835752194
ecb74f6724c2416db7a49dd9362be0a5,3,99.99199956891066
97732ee1eea0405d44a7ac9f6a15eda3,9,99.03324065874683
5c8c07c03060630cbe744fc1b603e8a3,5,97.99930653953427
cd3443d9c900b771e436e27484340000,2,97.6896699790766
b73b91b258073d77a134ecc082cd4494,2,99.3582198970584
5f39494a2a7895386e5739585be6acf2,13,99.85442965064195
ab2df1605e4d4bf49189b7ead8426e05,5,99.34484716420248
5e7a08ea25cd16a88e9be8e784d55d4b,13,99.91596325340203
9cf7a496984ee1ab0aee871ffbfcef62,5,99.81953474793099
9141fb86265cb2fbbffe1fc024da47f6,6,97.94388087236172
a1da48742c80786264831d5b9ec7edc3,8,99.55214598007339
f4a373bf893f0efc0cf6bc621ccef9f3,18,98.97123259663951
cb6df12ffe01cf417b296bc0b8b93f86,5,98.83097381905348
c824b1ef39e3ee9ba471acfe67eeba29,13,99.40999173674652
504497e84bee36f2735334c4523b68fa,5,98.06790530716944
5c3e746027df6151526f690460dac048,18,95.9249202099668
da0283b44c8c9fc02bf86139f056072e,2,99.86239943270905
30a613fae7c830b58e77de49c6d5104e,1,98.57241000233239
2f3851b15a78b35d5cb850edee5119ce,5,96.82557589710933
889c40f1d240aab86a3db0de03135b7d,13,99.13071135389441
8277d691059e15eb3a374b1168afd920,18,98.83269507047854
35bc013b8df30620d1f72cd6d8498970,18,97.91980403621204
e9332b0517be871bb7754d1f27ec0d49,0,98.55985853204314
fbdfa61874279f3c10d950ec4cccb208,10,99.83927090745703
a9d3bca2260faa2c701d3bcb27a3b490,9,99.18678622956715
3012de0e5e624193369566218d79833c,13,96.88765780751041
84d25717280337f1e42ba9c92de73012,9,92.71758888514397
1ba7e0bc886140f14fb9b211329b5f38,11,98.75019391100383
5dab3235f318d43e7ff7c562f3741ed4,15,99.97758659525178
f0d9ae87e27af88656ee4f7ba960c8b9,5,99.00172921882212
7eaf5b9c788bd53a3a6495bc09a84bc5,6,98.42245205712541
f3e54bfffeff9bf89bd6e07af38ca740,3,97.02424495295944
fba07193c67062d43e7bb46683e74eb1,5,99.47885681496629
9bb3d63690cd6191faa9ea577fb8c38d,1,96.1866411055021
a2b93258392e5d2f7e44420c33377cbf,5,97.77361178942192
9e3320c8f0558a28b6b9a57a587f255a,10,98.913511550351
a18fd4fafe467f5e1780a34075ce217f,3,98.17919549207798
26b65784f3f1d265fdf6076b4800649c,0,98.66828402829566
991d1f21f1f321236d1eb0780ae86107,11,96.54924796167302
84c0f8f7e09269f8bd15e02c1b9d1321,7,98.99455251704347
0d6c306b4dda845489f1e9f68f5bab5e,1,99.62622039011227
857ff6cb31c6c51f13709adf1f39fbdc,5,99.36133836694145
997c52de02b2dd3532b98a030b0b9096,5,99.92603230963522
35b9843fbcac68add64051e6a9413876,5,98.77150515424229
d020935868516c93614d7402412dab31,13,99.04980015704088
9e7adccdda68fe9d785861e74d2f29a7,14,97.10731599969908
e4f038a72569732d7ae3fe81104f5328,1,98.92256889268975
f03791121e3187844cae97926ed518ff,5,98.9474660030781
22364281dc1cadc6e23f91efde3f5af8,8,99.71331556327215
71fa76d24b4f20e195a3d3249ccc4ec1,9,96.6862137772341
7b65cdf5758dc3c4be55408dcfa2bdce,13,98.41866784718816
3237d77e6efcf7970e4b1edaf8184c87,0,99.05523423913314
e32bc3267eca89198390aca4cc60fb58,6,98.8327244899388
b7cab16deea7343356ebd4439ed14779,6,95.42435576392151
3b1d2f7a12509a6582f369dd40601814,13,96.66234824240695
26d15cfbd5b6c7b8c36a06379b5f5aac,2,96.68235620326021
f0f823e24894f6226c1f0c9ebfc37331,1,99.08133577998565
099b6643cdea00944298959ee270975c,5,98.77933022865496
bd93f49c90e87e397737254585bc40e4,5,96.61741242060742
405d598c7efb4f66014d67c3e1a5005a,14,99.9972238160886
3a58c037407c47c617253082cb428147,15,93.79777093095677
b59c67ed324d880a9b7b335ebb82650b,5,97.83699163788243
fd6ef820019c3fa7e491ee22fb7e5e6b,8,96.41167691051221
c292b4b01cdbd6f52b9c17c838a5adb8,5,92.653981293396
b2e23fecf899fa089c8c155384726996,0,99.23107427997905
d89fdce894a6d6b472bc58031a0bef86,3,97.73470056560583
adbf76ae11ef0f02b952f64ace12077d,18,98.49944239003138
809dd8ccf9d448cc3496795bdd0932b5,5,99.36287416687773
b61bc7ead0544cda5c67ef062d03ef2c,18,98.15205118948676
bb8962111cfc1956f1d338dc41bdc2df,18,98.33242928320898
1eca22d9d21d9e535cf258fd36cefde8,1,99.85059496444912
395a6e02d46567044422234bdcaca805,5,95.26747062601476
6186eba173edf76c9d1369dee44bb2e0,5,96.700204188826
a6ad240a3c32686cb5b55c25eb96b96c,2,97.54934029958369
3212d631939c7d84f7c13065d89e718c,13,93.77980709189602
92944a86a6c9f6f8aeef71b2959ddbda,11,99.83410876623464
f5e380bf70362e06b8347748ed497e93,13,98.0192284677828
89858e394f7716570935a8744afb1d5f,5,99.75538128151013
bb30acde747d4246b0ca329f65ba9030,0,99.19169597122458
182f5e4976117d174fc888858563a011,6,99.50831270975533
b340924eff65e3f5d6547d4929a2de66,10,98.52179666378026
298ed9e8a9d2b4154a13e6de9f5dd086,2,99.87344248927283
f6e56d999bb115bb696a646a97a7ffb8,11,97.51590050817148
b1d85ffe70851ec29e8cbb16998497f6,2,99.26585577125076
3515aa5ef8f30d63b03942250a82a4f2,2,98.0622413065735
a8a87c90d6296e0a4bf8e672eafe0090,15,97.39157459830952
c02ee8c309d9ab6e5a02dadb792e3473,5,99.18567518013437
abb54e2e8479cff8a431afae5ed80657,13,99.04426367395455
d108b6961825022b69b62f1cef03f5ad,13,97.38473074118838
bb168c5fa2deebc62539b60089e264cc,2,99.62809279514205
6bf9921de655b5e271b29a1d6eea2a46,13,99.54137426708509
13b5330bdd7095b96402ae783350bc8d,0,97.69856595372858
36c5e562655d7c1de363c9038dc2f4d5,5,98.60717817241269
50291eb0df80ba3528a06278ddc0633c,0,99.77172618916849
996e3ed951e8334999a4c12553013721,5,95.06508568236397
f57d977ffedff8ca4c94da706f978fbd,5,98.72362510744172
63e9d6ec672dec98bfc50cc0b8eb1104,15,99.4804384667297
019c27e12177d0caaa823ad71e3db30f,5,98.78039005177769
6087d3c83271927022aceecdbb73775e,5,98.49519229195657
9fe26b7d7ab4223a50a368833de9750e,0,99.7877996842665
76ee2c6fbb624c21db08433c8bb042de,15,99.61662211070086
0258ed0a62631a120019486578d4609e,6,97.68874515041021
d328da2d9f0352df9bda6b528f4ed0c1,3,99.47065528328882
8c78f931271805947bb13f8edd09de16,8,97.82566216512643
5dda31a4201545495f55d97560296bad,10,98.5718072102036
3561fa6986b17196b35d360b598d6cd9,13,99.18598904145426
975719853d75f64cea58800a9801cc5d,7,97.84901272395022
bb613f3e8496cef16e43ead44e7e9b3e,6,98.70184108083157
0ce852a7eeaab4ce80c2a1a6b0567f7c,15,97.10578739396381
9259003f628c458868f5415cc2d3b4da,6,99.10860323186377
35b2dfa17f104c6caa9b440cbe8580be,14,96.69277717054955
d813f1fe3648ab33cdebff2c4eba56a9,14,99.36726757412214
8a473a37b3b4339c213f8b7659c7c900,2,97.92171610757916
887ea7d192611e0cb430e81541faace3,5,99.20656828747504
4b9da5db468aed0ce17fe49c55cdf720,10,91.27258860073705
d7534816f1c50d685b19287164f8d777,18,99.17151248221646
1cd7c16c69fd1e6bc412cf2f253e1563,15,95.12729758606811
5ae89a46176255dae7fa309d77fb62c6,8,99.69535826998018
d9b3d96d0c5ce36c3b69a33a89775463,14,98.1250836149502
e1677a89810f69d6344f93e60b113410,7,99.97292121460109
a84b64a3c4bb322f46c95a6cbdbad356,5,99.6476507113014
f58b200354a039ebf11a5ba0035f8174,5,98.946388755777
9e9b2b07b5bd67dd384d90474c1e47f5,2,99.34978740901559
cb0986553d4fbbae99a0ba7409e1895b,8,97.82815132058587
5f616912f9cb84245c717cb66b1e6444,7,96.0011508368275
12156b7e1cfa13824e6b86544eb746e9,18,97.39205302005132
6612ae49044e82a2c25dd71c8b237790,3,99.89916568075203
51b19ebdca196577c85cfc192d34e21b,2,95.7796777526014
b1a8af7944e154c0b250656583f7d385,3,98.83025615891452
96683872ef58fef89a8961feb7adca85,6,98.93020974989189
daea6a96e710d58149c89da45f7e7f36,5,99.0278603842716
e3824c2b8999abdacb1bb3b448609d68,6,96.1790762010059
5875824822d3f12276cb10e978d2f9b1,5,99.17689251890499
923672fd41e92fab4314763b221675aa,6,98.06981627529292
014de03f2858aff991afe5cc8ad0cbbb,10,99.59262205098103
14e7263fd96f10a87d444b0cc685d24d,5,98.81223099889121
58f74d6b8a2bea189b87dc4fd30e632d,5,97.90345087970452
e7dbace09da2ab0d513e34eb54648959,5,98.13377892422093
bc257156d3d4ce53d7d5cba8ef8a04d0,18,98.1698948577775
5f0e2d329d232cb6846b7d42aff3585b,18,99.12770793059182
a8a83a5d2785a7f124f1d38fb9fe5e93,10,96.03072011955321
9313b9965a3d7dcab2f14ac45dff0d21,3,99.44827261932524
3118e4d48b51937213e4680fc20518e5,5,99.80163434981922
9251518a9f78bdf98a78f0493dcacf5f,5,98.58242414501525
8a4853c90444d4878a77f8b9f10ee7fd,10,96.66735401954182
6d1702a3273154e4e81fc8b6e72839eb,1,99.5615100544074
16b94f6d0b8ea26aa23c1328baba4ee0,0,99.82893304597269
db00bdbf15f4a9e46b15aa03d8e8fd6d,5,96.21762574127033
c3d0bc8b913150a555b755734ccb5326,3,99.01018680479632
90962484b54b04c0f8bc8e2b968e10f9,18,98.88363701351821
109a4a04d1bfcb4cc6edea573ae7a4f7,5,98.87362969994419
69c49749f5c472afdee9de40ff53f29f,18,98.14356366399952
27d5c3c487645d8844f24de418ba0b1b,13,96.83222867715344
8d119c4d384318e67c97fa9b4c6c104f,5,96.90768654089413
cdd462c83813f1b71ca1ae4f5bcab1b1,10,97.85965285592276
847598c8340e6cbe6ffd9d81a0a29ee6,9,98.28428706547393
3db6cbfae166ba457a68e7062e56f713,5,99.98119884373898
534f837e351e7ac57d93600ae645c939,0,97.93119665084699
ab078bdd8d60cda741fc1fbb22069aaf,11,99.80732505843608
05a64768254612def7b863de25669578,10,99.9989445224467
cad26cefeec4a1d9ab466538fd3e4212,5,98.43056820589334
d8c2426d94ae0a9756be7df45796e24c,15,99.08196302722251
2b68d63f6d2395fedcc5ff279e358e0d,11,98.45089318613053
aeba4211b89074be8c6e6163ce4e746a,5,97.19800342847007
bd3b542f977b57f2a71d553160b2c1c3,13,99.69853396688895
33c9cf17e97237148562dd4b3771c6ba,3,99.47679808640352
25a9b35e86a9f6ad3ce075f7c5adf18f,5,96.09288049630777
9c5b7e16b2c7887fd98861272e8fb4bc,1,98.73803922989151
5b8480e4c3061c0aeaf9f944b8c79d05,13,98.71005829933762
943e7db542ba397968743c10ba336310,0,99.21484443486061
c9346cfb13d451d9b53f2b33bee9a4fe,0,99.75890494854308
5206bcb6e0a01b04f33e33cbc7338c28,5,99.46078147201605
761c81b4908abcf67db5f47404e55b19,2,99.81336087424566
30c29144bd7559cfa63591bce5a94e3d,2,94.7333406629088
0affb96af1d302849c77f0169acec2e2,13,99.73863604382589
ccfe049a9fad6b0c24b4287ea571046b,10,98.98214248989196
ac6c0de6ec522f2aa4881fe6f8b9840b,11,99.02005090502776
179b62b8a6fdbec9f30cca9959130589,5,98.11461648936667
31d87ef8823d0ea9010686f9ca906660,5,98.10970831106665
63e78cee112ff52637905ab25d259f60,6,99.6351501360578
ff06c9ad136ad4db3893409e85806ef7,7,99.96314339216602
58dd62a8f99f1c5e062133134a99649e,2,97.70108957137393
46f460bf5ad5c27995371ab0aee7abba,13,97.7738054726306
8fdc77ce095388118408c10adfdaf1c2,18,99.91904836448288
ce68d512088f87260749261e61216458,5,98.24697943923569
80fa1f09651aa9048c3ed369daba6f45,15,99.42597354425178
76f48bc50d544f2894dfa7ae3e5438d9,15,98.81937871011237
26c8b70f041821cb2b54963e8c263832,2,98.07631244507373
68f9afe4b793d3a6f89b0bc189e4cdff,5,98.29217353468405
4ce14f2415d1ab8e264f49d6fca4ca4b,8,99.82443119745577
d9b9aecd29f0c8ddbd0d373db2f5d196,5,97.60025087239832
1beafe1cbe8da4d0b945aae87bc66ba4,8,99.4215583305972
deee2bb1e0305d2ecfd55542f2934125,15,99.52119760305712
bf0f732625a6d655fb606b6726af1776,14,98.92117807170501
d3d8e05d8e88564dd5a316dfc8b2f97e,9,99.79748771996867
b0bf0659d098106259303f7712ffd247,18,98.99962883454796
2fc87d94630cdbf469de42fe9eb4344b,18,98.08383784544704
b498359a4fc523b11b6bbee48eb79dfe,5,98.31937402442662
632e109999c8355354c198d4e6687e16,5,99.94254695208342
a4c6828933db60d2e187fe2d765ec807,3,99.69055625025214
277ce90dbd3280baec2d63ec9a913a5d,0,98.48522201185433
47986efed1d41712f4ad6cc4c617a0ca,6,99.24141346691437
1397fff94618af0d350f2143b9691c8e,5,94.85740799067071
4a694b47700076cbfad69e8f5d8c8fea,1,99.87552455408645
267c9634dac698b708f2f6fa1dd9a3c2,5,96.43270103786426
b9cf714fcc3876e09d260f7928378725,10,99.35063018341006
56845b61c36b00c16b6d64a2705012df,5,99.2702839358868
fadf6fc77d188dc2df7d6867efdaf96e,15,98.78538402922283
00e3a1a61967572953d5bea81f5c65db,5,94.77504177049309
59263056fc5396f8cc854e5bef4375f1,14,98.98230188782676
bedd9d0576e23a50d2baf561c38b2797,18,98.95081850783804
5b008162665231396ab7eb1b3e04a66c,10,99.88148101884255
cebe04a5597f2a34fc3167c438a031bc,5,97.68847744911429
e4c197027200568950b8350a56e8fd73,5,98.3740446891393
32d6337dea61371fdaa40952545fe925,2,99.97738130697304
a1a717af479a3e0530cd0a2849dbc794,6,97.90315842988502
9e252f603ace5178a6bff24d0df84912,2,98.99917884946913
c3ff3022e6e837e07349ce9c6df59b31,6,93.87227642024915
6cdb1cdceefed2c9a7043be78f37e19f,11,99.46071916001395
00d91cfe0c8dfaaa71fd5fb96b0a9fa0,8,98.54822443942123
22e4b32c5fa33f55924453e097c3b6cc,10,98.2366721917428
53b60e490f1c0f2d1876e560370d3945,8,99.57656087548591
c415dd6ced0d303e6a2ed90e843fdbe3,5,98.3434296682629
a981550aac01bb7a6ad479e43effeec4,9,98.38582107963536
9fefc339d1f0270f8952e4badc474b80,5,99.92089950742748
dec3bc3166e026af27bde7ef76b3e0f9,2,99.87156855967343
ef802aecdce1a41c837a6852100ac81f,2,94.68991760831526
cbcde07940dbfbb23d49c6b8f6629d2a,0,99.62459571988208
37758920a9178227ef3f071ca3cd9cee,5,99.20008222193742
af39cf238eb6ca9c1eeb78aba6ace931,5,95.80791700408292
d4fe212d843de561fd68d2546820fd96,15,99.11747146035384
83072a947d70c905222e7ec9222f4740,10,99.9226287367891
7f4c2127fcd2d0769c1367158ba5d3ed,15,98.66749330047642
087f36b1040580f10c21539d53b46253,15,99.21079215313203
fbff57a2f255d2a2ee0ad880d845ef10,10,98.45468274909281
32bc0993f1e6b8eac02dcc532b901552,3,98.32056519046216
623fc75799648b973a2026d76657d2b4,7,99.26540946644417
e6b171299c2ef856470159b8b8b658b1,5,99.36268557237648
bcd00856f35b92cf040e453d5ec9ee1c,15,97.3757981045498
771151c3ed10f6568100e9465aca11b9,10,98.6704883833315
593ec6519da3baa7e119b6c0890d68f6,2,99.50149760956086
50700ce2844c6f6538c46fe22e81bf27,2,99.2397856691517
8df16674587865f6a94267a0d460e317,7,99.20369490555171
77be53c364a709fa437ce7bf4056074f,5,99.60513708406182
0080cdd6c7b16dc25922de071c7251db,18,97.88832585594986
e378850092a4605201a264a3bf647c3d,13,99.3143765464333
355fd756e37f093439c16d2f58ff4107,0,99.62847606244173
e44d8a9eece342df074b8d5168ea58c6,15,99.02105328330033
da2574759435b0eec86a98fb8e9b9ed3,10,98.050530405845
78e0fdf5d9659ab4aefa82d5cf2c13e3,15,97.04665018620878
e2c5cafbe9e033a236f763b43bd92bd7,5,98.26345788172091
19ea27a5e0522b8d0fefb1e1174c05c7,1,98.28179953975668
de74c626a10dad3315034ec78bac11b4,5,99.95246239809867
768ac8a93a64d2cb6d2f24ea04d525ab,5,98.05112617622805
2b9043ceb745017a41821e777467ffd2,13,98.46402423197384
8c654363cd4e95bd048030734e50d6f3,15,99.27305992088739
6c50f2b7a1cf3c4c2133dd81c0ba1512,10,99.30443437778082
f803df3877c13fc2b2f35024681ff226,0,97.62100982126384
43535cddeea14564450e0427a4975acd,1,97.71294742337179
8aaa9e535f01ceb94b050596eb06531d,1,99.81174072224631
c51e52427763fee244ea3a89120f7852,9,96.43303960020279
ec56802749c04682c62cb8e2d6a58fc7,5,99.99740039446868
2722a529765982af024a280678eeae35,15,99.45497477080882
d96bb4c5130eff7f538b6a96fff1662f,8,99.39361716988196
1ceea8e3d5e07cc7c7a431a1371986df,14,97.93267918861714
1fd8070399c2018b814a9776e66afd52,2,97.03360036397311
811d433cfa1695f47f7fc9eb7f36711b,11,99.95577468023332
f02751d46090bc2d9245ca6f441e1954,0,94.76082414628667
d2fa12c172004da13ba796ac19563928,5,93.98273670005342
4cb18b970c2750c95d71f488e979c7b1,5,98.5270506173351
1218289f757a16cb948e5c02d3007a52,15,99.10831371880568
9acd90fa85e0790c4559808372cc23ae,3,98.28170194379324
688dd9fd76a79925841209554cb8f9f4,18,98.45351802508289
3e6d6d56193d54336a50fce46fcb35d7,5,99.14158189448851
74d22698008c76642477e70fac925fff,8,98.00664234042792
d5879ced665feaee8e1ac0af5fec6f5f,8,96.3184390616542
9f946d7e0897048b8974205e6571387c,7,99.36385181593874
444ee57ab2805f8265dc5441e6540e2f,13,98.47548678104052
ae16de188f5838ad1b78568beafc0329,3,99.0915758837526
d99d7a1ddfc6980036808e32788f902c,6,99.0312381845583
da54036dc80ea8ef7138630ead875cdf,1,99.49005540273392
ade23a7168cde4807ad41d37df59bfc7,7,98.43163144669337
9d09eabde658a495e519a60d19ca8480,5,99.78904197678887
b3d2a89d8b181909bf59341cf124eea4,13,98.70670776319858
f9c8daadd28c79f603c4a4255cb8ae8d,8,98.4988186027146
ee53b43c105dad2f9f41b0203a57e935,15,99.49290974984832
0501c0560c4591c8ea028eda0987e110,14,99.13045187010069
d780d6122c19942b4455852df47d8bc3,13,99.7126163288153
cda03a8b2a06f870f67d8a1bc7ee230e,14,99.13765977588606
64c81031e06ea7d84713e007da8217cf,15,98.60017724828654
35ed8ae928aa7a95d1d7628809d6ea31,13,98.67385061436413
2e093717202bf5b343f662958e38d40a,2,95.82553642843824
df99562cf8b0b32ed8b693a3fc0e3e4e,5,99.420366388702
9f70d5cef184693d6f24f576315ff81d,15,99.17476835239202
7aafd42b4bea255d00d6a608c8e0f1b3,5,99.16358976418414
fe11774ed9bcefa6f303d4bdb3a012c7,0,97.44348104238236
0f1440df727e4d58f5185cfc2c3fa393,7,98.01077925352416
c08441bfb68bf7afdf05aab12f6c1431,5,99.34586109237401
2e6c5139112c1aaf210e07394344e481,11,98.48659934620773
2cd9df1611a97367fef06fd88efe6f9f,9,99.5703235917785
81b4f77468e8e46f5f35f4a1f54444fd,1,98.9171715487821
154e962a27f6cf12fc9be324360af1db,1,99.34113815001723
aae3a34df57bb06e344b43f7daa95f19,8,97.78086635255288
6c217b66a38144de9c1c127c08dce503,6,99.56955201335902
1f0a1b01b4cedc9ffc7f85869275eb43,5,98.41186794755096
551b9d9a563eda66d50dce0437a66d51,9,98.15633644108694
24681970ed5253410cce59e715d0e699,8,99.15748453736725
86c0997d8a087616886f2aba5fc3ca90,5,99.44909807484629
7545f0946c4c8e45016d2074c3ecd423,18,99.73944048570694
70c9600e9a658315af3e89095df2f467,5,96.22358559010695
5f9c6340fe33a3bebb341129575e69d2,10,98.87357845997323
a147e1c1d06386bc2012192d6986907c,0,97.06911073883293
6ba19afeb96c49bcfee754158d735226,6,97.79254182173248
db16cf1c33336c7ccc0e24562838b69b,6,97.38520913339079
f9bb0d8399f596814120a746836c985e,15,97.39651253971016
a979b12067e346e58d7c2a2265bd0799,7,98.29386338391251
a4453021624e9f7cd6f08cca09fd000d,6,99.558192748524
ba98db9def6a56bbdd9819453fde7d31,3,98.57914426919834
c3247c12b76cbdedf0ccf3eff05abf29,13,99.2392511894911
b744ea39e28740803711364c8b94e6d9,1,99.4292833412844
318b19486e45506e31a0ca67ed672bcf,11,99.62481909140018
f8140b2709434f277aa24e6c79ed7032,9,97.48998041448773
578f84edac81385c97279658a4c81f24,7,98.01005369985
6315e290ac9438fc4eef7060cc6cf99f,2,98.4138827299619
8306cf78588fd3d5965c547deee762ff,8,94.92375363113318
5b18135dae06a5ef5a28fbb47d18c1a3,3,96.7252367566555
98e34602be91ff95857fb92f5da69cad,2,99.04003512125286
afa66e9d207f4d8a0040fa9c624c9209,5,99.17737646671956
7bd0f95dbb61e2693af47671c584e7ef,13,95.7584457347489
be94b877e1dc25a3b1a08da9dbdeed6a,6,98.0193088498834
43c475f4df98c693aef90468234856ef,5,99.1534350590631
75eb82848f94099140369bf8d127d320,3,98.9050387825332
81dfaa2d550491da30aadf4cdb4f9471,0,99.83456369055149
701cdf32224a14cd02e18f4687e80836,13,96.54489284451445
778e15cca1e35afb5d3a843505ec1b12,8,98.26391081728805
f0e35336da6cd29eec688555385b84c0,5,97.04200839672194
ad58e76a2c9ff966bbc1aeb2078f1088,5,97.11860024300358
b07f0cd24f79c870842b7b97556855b4,2,96.99131405718344
01813b8538eab38cb4d1e24b9abfcb37,0,97.09348505757339
c316daa9a7f316ccb4384fef8d2191c3,10,96.10580693012771
74f15e8d1395ff4351838f97540e3a42,5,99.15276111549422
c8137a1912d2b28be7aae16c2acd978e,11,99.85185288609668
03bb9b3084b89019389b3ebe07949595,9,95.46627953774838
28f028d4395217de9dc4b63a273b435e,3,98.36991923985309
c70d7b3cb1972d94e2f78784d354d014,5,99.19456742322168
c0af0692b3963c411f04bc18f3faaa7e,14,99.58959661553227
a23c0402623142ed574480f684231f93,5,99.07574431125333
0881a50cf7c76c2fa7d31256dda4abfd,3,99.26036766772764
2d24b844c8e73a415df6b27cda9de23a,2,99.75267365705164
f19885595907bf6637899e14112c3fb9,10,99.97326901438488
fe2a92d87d80818208f187ee1f706769,5,99.3405590008762
72006b61c585faf29999d8213b9acc93,2,99.33127346802932
df0c87c100f4a90fc55ba7cfea65ab10,5,98.81023831009729
4b5fd5067ae6600021df79c34f36c77f,5,98.32109695860318
9bea68bdcc776760c4135958b738ee02,5,99.72136608890673
9195eb6534d9a39b18ffb9b22078d72e,13,99.38340285177405
eeb535b86c87bee7e9e4283436a03d9a,9,99.45418014857326
4e04713706ad0b20ad3930485b2e8a9b,2,94.00466384340763
cf9df0de8a61e5e553b7c394ae968d52,10,97.47336033599824
9ade4a0f5554b8851049005d401eb90f,5,99.60766630500663
3b8f33e4b14a18a6c0c9ac52d736f46f,14,99.53333211558265
d202586125a29eb08f05224bcb7cd9c3,10,97.74250845567614
9f3a8f0878968bb36f7a3321317748df,5,99.99613023809675
314de797840fed0c1e2f5a060ab5d76a,7,99.99897665092467
5727b7fc8bcdc4f19644eb8d336b34bb,13,97.9587939852282
7eb4ad08f78c56d4c9b5be3a84d84513,8,98.85647704069532
22d5fd6c9d0a4b9600085920941a31d8,0,97.82167979906812
dc4f23240fd2c8be0f0920cc57ec0b6a,10,99.40985989483991
1bccb672e19dcde57df8f5bd16a2257e,10,97.03241083215788
7d01ea4d1b8e84519f0fa9c6ad6b6243,11,99.89055310665313
833f57ea2e7ec04f8981a174e99a78db,18,94.61710168751789
f0d602de8ad8ac0bff4524e2f1cd8959,10,97.22530797000488
6d6f664d6258d15df591c75d5b35f058,3,99.18611724125856
438936ac8802b6ba72a974a677394160,5,97.38813663703824
0fe6d9843968f34e9b3ee1ebdff5ce56,5,99.101245498531
d998949c142b6fd0bf4033c2fc490bc1,11,99.72964880590078
e37ae1aa10042bdb510e2466fe1b24d1,10,99.5457539919776
da03c5ea976167ceda12bb41a89a8c64,1,99.40988597204839
14cd41450f43f71e5c97604088e968d5,13,98.81097289187393
8c44030a601e48945c6f91100b662f05,3,98.33109104534881
de75fac1b8edb2760f50c874c5362c3c,14,98.76373916385542
e9743e043bd4cfa029c3442e8f6c6737,5,99.74511676150391
9a1511e0754f9cd78c10c1925a5e3a60,3,99.96493680489641
3fc3e2172da714b65e775f4683db1631,6,99.9787626958716
f20d3ddc498488a896bc1a17158661e9,5,98.59813048383847
0be1412a59a9242007685c1e444db03f,5,99.42382131913514
fb81c8ad62399c4d4b7f2529258a7e43,5,99.91477875974454
a7d5224a36247b2c8f4ef27fcc351c8a,5,97.76891519457469
2f8e6262863a976b5e5191cb94e2f0bc,2,98.97541303844237
86fd5e3bc1ec6d6179286667813d73b9,14,97.76621373330951
ef6a9fd89cae4af9579d501d4807a412,3,98.17153680498784
a54da9e231d7246a24871b8ad11500d2,5,98.55327636516517
c03fe17b2ef4c99f86a0fffc1359da67,7,99.37021229360582
aefb0b8f3606624b42549bb35b7f39a2,6,99.5342250668128
1116ebc1b2a9ab9409169b87e37c2377,5,99.55804360718997
6abdd054225c8eb8354e49cb45736f22,10,97.72529239144333
273f6f6b4989c7da1a472721ed217b43,0,99.85533517204911
6677eff919bdc38954c506fabbf6a79e,5,94.01560720388528
ac29a62e41e15d09049ce7ba5094787e,2,99.65820905689588
cf39d4349acc275049e825cf6d914010,5,99.04537708067167
dd62ed9f121dcb148d90d8996c5c463a,14,99.22101108889373
c14317be6a35281c1e8d092992ef4462,0,98.15389501902226
36b74ccacaf407754add2a5ba734e066,9,96.91776773120793
17ff36e940adc2b93bd439828d5f0517,3,99.82964438162347
5e1663953f5d30ffcbd0daf8e9fbeee9,5,97.20212174770165
47c5986453b163011a802169102d7110,2,97.017144035533
60a2706869ddfd03cf4a2069ea7c0e9e,2,99.8364688066147
33b10bef6a2424efefa071070c74f565,18,98.23563885882814
310d86f2f72d86ee53076747b9707f9a,5,96.94223088808417
f9b5ef46c5a90f5621dda57dc162cc28,14,97.71951130017513
11f9c341fa9a5f65e2bc200be11a9d33,0,97.91758071629378
c7c519ce47d5ff8faf1fa45f788127eb,6,96.82514689681798
7c7de56a0754a4f5ce2321cccf59f952,11,98.86165976876522
1725d9fbf2bcaf5d0903d677e5812577,5,98.15846003046425
cd13714f7e5c37ce1a132a3734fb30e5,5,99.89724563730387
1886f158f945da256dd0d7b09a8f6f8f,7,96.59778910254948
494f28e7aa2470ce6e5105c9c7f64f59,2,98.79722353672953
c2bc3ddb01b1f1b97873c3f4de49629b,5,99.84843026157316
974c108d769d02da93cfcc4961ce71b2,2,97.26713516343176
3bbfd4ca3fe3731225641f252c822fdb,5,98.07068056466025
18ddbe22ac8c821664ebf0f3ac60cc88,14,98.65158534684184
23c09e9c9ac100f8d871dcd96a1f410f,11,99.43073751166612
ec02efe1759b5089ab4aea35484fb350,11,98.04780178849505
a0b1bb2a8ab34601372933626356117b,0,99.19275364982042
cd2f6ab0a17fb7ba634b66b75cfb32dc,5,96.16016298017882
772019c58e48c5facd21b9bbc9a6f39e,1,98.69362941304013
f0b7aeffe5fbbeb52cdcdc8f5fe97fbb,5,99.83680744853356
fde2bdec9575c22b09e7e596ace84aa9,10,99.46802586639618
b589bae4e345c233bed4c39ce690a1ea,5,97.85957994287621
a2cc29089be8d2f26632dbf6dbbc2cf1,8,99.33103688644694
39d139ca647f1fe71c19f9c026d99dff,3,99.41967406900034
0678e77212cc80c57ab2d44d674a0b02,6,95.57410477628599
161fd5f22a84e9cb336410dee005000e,5,98.04286401078164
26e3a8b3c8c7efd79697d48456854356,2,99.91592417011478
b56fc3fb5fa2e52e82516653dec8fa4e,8,98.50615400088002
6c8f18e581a968d649cb8fa53cfeeb4d,5,97.64458829216773
dc5914e3514e69713c204bdf41ec1332,11,99.8136872015535
1f67ac4f8f406ccfde543995d3ca33f1,5,98.43490343890264
bec707151c345d39c4577b62d5958ace,15,95.39224472547231
cec0072079ea02ba296897f055141029,5,96.63029886270937
325149258360f2fbfceb6b433f2bc42d,14,97.22700865692444
998ca68bf378cc1a1cd58b6ae55765c8,7,98.61392691946666
f413ad0e049ae462ce40cb34b3c57da4,5,99.38539088355157
ace021ac9d7644a5a5eecba72ad58b08,0,99.50960547131032
f95d7af0ac8812335122e34706cb8fcb,5,98.37399923113485
61763646f715e1120c3153471cae9035,18,98.35044063243393
51383cd047fd4f5755f6367d4d5cdf93,5,99.40471672970082
7160a4fa67c210c27387f773a014666d,6,99.51084543385173
8730c55bc5dd117e45c5242ae6ab89dc,15,99.9903636359112
de0f211dc87e64597fcc9c3392cbc039,5,97.8385282178925
e763aef83206a3f7c8e94a7e34e1633d,5,99.94550555369769
d144697ee2b82168773fb541fda09e16,5,97.8068329405518
94f733c99394bb900034eb3486b36851,10,99.72760189977417
673f3a50291733f524580b82758bda83,5,99.66060474195388
47bbe8d6083a0afda10f5db83323dab2,5,98.54198512005632
6d2f2aea94995cbebd90f23294f1f701,18,98.90509756152369
cc4b4a59154f9f47708412bb80e3ef77,3,98.51279892951862
bebdc4cd13a158c06101bf837bf1681f,3,99.52688088619439
bbf97e290ad06922875e274d2b4180ef,11,99.26388849963318
63e058d39d095770a84cda7ea4593eb7,8,97.81396307688371
0c354c1a837c6b7b58aaf04c3291acbb,3,99.74435484451033
98c4ffe8486330bdb696edd524f4ea9f,10,95.12021785657409
f57879a416a4621fef19fcc855e0d662,18,98.4512060873503
1f38a8c51ab5f15e700a20b74df57185,8,99.92970144343911
de40d35be1767f046b4e1eb8d627f0b9,1,99.42843856540995
0d676cee05ce3861c3e5c3997f22f81c,5,98.32477218044785
91cd3438bd60b2d5dd369e190139b59f,8,97.46391513505414
91292dc99607ae54215b60782f10d195,2,97.9648167719798
0c49090a472c595d361161032a387834,6,98.1647580341836
855a134406cf0893cfd68e510c971cf0,5,94.1485752220051
1180331d9109f6e2896feebed87e7bbd,9,98.50064209369161
eb97edd791a2aff265643f128dad5ff9,5,96.90468486083478
c4b3952a3ad852a54628428de425048e,5,98.28196497192887
b299378dc210ad0373b1f1006dbc78e6,15,99.28676539378152
24a1483f5780210389d9ca0480bde060,3,98.47445755930863
c150234a961f1a374f681b72e1c40f95,14,99.63707782328095
4b1a786ccf8d90008ca8693f9400515b,6,98.36823997534802
2a72e6756fd352df377a789c090e21a5,5,99.41904594538023
cc56d21c07924b97b0dca1ac699c8212,14,98.87859016740083
636a50fdaa5f5fcd62b289158a545c51,5,93.31413427555518
7cc2efa72dbb76933c8d93adbb93a8b1,5,98.51109630859244
3d4bc37a8e86fe6837c1a90f468c513c,7,98.22358347929246
6b57e56a64c47f22c034593636428d9e,0,97.43409850657139
eb6758563b723999bfc5e9a49be43f0e,13,99.45407634859174
a6622a847b821abf08bccc42837f25cd,5,98.52237500072945
8ac45393324fdc4ba521b57051f406e3,5,98.69121324238586
7eef320ad08b82ae220e69a40f78c915,3,98.47383244876005
06433121b7999ed6f681223fea5366f9,13,99.76259788339088
b228c0b81173bdb7286ff53c1180cb61,8,96.33433167184101
4fc33280b0d570637156cdf17815f86b,8,99.217074356229
d724f7033bd90b62a952f3fdfede48f8,5,99.9093402464671
eea3ac4e825b223cd5d64466064f6a71,1,95.90003806319905
457f30c8abfc802656644602f8307acf,15,99.49861824352953
e893d2efbe79a9e1bb6ddf7a139dcd20,6,98.91859295301208
4afe4e332dc396ccc1ac5f744ebeacd0,10,96.9192594427837
92f6807cdc0c63a06fdedb3e5fdba9ac,0,99.00300937360015
b611a5c5860c577f1e1ce61aceb4b105,11,99.31439935580778
eaa43a63b4d0c835efd7b617331d0250,5,98.81813853624189
26ba69ba6fd3989a4933de99cdbf2f53,18,99.16878924772338
f5c9bec4f1dbed79c93ecd6b3176e575,5,98.2255346839066
9881dfd729079c297c84cfa3288e60f1,13,98.4961504010607
6eff476f6f0f5519bf9ca1bd4fe2bf98,7,98.63045694764818
58cbc0b2319dc9fd38dbecb152eea926,15,97.13729130380598
c54be7151a3e84a861aa55153bf42364,13,96.53328800861115
53b958bbe46e85f27fe6d73c9e3facd1,10,96.02785927828889
28232f087b546fe6a9ce00ee39203ebc,5,99.41048065593621
388b29d2e2f8116503e29904141ed326,9,99.81863336622742
16bcf638d325144066094277c56dcf6b,7,97.47549501122867
ce297a452f7bbb8db7696e297a8bb3a7,9,98.55724440386109
343e7141e4e768fb9882f2af8f6d5578,2,99.82191122394836
47f57088e8ea0b33268db08c78b3a6f0,5,99.4198686486607
8f628d01a50cc380950bf0fffd9f7649,7,99.96297714597372
936c87e1dd926850caec232a13281e10,3,99.94452703518525
fbe26e2e0f3f26377eeb418e88dd253e,11,98.78951548170157
c6c2b4f230d9f1914ea4bb691e0439f8,5,98.32150221372024
6c75ed2a99dede702e47ff845c96d137,5,98.84341113186498
26e2f150cfb13cdf2a5d11f27b8a0ca7,9,99.15420328803617
1bdfb44ebc076cedfdc8d98f7782970f,13,97.34396766687807
7b73721ef0dd51c7794d6b29316f3963,13,99.99004093675404
e3bcaab5358f4cfd583076c6fe1f5010,11,99.96594053441893
3503daf0ff272c5ac8f91050c1854833,18,97.90575705581035
28dffc43f1e37f76bf27d58b6b233629,18,99.34888147006596
a7ab59e96320b2156cfcbec7c599d4bd,6,98.15064984835563
fe77ac7fabcaa160ab1f68b2679cbf39,2,99.66859587730985
0628cde54ad322c888c585b8a75ba630,5,99.78388485244399
0dafe39cecf64f68ad78d92f7bf63ead,8,99.60013292840216
96a42577c3f1e1f02482580dcaee768c,5,99.1285471539266
1dff0bb2cc1c42fa6719792ec4682e98,11,96.25421641421593
4269b23f22f2381eb032f8bb7f4f1c2c,1,99.86170881673021
945bf8091bbd9f1f2e4cd5230cef8b8b,5,99.60100573725401
1c29090b791bd69c032e2b2888f747b5,10,98.92494701983125
bcf1750e3ad2bdd66a0cd315ef5ef299,5,99.01104986050703
a5f683bf0804302a961da1a7c058ac15,14,99.55943283980473
f137706f2fcc3fe4273bba4b5e5ae4e4,0,99.89911312209311
36f2aa82cdf093b9a529f66e6f817150,5,98.70156290682391
f2ab8c877ee153da8704304a75fa2391,15,99.58543511939648
4964da7498d0159c4c32108e9c0818fd,5,99.95658140525248
fcb1cc349f64455eefdbc1910c849bcd,5,98.91257443715392
2708689c0b387a9cd17cd6b637d89e4c,15,99.515970194157
06f95eed8234ae92819764930618dfa8,14,99.58317722529108
670d46a6f4c17b800fa94b3fb34602ee,5,99.74928073952384
5df3327b58deb403cffb1fce4c65ec55,7,99.95576881406282
414e48a116b4985cbd575d0563498932,5,99.88559747356578
c21c1c14b8a69090f5a0796839004878,5,97.40621761418684
9291460c2b40f834b17e886bf0949078,9,98.78502325246876
4b9a7aadd5f813fc0dc68df645d0576e,13,99.59306958389902
1ab4e098465501e8031d2cedda4c7e9e,11,99.17923509198023
ffdffffe51f1d85071e33d933c86b10b,9,99.34464667453031
4f42978f646e7576886ada5c5752cf1a,1,98.29743474942775
2fdcb6f66bdb77ae0e9548f622fc26d7,18,99.16103161228062
44565abcd3c49ffc6b6ca8ba88015374,8,98.59916706729291
555280adb6ec13a3dbca20103263a786,13,99.28316522386265
d17b845140fbfd8c14ad8ef75f71dd14,5,97.50753305547768
21e8180f31c6aaef0eab5bd2b78b7bd3,13,98.84867660068795
dad0176cedf680654ef30d8178e697b0,13,99.93264158750641
6ec3755f6ed7e57cbf7456c25fe0fb89,7,98.64840456504301
0d4bbc062c374d9ecd9a9153d48e8b28,14,99.59774371568443
c3d352f43ae23014acc43028a5b244d9,11,97.34418202823335
7cccf978076c8e2b98827d32b5b07104,5,99.54656567551393
57c6e49e226e26303383db8b14e46764,5,96.4295957480229
cde5a5aa74f544c4fc2097156d5bc2f2,5,98.38995523208679
4910e8af9f2d5962bf876634219083a8,3,98.90684724334058
da393de2617c1618ce98cf85d2e688a2,7,98.94931798726712
ce361f605c9604a63c16b15cbed8b29d,3,98.61902357391614
940c100ec3f46ec5e6386740669d59ad,5,98.1987741824178
8139f20da3b40152ca7214b1b4a1bbe0,0,95.66684544380685
379aa0671fc390500415bec5226320fc,3,99.34580304102438
0042631b806cd05574b7f76e8802dca8,3,98.3163552744082
a1794ba56e668b54adbcaa4334ddb37a,10,99.3880007649025
a2c29e9664eac0a6c2db81a28dff01b1,2,97.81995270732367
2095b5b1bf7f373cbf84943f9657b811,5,99.87134727466581
358fbdf845ae79f7bc8f4f19a3048593,5,97.55645424185829
13f53e0df23bded82f85e41c38eeba46,6,99.72646255092559
aca695f0fd6ca1cd40dc39fdce414e60,5,97.4556955724277
a19a898a3a49b10de602c8e18b2366e2,3,94.90008349089692
4bf37a1386874bd25ba168167f96a3e5,2,98.08298154091091
028e9901efcad702f3c3e9e3d8f44b8e,10,98.6761918306601
64564f3f6d67dae42c2b6c41b4a5c243,14,98.59512809527473
7777b167b37bb01c58903f69d03d4fca,13,98.95638959904146
4c58c1ed8d743f3f1982981c5e667b89,11,99.35584707938487
22e82356ed9167222587a1226fb5632f,10,99.12113262758612
9d039726422ff9aa83cd7c2310f621cb,2,99.40901693399188
c2e7dc32b6d0d42c0314a05dd770c9b0,15,98.17004186559274
cde6fe4caf287632b6d90a8a54b09117,5,98.73467680447048
5de0066640acf399a102ae74a9ad3b1a,0,97.65526964276626
e349fb944d5eb0b452c6fc3fa40811cb,10,99.05362345081927
d9df346966753d22b253c9ed26051754,5,96.92918566725089
c269543fc5024cf5cef60d6b2d0cb7c1,14,99.88460487904095
ff0972e69674d146acdbf386cf6b1be6,9,94.97158758515432
df60f9761d82411a16bd83d420d75ef7,6,99.51481645701102
5e4898b10e078c610a51af38b371cffb,2,97.30218693745802
9cb91c472c981b4346a1afddfc77bb5e,10,99.78389322581488
e6e7b15409ca5aa917b60ba751fd4ab7,5,99.68389947012481
01112dd31c6fffffe774a61d5f7412d5,6,97.30143143074406
5a3e6e8586675746abf48052b69c241e,1,98.63395578807005
2a65f5bfc32c36155daaf38f7aac48a4,5,97.34730192644594
60acf94496cf6f65ab0900c1a70d6323,9,99.96569430487071
f6e2f87a7676a90d8798dfd3bfbb6469,1,99.96027030302338
851023a6b97bf68862b0fa3d7a060efc,7,99.20626903052991
c363a46f61012dda189f4cd661f86cd6,8,97.77891202954339
c3bcb968fb311918a4e81b366db69bae,8,98.28891692356507
87a9bea84f850d12c0a92f2bd3730741,15,99.91816130490167
a4964ca9a04e3f0c5f4149a70d11e05d,6,99.79655231155277
491c93e5d53d530e1a053b7edbdfe532,18,99.92275637211826
03665710f9810e6292fbf13b847ca84e,5,98.38984341971988
ea031463793ac64623b61178440d8b5f,8,99.3600973865825
4ef0e1449232b27e2c41db31bd2a5cd2,9,94.63806559898596
d966bfa4c2387bf99875e281381517b7,13,93.99067450510822
72f6e92693c9cb115ef675778895cf2c,10,98.12724647777017
e59e6e69c269de4b999fd9b50d4c18c1,11,99.81151892820047
daa91f06b2ef3d2315b0145440b4c4ab,15,96.37674809185091
bd8b3a47b246b301d96b918a1a177c5d,1,96.9843014579401
8c695ef02d6ccedef54ec72638b57cd9,5,97.17601089053103
40cb587f62238d6d38f02c50cccd489f,1,99.59918952172129
9ba1cd1fd9d5c8bb059e71fcde235048,0,99.33136155385434
c621bda34abdbaf1a0f0863d623ee12c,8,99.25943545365413
3cc55765a0c21716714c85d4629c78b9,5,99.14778980149107
481f20105de6073eceb4fcd8afdf20a4,14,98.4169387965643
789557004e663fcd464875eec494cfef,7,99.50341715209677
ef5ff9463eb1918537e304ebec67268a,13,99.83935436966323
1bdb44220e95ebb20a843acb57e959c5,8,98.23348235301299
afe024983a27f594f6007dabf2b7a52d,5,95.36875534324012
7df72b76c89b229fea72467e1f4c015a,2,96.61442131787015
012a909ff3400f213b7f9a7452ad325f,14,99.90231503501005
576cf098f4cec572aa1d9ed6b9e6bb50,14,99.88857135435187
99357be364443c4db3cad072e7983232,15,98.33880152979015
38b0c8b0266a98abc558201d7ac658dc,8,99.91206996220757
63a1e9f20a23fd37a178cdcbc826a7a6,10,97.72795066397529
f0366483d3a4e96490faf9a12cacd294,10,99.47666971520269
ae943b3eaa3740f392dcf9fc4b4bc72a,5,97.44255551687132
30e88956cb54b28297086bc25f46c577,3,99.8060802310874
3d0e0a57926bc43bd0fd18a787de34cf,0,98.38705992237041
2b16e98436915ad2345e6d5e5839f211,3,99.749273970263
2667f912a5ed755680c0d0a1a5d638cf,11,98.41083045465845
4456c61ae5e8890dd42f64132cbb812d,7,97.18574196399156
44c78e7564a8c3dc025159e8894da4ba,8,98.70060163797552
f67623b3f3928a1ab1e587f90c2d2534,13,99.0868864625977
6fb3a5e19eb2a1cf64d1dccfaa9ad141,18,99.6545960047894
4605d0ecd97e689fd5c7c0dd60ff2032,3,99.77392326961127
234a45179dd7760a349ef909805dfebe,11,99.42924212905207
c9cf9cf329e5ed85225763c84042ce6c,10,95.42936449192104
4e1d00a182f16c9f8a54884a7474a79c,3,97.70250644003916
6c02b3193c7606847a0870e7b79ef108,5,99.82569791391616
71ad64b691cbdcf4ea78a03ae5119f4e,0,98.62138155077481
78d0c6bf1142e5e324335700c6e22e8b,5,99.12451563298669
77a5a677704ff42e6338e252481abc24,9,95.92887202651731
49c7c26e1d40ed4b3e2f7d358842d3e7,2,99.76326790717918
eb4de119e6ec55e9cd095c6d57fe2db8,11,98.31807839138632
f9cb166f37c6e389233a63c07b7487f6,5,99.19798545243441
fd10052c01bd17ced3071baca2e39bf7,5,97.86117799291463
bfc5494fad9da713fe10e4f01b5966af,11,99.98656910694257
15835142f920d272ecdd2ce35959a63e,2,97.75313490759308
9ca9bb7630cc9738b239b2d46a8ed272,2,99.63387672843992
8201e332d6a9237d91c9735375c617f4,13,99.04317447246402
63afcc9dcfb71e6d2287e1a8fb28dffd,0,99.2266135990228
407539507897868531e74b8022c94a97,13,96.38628080432858
bdaebb63782b04f2791c4f650f3308e9,15,98.22273830882827
995e61e8b4ed4ec70c2d4ceed5d11706,5,98.86516981430057
ead70ff1bf895c43dad0b2dce89c78eb,5,98.00339785418947
d8254155401697beb19cefac2ca48237,5,99.90253991837199
8d4902ccdbee7400c958bc540ed6634b,14,99.93082525270495
c9f9199fbfb8e7384e611ae9adee79ea,5,98.13823362276227
3bb5764c3ab790e419aeee6c1022da95,5,99.94521868339254
3bb3f02c5ffcdbd59e89f4cd1a2a273b,6,98.37098656638324
7c251377cf508bfbc15eedaf2a330405,11,99.66984573209143
fc13dfbed9bdccce4e1e2902605a4b6e,8,96.20356684800518
4c741c4c90979d590a93f7a29b8708bd,5,97.20760293904284
ce681875fadf9068a3fd6baaffc95325,2,99.39249353806503
7d741e74c6c3ed677d9bc182a9c11dee,15,99.31804924425195
2d4eda4760a24862e33e708938324283,5,98.2011694525439
1715f2eae14c70c2e0412ba4e2a7271e,18,99.35379600120719
6dcc00254246b16e452fcb573dfa437c,10,97.55875260665192
dd148619e4aa9915bc6971920b0abb41,7,98.48866031878127
8a3019fcfaefaa3b8dd575d6fb1d9d2f,3,99.41878943766224
b8e3468a9ed7d6bec9d49c113e74640e,5,97.45985618237324
cf4be4fcf1b0a2255b3902204a3038e6,11,97.69993556450146
7a5231f7c3e82b476df5afb392351d7b,9,99.24537297807397
9c513a6911f88330978a8f05056e8426,5,98.96529270078072
e7a4da49798b6367f943fb5ed0903e48,15,99.41583086822428
883597bf5a912c2d29405dfc4e43de4b,6,91.20132007698632
38e0fb30dd88b5238a2d9c1f0af5eb39,15,99.023792131178
3c7b230e0d0d48ed42aa6bccb8c1ef89,1,99.59461336247165
e3de5589cc176be75399fc28ebfbb52e,10,99.06468941452874
52848c7d84506269377108008423434c,5,98.6993280048371
3cdd64485b362284ea39a0e777a1b1a4,1,98.25169035464552
f74397bed84182a03b3537c72cda9a73,9,98.91256281305905
b270e818dc1280de79f94ad31022ec05,13,95.67459328800251
bbe50074f613b5b8aa992d8d086dd540,5,99.01444328382323
89c5c678978d6ad83ba54f5f11436436,2,97.38343229206697
7caa39c6571c83a2b6e980c1cf3d1eaa,18,99.69012424915094
86be83200c1788641a49cd5b01f2384f,6,99.68797754151133
bcb1c1bb7e3d51a79669cb5623a22853,5,98.16989131947403
4b2550aabc8c26bb3689050603bc5698,7,97.35047224206323
d7a610bf5e4c67b8a82446951698302f,5,99.8972409634828
945187546e748adff9b3ccd2b95af797,18,99.44861830035094
aafceb4188373b743e975c734717d61f,5,98.79902510460792
ec92009f96313a25a4005e64a871b6fe,0,93.98653001143967
3b9d1fc892e7c51238b0ad1948328e4d,5,99.5551126061317
4a880d4f86ff4bc155c5f9d3b54e3df4,5,99.65858451822741
eb0d361e25f864188e2b5950ea84031c,5,99.61692474524018
eefad9622c75844dbef9c0895041d0a9,10,99.1839817729179
fefe17c00f7f200b56ad26aaa61b7ca4,9,96.2837606802549
dbb17f72309a8ab623bd1eee0f6c29bc,11,98.16664193524538
a56e57f7713d0e8b1929a924768be88c,5,99.31724250498084
e965d727497ccb4c6e7f2e37e75ab4db,5,99.65000950062195
04706e44e64fb9c22170de5b97ec60cc,10,99.86664328194317
30e7e21ce3030df120cad32632108dfa,15,97.1813661490216
f61827c4d08253168a26ac8c5056cbbc,1,99.91164810483761
20317fbd0a2e619962c86987b1d058ca,6,99.7519238452305
341e7e200014aa0ed376d4d3b6def578,5,97.59438158347085
74d83e11dcf91d87e1de426137aa7110,7,97.01256539153427
c4d6a97081c3b78021e4aab02cdfd53e,5,98.51979445422083
1a69fb89c002042077cbcf46a5ac7c77,10,95.57665681538626
87d9061aee9bcc92dbd9529127a51148,2,93.39023656133595
ff97a5da393a2db76530340ab575e91c,6,99.94432582647624
3eaa8449c6f8fe1be92165b2f2f72c89,15,99.74898534510604
6e96f9007ad349b362f7f4abb8b06346,6,99.63140941066465
7ecf89138497fa368d75ac3043614503,13,99.25760416014997
888fe2d6f9ad3b62e5336ba406611fd2,8,96.874538833108
d63995610bf36750abd871a5f1793fc6,18,99.64778764592295
0382b67a06db0dd549e2512c1969c8fd,0,99.3136585281387
576ae1090b92258d94164a27302babd5,8,98.69545805578775
143a1897d22f71cd55a80ec4e8fcd262,0,95.60115896957676
8dfcbd238c1489e8708b943f58349805,18,99.27610894081718
428fd3854280fde25d93de2dbc08abf5,2,99.82294420338013
15f333ae2e57a768e6f0dfd8409e96f0,7,98.42526693056527
5baf30d139d8ff81926cec0dab662d1f,10,99.14877128140623
3a5cc8e9b107a5eaed65ba1e2ce669b2,13,99.41619538394289
d8101e8146568c5d6f75a416d83ebbdf,10,99.01829053048581
050b7bb6ed30ed0a2ee37cb6c3451b67,3,98.88050877780817
b6058a4e8c11a80876730fe48ad7bce5,2,98.19681352629141
b42445315b88f528d67b2022903a4ef5,7,98.80882251597363
fa7d9c2aacb9703919b4c48b0b74eaad,8,98.72432916165644
a282acaff4a2368be71be6b78aa2f6d2,8,99.4758280014971
f46936394f645c1304a692cbaafbae3d,3,97.41540523636519
a33a31bef54634a05342ce57d74079f0,2,99.04733307883423
56cb3bad9d59064d26f032c78d3189e2,10,99.69298715853388
a91a5c98be4fc32d176d4d201888e4d2,1,97.9347336411403
032c2d23aa5bb1064fa284b531a4a18f,7,92.51218530874854
d20dc93971ed959cf214ac6da49b56b0,3,98.71638692831496
a988e91c20206051439019f4d8a23927,5,97.48685240909168
94be518139e9bfec7011fe41695d1d5c,7,99.86145123532582
de1ac2d29aceb13f1c8613559fabbacb,13,99.11984676234592
fc779e178286db17d72432c3dd255580,5,97.29707569220736
cb00cf505770942566a6bef0a1e750e6,5,98.65200495016428
c0035a170c74fa3853c858185547e70d,6,99.49921402521672
c416ccb2f09a93eba88d3ac09ac93d03,1,97.25230894981047
b9369c71d4dbd3534f8d04840c2bb6e0,1,94.77538934428776
031fe384d76b6877f0bed30ec6c22055,0,99.04194264171966
87a369734a6ae37735de22132158a72f,8,99.20443200287224
576f916d0dcc5228dacdcf1bf2101b67,5,99.94020737203562
64e9d19696946ae3ff453fedc6c1ce4b,10,98.42184066376588
a4f1ccb5840c4e347f3982cb58fb23b0,15,92.51545474506773
56cea3cdc564481b6dae1f56fbbd3b67,0,99.749448675829
7ff7b68c95cbe9a4dd23501b122db7b2,7,99.27321648829556
cf66c681c71ec2ae508d5c67c78b17be,15,99.62861515191648
453100a34028d0fc99d664379cd113b9,9,98.02185572803579
3727784cc63f20d113833300a979ab9e,18,99.29364669075682
96ee6e7fb561f135635cc5a8f3d3dfb1,5,99.87198873471893
9c786dc0292900674f2069e8a0118302,8,99.92876638619279
b44dccf8232fd3657659dc53e81c7429,0,99.89648642160356
a452ec9b9ab39d5e5655d87d0fd96486,5,99.36791639778403
38501549694e54866eed0c443a4e0efc,5,98.01740849018844
4d97840becb8b5a3231fac06df2e1d24,5,98.24270841747773
5bc655308f6084625e5e6b3bce3ac906,7,99.01973025294299
22a37db06dcea25486ce59fe3abfbe0b,1,98.67355643821658
ee223cd62545912f48464221d6e49092,13,98.11519153174953
9edcb7e5eacd61526ac33a00526c10b8,15,98.64241011236305
9b6e500090b78ddbdf98aff3c2e8f97f,13,99.81238861273889
1fc1f6917a3dc934c950eab9d638748b,2,94.47141951790142
1f89739edc6b1dbc04199b41a40fc6b6,2,98.54391612779385
4ab9c0c16363bd03901947de7ceb1864,7,99.10133472892736
f8fde16f1eab23a2df5cfbc00a4f44b8,11,96.48806082242389
d98109160ab7022ad3a4cfa205c1b81d,6,99.71072109853557
58d72a52d5cda393ec7e9b986ed31f4e,14,99.88082963524589
4da3b02c3a96bc300b18677cefc53678,11,98.06066867396231
30bb2d6b63367a76af9ae641efb08ddf,5,99.68729004169866
5173072a04277cbcf57aefc1581e0928,1,99.62580795029439
fb603ec0a342c2456948d8aa411282a2,11,95.59290569970719
210ef522c28ca052af40f20509a6a0c4,14,99.68121285391952
10d0233c472464f550973980b5f37359,5,97.50002191173841
75eb348efe40122d812532765d975c3b,15,99.60725139530737
c336f2852ce3725aecb12b7a5efa52b7,6,99.33483038908
d8078ff1e3fa1c23f4c1eb77014e4d1c,5,98.13722430437794
ba3de8c7cd548f095ff991d505a1d1f8,3,97.9545466967836
8baf81376fe898dfaf40af44c0b7b70c,10,99.38788168178473
82e9bf2862dca8809c34b88cac18c2b8,2,98.15368400954898
b096c6253d3cd773de7935a893ecf05a,2,99.7448620575829
927ce6e044cf460070aeb99e5eff583f,1,91.7545094548183
d94e0a77869f314e25619a4d455f64d7,5,99.91584963437957
6c6e0130024850c5e2ca764609a49a75,8,99.99370712338597
10f5aecd6193bb1fd44ceb888587cfae,3,96.56610275857702
4d1f9b9c32a0cadedbeafbf9098ec474,15,99.96920698805965
46a76fadca7ca8303e3169cd6d106b80,13,98.99228287426718
718d3b592c592d584484bcbd44832e4a,13,99.96167426125878
a3767de5b4beb09efe235e11fa7fe790,5,97.51686769798242
41abed821b28d9f167852029c8991ca2,5,94.67951339026187
bd3f98afb25747ecbe6888e5b1e92cf0,15,98.709868870438
64059a8ac72e7e4f355e1cdfa8087045,13,99.44805190910816
d523600b5488d641236f14d27e284d5e,8,98.60186185722465
ee2cc685cf823ee53dfeab1126baf599,0,99.63758031709075
cf828a73c4ef675c455a09b0ef83c0d3,3,99.95276188692054
0a12c565bdc2671ac4c3cfd4c0ca78fd,1,99.9370951738519
cee49db61d4acedb7a99d1361db350c1,7,98.93309240527802
7ec109661cb991b6036c2ec69f12d76c,18,99.23636220257899
68b4f72aa7feffd1f41f26b5df48c894,8,99.46970792172607
213aa07356ffc02cc534292475661cd6,10,98.4110263149791
82399e3d5fdfb50ca97c2180098b1a6f,1,99.43555587656155
3f8e8b2c1a74834c1dccbd8d1efefa10,8,95.95176820492603
c27a91d6aa755549b5dd1a4bda52e804,15,99.16681041176696
de52abfdc34bd1aac9dc7af6b5726455,6,99.39386423030757
9765bb0afed84876c211bb7d8829f89f,5,97.92430876125258
e9d5bbd1e77ea84af601c682443b179e,5,96.75550616328167
3d5e6909002cef59966138a633b61ffb,5,97.42531345046669
e52ef657ee216c7dd13d68180b52027d,18,97.92421296883361
da55c68f10198a41541abc8d61332b23,15,96.32005080383168
856cd6a23b165a04b0701e367d4c1199,5,99.82819581327101
0255063cba154f81139e1f6cbf235677,18,99.6240387736776
495d9703e2b9502f08344339e6f28c3a,9,98.9603963793552
fdf8bd732106c594fb6fe1bf6489b6fd,5,99.62467796072886
ced6b5bbea7548fb6bc84ed870a59d39,15,99.96567016291607
02fead64ab9cad741580c9fab7b928ee,1,99.26177357372602
0751b9d0b400386f5e48adc8be9ece5c,8,98.93026528605957
519008fa259881269a60eb9d0efaf159,7,94.30961532737258
6ea4292017169e2c924db15d04ad7f61,5,99.80317861302973
4e4e251f64bffed9d3aacb561855c2ee,9,99.14502093342847
83c76c67d12134f007c883b5d03b7f6d,1,98.19180175840337
13fce0a5b782a6f3fa559db74778c0b6,5,98.65206545135324
9f9baf678b9deb0954fbeb5c5eb2f526,15,98.23588679558955
8f8907217f0ab643da58d610ca06ff57,0,98.29339129541536
df74a287c62b52ff5f83d08cb15b1ddc,5,99.44757493170988
5bad7ffbe347c31cd554628d889b4400,15,99.55940875443375
2301cd5acd3b5c6aea75a320881eff72,5,98.52657324859925
67eb94bd554fcea0924b5e5967c881ac,5,99.329270379972
d25f91ce43c54ccac8f4598efece8992,14,96.11843765029425
85ccac3b25baaa149862caeea49f94d3,5,99.8762211181342
cf949be7e59698cb0b22592d1f085c5d,9,98.9605804066837
438688eb6df6b35f567c58910248f5cf,1,98.80320776123081
3366a98f87abc625798999ff76a722e0,1,99.73652203796416
5ef40776fb3710662c237bcb24dacfa1,15,99.3549565804971
ac535be115e893e36ecbffe58c23c887,1,97.72442806616719
ccedf09e6927af83245ec2d1ef7d366a,0,96.48527392313211
5061f10770de46ec1b2a5e88aee05836,9,97.12799910415589
2ff9180186dd68ba2bfa4dfdba4c7723,9,93.42111647801956
497927e597072a568a21f21a51f113a0,8,97.93593033574314
08d0d855e2c65aab5bd7143f83f64afa,10,99.95995939202375
64b351a4f8ab348771934e4b51ea4773,5,92.53957116330193
f5d18f3bd2b6c9b725c5c06ea1d40209,15,98.67217132949571
2bd1542e04d41a5b29bbcab0c8e19a3f,5,95.18572624329909
d1d39fe394a8c6c512e28d2fdd2e1791,10,99.18150385801263
6cff4f663926a8c272bdbc2e881f62c7,6,97.87023716484853
4896e1a261259c123c36972036207d0b,11,99.612390582712
6fed0b9f129900e7044701a3d69e16c7,15,97.93036344862341
882bf7987801dd3c14abd3e31383e5e7,0,99.512611139706
f34579a0d5c1d118f8b68aab4565934a,5,95.10576361927737
e5805686d269a8840801ae811e2d3893,0,93.11204710024035
f638629d7aa9c83aa3d17152fc0cef3b,18,98.41451877797354
3c74ec107b3655ce4ebc98e05fe9ec14,15,99.19088334618195
776cf05aa1ee11064c40d380fdc9986f,15,97.87697105946019
6b6a675e38377229c7d3a2d30b4bdc68,5,97.9249741038436
7a5e816a54f14197a78613dbd0b8b7b9,5,99.10176372945278
c54a9dfe85f32a2b23ad5d7029bd65c6,10,99.39957326700888
c40e26113db1eacd683b5aab4e1abb54,5,97.90985486904738
2dd74fa9752225eb5deb48ed621e5c3e,3,98.75239839724729
448d8e8c1b8b83e5daa88dfd007842b9,0,98.8220704929854
8ffb0b68cce8717767408cc72e86f5ae,5,99.36631101944855
783cfbc1fa91d7647b9825d58467eac0,9,99.17817940828586
d6c711c5844203ed95432c40192c17cd,5,99.74223317654425
27f006b9d18ec4f7c954e382a17cb751,5,99.46523252215245
997a36d05ba609efad39c0f9e6693a64,10,98.87475124058197
88c7fabc2a14e91a49958703e5e606e8,5,99.24645386294839
57d98c3bd56bccf45b217bd01e912b19,8,96.09799868353565
f871e2b70d7ea1480addbc557f2d8797,2,99.27769191776864
b47ef510b7d565a45f85c10f3aca90db,8,99.9916454779904
077631eac0df854e68bf016dbfb58318,7,98.81913911453427
4dd20d52a3b02b395a35d4e7ae7c3d9a,7,98.86822648205916
fd4f8a01ca19b222e485899533c6304f,8,97.65258084196078
923ada0ab4244836e78b06d74ee000f0,2,98.43852595502169
3169bb3f12f89973f820bc14a8ba0eca,10,98.34117608579434
b0ece11f60da808b9cf695c2d84d45d0,18,94.34753655848834
a7b5acae0b813674c1596d3e41e36eb1,1,98.3155939935204
fa2b1d4d5892527fb6e3f42ec65c58c4,9,96.96810394064426
471d579809cf32e1863a762638a33c59,7,98.34238644975397
17cfee6cf4bc719373d24c3e7ca8a806,1,97.38528437262237
935230e78493af802f8289cddfa4a3b1,13,99.02655674228585
1425daefc28c86549cec4da0552f7e65,9,96.5239986014418
4b5d3171860b9f6cd9eb81990df3be2b,5,99.75823626325771
c193f3434612d9e692aa7f478aa62575,13,99.50406855756613
c1463d8934d7a0463f010a3e9001fe92,5,99.07013927097832
cd225ab314fe5849150af70cb43a9c27,8,99.01042949964952
f7fe7e93c77c4819170f4b47b26478fb,8,99.17003322498786
c5c97405564d686eb774736316e05274,5,99.51024848992427
fbab7429e48d530ee71be38461983488,5,95.40231863010868
5b3a06b37ceefa07703a3973accbb808,0,99.72279316080616
bbd5bfdecada85733503ccd6854ef46a,1,96.47829741857134
ae3afbad24175cb9e784b8b46a188f7f,7,98.67741123489103
fa8a94319a47946483bdb80c8bc97098,5,99.95911245863017
bae23adb50d2513dd54c8afb070fc8ed,10,98.95733349190039
a36ad81546f3d96884518253e34e806e,14,99.5786259270171
5e86598ccbdb2dfc6a0309b22d065118,13,98.54907144910135
1a9e7bdc864740ee7da50b38bde4e62b,5,99.28706051767696
487bf4d116da1c2cfc49afe2e2b89041,6,99.3819788266697
3eed6465b1df50ff13d303ae124dec1a,8,99.24263794273197
52986723f7ba850bb93213484f2d9511,0,98.60659701184997
50663d4f28cd49e66a387e6a89c4c60d,5,99.22558262959191
8076b12a48647db667355791e65e0be2,11,99.30445339993044
b82ef7ffb36f452b4777449c3b112e08,11,98.74132014009969
8bd84d19891baa6ad45603569d8584ba,5,98.98145803831133
ff63526f99303d8d58414c115c20bcc3,0,98.66173094012174
bb5333835bcfc76b53c428e37d08098c,10,98.58605482582907
819c204828eec9f0137f01bcbb4692ad,3,99.12777009391735
542500c894ff28934b25f2b0641ffbfc,7,99.85859559177655
5a1b9992ef359dc167720bce5a2402f5,5,99.2311509083622
4b4b1f4abf632686fe2d67ef3fa3078d,5,97.46151154535364
b463a3b1fea4a50172a8599a2cbc0937,1,95.56714849294598
6c70fe85b4c304398ba8eabf48a5ae8e,18,99.45044868639694
c33acc95b7ef8e931dcb2b18c78e63b2,5,99.46105355967488
04bc397339ba3ea85c5eee30a5ecc2c1,7,99.70144226193415
ae51ff7961c15dfdea0ecb87073d6a47,3,98.73021678321925
45b6e9a52abfe9966292aa40cf444c16,5,97.38964931354937
6181689937aa07a4e1f37be221dd4004,10,97.24282832806023
b6943eceed71631417e2d47a04ba95d8,0,98.81563706036408
b627d397117db1b27f54ba6e5ffeff30,9,98.39502075577548
e1a55c176c9a87d2710e950249821eeb,9,98.3035114045754
681afb387a6448d69734648c00912cc4,15,97.3819495590941
a206d36bb7e08016ab970849e00faed6,5,98.96140251726936
8b93b9e2a19d8a1d745f4dfdedd73437,5,93.84931797846153
fbfe0435d38a33a7742855e8eb1fd283,15,99.50310032922265
cb6739207f0eb51ebc8abdac6564d45d,8,97.6267948894263
bf34e00ff388493bfc6c2ba682c359ea,5,99.84463914873706
248ecdbc08519cccc50173da7981d861,5,98.4919852527401
c2f170a33161d3a49eeebcd70420ac6a,6,93.3671192422673
6d462e01a35286ae8be90cb0b2243cd4,5,97.87606323540491
609070a7ad45f98e8b83f263078c2b44,5,99.57677660583988
c817fe885469c5350c042c43a94338f9,5,98.82737143842955
a1be42f4aa3f9de5c647e4b7114f5189,5,99.7097273369992
144e4f793b896b55f12514a2010d76c5,0,99.02952980507474
e6df8e89e865b003b9bbca3203cee906,6,99.86928493925755
bedb219c6bcad0582eb800301493ce55,8,99.04178160380695
22b4b72c3cb8d901a643c013ab6bf54a,13,97.43536773378878
ce4e0c54802a1a91bf8147521c65dfc0,13,99.65418479439955
cd9ee10632bb2ac56e48dc90dfd5e7f2,2,99.33529328929205
7eaae927447413e9406ce84fbfd5f5d6,5,98.75869464138945
56e92a08628f05404225b540726fe2cc,5,99.02001698766145
f23bd7e0a5e919c84147cfade2faf4a7,5,96.19360179447673
d7c5afe5420cdbc2e3dcbb94727639b9,13,98.16662393716751
09ee618ce026dddf472cc05bed2bbb1a,11,99.77816532907093
1499d8f1a62f235c264e5db1d3c7a306,5,99.84391693310016
b7b39e8cbf43fc854374a7afe967dc66,3,98.24299310309486
a2bc569afca0c0ddcb7abac5a90d7648,8,98.7733500331953
7aff49a941e30296fde5567d36dcd22f,5,99.7985858813686
1bdb0b7731b93d7ffec1d2bb337bc0eb,5,98.3285834630752
8b3bad97c73916689ba25a8d878736a9,5,99.70384190373443
7089537adaea035521ba03158d506989,14,99.27388575421706
f8d8fb2f8d0e9b37f5856eb00958024f,3,97.62961674314427
b346849cc8756f4b66816b590cdf4488,13,99.62922359307214
b859a65b9f30b093cecc6172b3c16437,11,98.64200375156074
5dfc61dec69e61d3a6a8964a31bd72e5,18,97.64179618353646
0feed55554be62faaba0c52912bf7a93,18,99.30814278452168
3618b57607fffa8c4cff5f084723c455,5,99.19361835744883
de54eed9ca5913f4301c8ff6e27ccc66,11,99.75257554079445
5f88da325c892b2987a1bb98b55e4fad,2,99.41666968424843
51f787b7271cc58d64d2c4cd4b2ed381,1,97.09678722672014
e0edf9861b77a5903daf5faf7386e539,5,98.10299600930725
a921204498a148a0ad09f2125c770624,13,98.94328204676336
f93c4ea3af07ac7730fcdfe26fe8e35f,14,96.0958616058926
e16eca62a6af686bebe1e92b0eb72842,5,96.59243446911432
5b54acca08be462c60027beff750b29a,5,96.83676675985927
9523f103431e931dd5a1e97c3e78ec9e,18,99.61210307108882
795a06e26ee8d33cacf68eda9a7b0534,3,99.05810876184452
09427c7524034b1ea6b743f6a7de6bdb,0,98.11443596780957
4659aaa294a5a62f944b6858fae3248d,5,98.51105136903276
f5b3003d6a1aed5ddd9d821f41247ef0,5,99.9614056831327
0a791285a4069a9494b26912af577087,13,97.33863753281514
13c053bb9e6c2121c38218c4ab0f6307,8,98.78002265179421
14b9f057621c9380dc8df4331c352f97,9,97.73971585103132
4fdc07dab63fccc10b8101a7f6908833,2,96.94770250652364
9d4647270536128663b5dc4a0476c15a,3,99.50553826194192
8983216dacb8663343d4a498525fbfba,5,98.55091050473183
f0df71a93a0259c6684ef423a3e660fa,5,99.8522181964797
dd2f3eaab94c8674478dfd0d55253b23,9,98.66843402770617
ebfd3ab4ce9add297ed97c86a139733c,7,98.5965748270903
6ff76035438dc58e82ace6bfc9435c99,3,99.57034247568271
242c47f4ba8362b9d7a69d9625eb225c,10,97.43558541661513
b21a09e14202ae612e91f88831d2b184,15,98.45428855212364
329cb853b79754f8445c771e92b0019c,7,99.8126490502936
225c5fcc941b0672533e838298063c38,1,99.33338058197222
f9cc003293d8f317f164d20324f1fd37,11,98.76681031194205
86d55f04ef8c994185386092f1f5b795,14,97.55058792708084
ffb292f8030a4499810a1ba578697897,5,99.8072557508613
3b12d43413f5e4b09529f92bd121b460,7,99.01478645831149
14084985b4d22da36f26ce3f3d1d2591,7,99.61653138528636
a86a94ae5fe859f517c7554d3fe67289,9,99.30601539693095
87fb1090ffd1b4680e42e585df477ce4,8,99.06916997841063
cceb28e58e9819774e86bf420924c809,8,99.49319271588179
2be68b1f4130061056f433fa8498bb64,5,99.47080964295662
12796567a1ee102f65a9bdd76b018f9e,7,99.90027358485588
6fed1d78ea64f05d1121528594c5dc81,18,98.17646360050519
0855814158f0943604bc57166d37851a,10,99.29554458549768
8e19f270ce3d4ec34010b632531498ce,8,99.05608533484187
52d6bc2e992216ecbcba1f888569c9a6,1,98.75002573814272
61517fa051b4142ae4ccebb90667550e,5,95.93151234072926
7a1272de205f4cb051ffae64c0573899,14,98.59580973679252
e824afed6a5bca5b527a3b6ef0bd422a,5,99.39375919350061
157496d367bb5604a606371ae9b89482,2,99.54579084362805
552c0d5d2d3b3842a995a4e60362104b,5,97.53962874890053
1a82ac4bc02290c10b966690b86d2a06,3,98.59732752974185
db72d5e3ee2c1b323a61d8896b196778,14,98.97569904481767
51ff433cebb18049b49484e75e357a39,5,99.75319245703162
b47893c73503133ecc0b4d4664d45a9f,9,99.01593533035668
237ddbdeaac392edd5cf5379c92a11b1,5,99.84053966535203
540fd5b192bf1392219922d5d705eca9,13,98.04399247441405
498ecf43d69bf37f76cdec70be4c93d1,5,98.4019484500927
918ee0a643250c716a00496068bc5bc0,9,99.8349647658441
043749c50b6e9f5c2c1b9aa5ce821148,5,97.72846620640308
3e10b8b318edd2f617fd15e457f49235,1,98.83443153752413
ce561fab3e8d419d76d4354039fafe77,1,98.78842963279806
56a310fd7138f3ab59247b03c04b3423,5,99.7328415923088
08169dccfafa7e3c21a2c0a727bb2913,14,99.96495319617499
ef70c8c9d9d8d89f93181550f89698ba,15,99.56619874215191
c3943f7220b1d74949c5a356ef261451,5,97.96009348629894
ae62e08ce10dadb5ffe34dd3725965e2,13,99.99692883426394
251d24ee13565e975c2b42d42cec3a81,5,98.20597130492473
ecb522af3df840d9872c695b61514102,5,99.99044661613385
17a841b995e38bdfa7565832795cfb3f,5,99.42461745107353
4d4d934192f1b52a1b037872d0fc36c2,14,98.28277038336942
6b4fc1fc3df79faa932642da22edcbc4,0,96.10632465536388
cb29d6deea636d22daf3940ee58a7744,0,98.50587218504909
373098b112d0a14f9d03de10f5070d20,8,99.08009806396498
7a01116fe5aacf04e8bd851e58fc9fd0,1,98.33237630011908
8941b9281f2d1f4fdd2804e5449a2a70,9,97.70088210261434
32492f133a6a3b0d11b2a3d8a7c71f0c,9,95.86210866867141
7c84950a159b725f706622bc7faed933,9,99.57985133681925
2ade2d08a17ba826e8edfefaae411afd,7,98.16421472931295
90f70bcf0178bce7927170de8a3623bb,8,99.55046217076189
2e483a8a04cdf6525d138f1749c4765c,5,98.03275933343636
a20f1a369ec068c8d7f716bc043a9aa2,5,99.44123240181727
1bb50cf0515fbe6197d355f52ac50ef4,1,96.27291720217755
25161f15de14c7376d70fd83a136b014,2,99.93997498216577
f2cc78401a07497a2a09161be5c91c7a,6,97.20967702628778
e3a7183cd16b09329e70ed9d8059c966,3,98.18948720322516
a1ba4f59569031b3fab8c91cb3edbca6,5,98.92421008274343
6e938bbac03307bae621f4ba4ec424b9,5,99.48090138165998
cdbcf5826d5d5770eca0bd1129e49313,13,98.9347481124147
ed01370f64236dc64a8432eecdcd23d3,8,98.1297686919929
1b63cd4cd37f21790af2c7e6ed65829a,5,94.34229695582184
ce777a30e1db324fd10207daed891c1b,6,99.51475480436996
b6ea25c4039ab912f5b06dc32a02a427,18,99.68761064211556
3d9cda8d4f940aac11ae48dd1e26790b,14,98.51950757701468
8785e8e650ecb219b51a5116639f0d6d,11,98.15413241430113
8ffa269733c36c9dc3672b977024d5d0,9,99.6489949751985
833179a00017eff8d67f5aeb1a7383ec,9,93.92634350788278
d4bed653a7c4dda25915bfd302d7499d,14,99.68066155526336
1d3323beef0b0c2d4e843bfe39e41c73,0,98.17663645626521
ec3e33db9f273dc826f52c52e8e7c3c1,1,99.95158686222013
605244ce39184ac44426a47f9fb0b773,15,99.27808325075074
b37603cb9484bdcaae1147e816be461c,5,96.99714705373577
30d1d2028633ffae8309887e9b407ef9,9,99.39207214194792
03977a6268ed30b557b3119c18a3bfa5,5,98.82645163673229
98752093840bb14e9acfbce0ebe72401,10,96.97277087330221
3856b1dfb0663c6f718f6fcc79b811e5,7,94.00611257936757
840db86cdceb2f3858935d280cd5dff9,6,96.79766968078208
9cd582f070dd69e78910aa79d6e8f97f,3,99.92965027514823
3967e193c5d18d065ef4a2cb8bc0b278,14,99.00588281286684
a7cdec1d37a019ee3a1641413a18e064,15,96.89972775890845
dcd8468d4605321a2c7663ed8ce9a514,13,98.57527596343965
1906601deebe313b7fe0c7a8aebe15f3,14,98.9590105528566
93fdeb200b0f50d2969db84cf62d137b,5,98.87178714991681
66636dacea4f2587c69fd43e294177e4,5,99.74368961360213
47984bf427100a51502c79a7288f0d68,0,96.93203713593434
b01cdadf600fe5095f5c2cf5024700d8,15,99.21808900525151
d0a7b512653a5219d150ab8ebafef05d,15,99.74286598549696
d772ab2b0bea52ec2410cc98e570efcb,0,97.58281469773476
fd46f0c90befcf11bf1513f0397efa15,0,97.77641606890182
942d8e8d654768a32f7f47df0db6d15c,5,98.64079954245895
d0e41d2c2f00a29675f7fb14ae88c0d9,5,97.5869050553116
23b535878990decec09b8a6eb34b22f0,5,98.76009340196933
40aac25c5f57aaeeb66b0dc2fe142ee0,5,96.93458455462077
897317af12d4f8313c10428ef3c1a543,11,99.7923694176812
bcf773ac7069c7fbbf2b1f960c81eef0,5,99.05433158496825
9fb2a2ea4ceea6233f51554253b9e0dd,9,99.65931923565478
4c0e2a9026fd09bda065b99b50ab917e,6,99.811439089715
ff0d1f70af2fd2f065c1e6219bc0cdc5,18,97.7328767586429
c3bca2f2a20d8a4e3a8cc4d78cb1cc01,6,98.01902580387512
90004df4a5e5248465200f939b866d4d,5,98.42786375272499
3e02e64ef33e870f0337d39bf7c44e8a,0,97.93062303274567
cb8cc8ca8c7bd916b35aecd0b6ee75bb,11,98.04732152825683
9c02a5bb0d4d75090626a5bd9832c57b,15,98.17651259378306
6c76ea9eb1020430552fe80bed7afaa9,11,99.35939801719488
dc9664114ceef0f32e92be502bf942a3,2,99.7024990506406
940af78b6f5f767f30455e90b7b613fc,13,99.39578748379276
ad58f6dbc25fb7c8b3f5b2170ac44ebb,7,99.95792839987948
df91711632193553468aa01361d6725a,9,99.37894436784676
387170cea8550a7216d490a6ddec7c9f,7,99.55522261602076
fb0b07a3011f522ca19b424bdc2b690c,5,95.87014904958706
fcc1aaf9be7d7eadd2274feea6131978,2,97.9729690300184
02986876cec1f3487e74c5fd20e0d872,5,97.97460977211881
8ba8c0bd6628bccb18f22018fb3cf95b,0,97.56235698587793
59e1ae11e8043bd59147eae40e7d7e14,1,99.92695048356187
6dcaeb713e48f64ca1f8a4fd57e56663,2,98.34122848530079
da87bdff6c68dc4e6fb450a6531ffef2,11,98.26292927267878
60636868586059f62416efd2c1189e92,11,99.86215506462308
abe2a3014d381e61fd1de41a078e7eef,18,98.41953133522172
d3421527604917c88d24e320cb449aa9,5,98.50541090553284
9c94d68ad3dca4a26ac8afb38e8a642b,8,94.47951117860144
44e21d1a00abb53e36707ed1acb7ee19,2,98.50193684199235
bb723d670cc210cf7b5cb555e5cc8698,3,99.66609985005776
67753dc086256769eb4c32c739db6061,3,98.4524982791406
20e403f5f0698d60d066e9bc1d01cb47,18,99.37366923643786
a7e1a3adac56f38310c8f115ae3cc626,13,98.35088854510174
22c884b8a4cd819855109ca85dda6e6e,8,97.922195060648
050ff100129eea313b5599c27cbf9d35,1,99.62137597253744
5b9c7ee1ef50673f1e610a17755abcfe,6,97.47029501860774
d7539d781f867eb491038b1837f17df6,10,99.69292047344004
657059f0f34f5ed2bc5f884e146f12b8,5,99.64451693599877
9cf3b24cbc8f8857c38965d63b9133f2,5,99.67431872315657
3bc498b476c8d914d3e7723ee88239ea,9,99.42657906384187
17dac437e9b9ffd2369538e09eabf6da,9,99.45056533912467
3004c0d8ac77913c7b5229ea20b4a0de,6,96.72964769424027
d055b5bf886f4f52b3b846132c5683d7,7,97.35022093845413
95d65d25f1f59a4a554fa43b3bb5c99e,6,99.36704253111904
5474fa6b14f305814bc561189f69d489,10,98.62311390357681
698256368a796a3b1bd0a15dd5453d45,5,98.39903794971549
dea21ff87fdce75a421a2a738bc61814,7,94.15759472655607
8871d8340fe63fb890a99d7370d596df,5,97.82418801884707
6b2be26554adf4359613b036a9311437,1,97.76146739901094
bfa38192f18e9ffe80d52f3b3790a1ef,5,98.05046564266623
6e8f62a454dad9dacbf6ce54837aa9bc,5,99.01066961417467
3dd7caff9bb31d3ec15ef97078bb7301,18,96.77631228457199
f94f74350594ee5e28ba55fb2c6c5737,18,99.36976203712926
de19d9d9fafae7ede15e48485459e6ce,6,98.06802153927433
dbf7007322a41a9157651bcd14be6dd7,1,99.64151685093472
5472b98339bde8310fc887b9fe8c79ef,11,98.83754975211588
39b6325730795612ae4da73161dbde9f,2,96.0521839466924
3459be21ca6294ace2640003b36db88b,6,96.19820443335675
56f0b44436a3188f31cdd5d171b500a1,18,99.681467515366
46465e9f3c52c92255fe73a30c0570c9,13,98.73356395629727
da2e520c4928e69aacddb431069dde2c,7,97.07645703973964
73d9318e57a4a64562c664a5764a9145,5,98.35660291350742
74f95e7ab69803a3abfa985cbc7d6518,9,94.00552680658353
272b7f9665c63237e797331724719f55,5,99.83301879115618
f5da31f4525f41479c9885d596d7f92a,5,98.05780058236905
8049813223238f5baab67a4d8ac3fe02,15,98.97827646555903
56cc4a61e2c49c76fc7455f261a122e4,3,97.10011634095318
a634c8f432f3ea1a04c4a11382ff2ba2,5,96.26406534970405
2bd3c8a525d619bbb4a3f44668f0e4a8,5,99.459340818079
541a5fee3a5a92a2ab7aa89e6d3067ac,3,99.74113597563513
643c6c6b44fa5e4200005c669063409d,15,99.29547107014542
baaa679c012e2e81a4198a0610f65d93,7,99.47938223375391
ee8dccf0f5f9e615c6f192dcda4629c8,2,97.84453161409014
04ba417653e732cf3870b09ee8d229e7,5,99.98485434960813
8e508df8f09175083c44acc542ae3e15,5,99.65038262669896
83860d14569286cfedc17a1301689fa8,2,98.36714176165702
0d52f3f5b21374814cda0f920dd26779,14,99.23217820751482
e2d7606d4577d12f4d8daba49614ef51,5,99.21016360825085
2b247ec38e6e84a58e0bd371e9b3584c,1,99.64040586123203
fd0251b41b1562e8ff31357554514cd5,5,98.66716541057707
b8c13c9b9432e5151f5352d55d1cfd37,11,99.72747463796446
e3f1edc5c7ae93a8509583fec813b5bc,2,98.25639898355374
61adc121fa5ab5e9b4b71ce14d71eab2,5,99.80974320964435
9b003b9e8da1a5e41f3eae354223887f,8,98.36200233327887
97ab5008eaa533f4608301dd14412dac,11,98.79871006321977
eaabb266318f45b09e7accdc7e412e36,5,99.85459939929629
b69596402ad99eae6c73cbd4b34a9be7,10,99.69993198023897
c0cf61b0025809e82f0b9d5f5416c0bc,11,97.81789336892083
def2d5d7f9fce4b2dd86deee76ab88f5,0,97.84185481040171
2be14451e28b9102620548924e280a37,18,97.32981735401577
4bf10a12037c90c256aebe47ec724897,6,99.58263200680065
36b55718f35b987b44874feeb7fb10c3,11,97.83770960982756
d01f8f009fe733a76d28f57e94084112,5,99.15245081691018
309554728a3cec4ade75d50ec64365f6,0,99.7173285686551
d428a53928d9982a73aa6b8f6e34bd2d,1,97.39286649263033
b0fc426f1d22e1544f244654cd4e530d,5,99.1459621969843
daae62220ee74e4f7842f654a33a9223,2,99.3364115872503
ba4fd1539798e034effa5f7337105476,14,97.58820276102156
d70aa700eda7350f8f923c869d97d963,1,96.19938586227289
08da8ce4858d9ce1429bc7ea76e39cab,15,99.57259301025998
0c24de9646ae216cc7aa398668492215,2,99.85252485457583
23fa8599e059bef19ee2dd29d9d07da1,5,97.58043270016347
a4b2500b57bdb51545e0a1f3c65121c3,14,98.47579755890304
191a2cae41c2ced5e1e8e90149c406f0,5,99.98275073635256
13eef0c63dbe1ba2fbca6f572adda52f,15,98.80712075547811
7de38501ef826a7b8f3329a35b6778e5,5,93.93360527253652
95690cd36214f756f5f7f3fc13ed2cff,14,98.89297898412553
755f47cd8c8b8e4b61a0b782f7982335,13,96.55658063457172
3c81f3723922cfa14810938b25d3fd56,18,99.46694242251257
67d28170aef5b6ec055cfa3c96631b79,15,99.94487957257448
074e9da677a6a1b2601b1e1504ced5b5,5,92.52534128056702
433e747b41de6ec315fc5c1c151953dc,9,98.15058853620714
b2c4924e8415927da40ecddbe37f1962,18,99.1565371968955
e85e2f0f07266e89fb57c59d44c669e1,11,95.78263293141292
918619883b3a22f33e75aceb5dbb5295,15,98.76026569161874
ad2a4343e9ded8f31369742b8090d283,14,96.80501633075245
50127845cd79b20cc3e6451caa295b36,2,98.14730925059499
f9712aad3ec4b0579246c8a6ddcdd3b7,5,94.9796802936107
c488ffa2e0f723ac874998d1abc0ff13,18,99.93374496554817
ea7cb8db64a87a3f48d9e19d52a5c2f9,9,99.62452219035569
4d5c645d263d9a69d18ae9028e62b308,5,97.00008967504104
20888c00e1229dfd76a064e419cc5714,5,98.61533616591086
e9ffe501799ed6ad3a1bb743b5a6d654,6,99.57860465001158
5a24c36ce0017d02d7cb7cd9f24e55f3,0,99.31069419763135
07ec076221866bf39f5b6f3dab09f969,10,99.78693653692477
17657e64b19fb921da287d94627976e4,5,99.65391545280904
3764609aadb13e5757875814794e3411,15,99.8915463154492
30718fd35761bdda02b563e0170d099f,11,97.21364843907801
e7443861e040f83ddac73b6e20753f8c,6,99.238373238688
05292cecd52dd0b972d222d97a21841c,5,97.12182217166912
1e54f43a85d29476eeb3f9e54b629543,5,98.4643328900267
21706fa97a20ea3195fd9e7c3b189d5b,6,99.47635961991175
5d44b6dc36ee8070a09d60c679f48a9c,10,99.81214695017736
179196ccb822e0ac65e68b6c5de20184,2,99.49934157602324
8811f56b27e2b8472daa842b40b21393,2,97.49485711630894
e942f06bc92b82c6832f046122a05f90,9,99.27642252300339
a16cf3c95dfc11cd707b4663fa947535,13,99.29605212209127
4119a08c528171a75fe5d5a7a89c54b6,14,97.9323088388461
b9f279e97a933ae8c9af683b98e26469,2,97.02262210996201
956bc0daca0500a6e45eb3304df0073f,2,96.51250663972823
5034df58262200691ce15bf5ee4221bb,11,95.35927682563958
41cdc571bf451a179cb94f6742efd120,13,99.1400014114647
27e8fbddcbc129d69a4f85f501ff3b84,14,99.56670510295952
8448f9289566888c7f034091cbe5dc2d,14,97.39121261187472
84e8d91e1748c23b0e38187b0cbdd3f5,15,98.0653427888069
1d16f19ccbc806dd6e6735c63ed465f8,1,99.67489602579107
4d3669875fc9b6f7a33a220d5260ff88,2,97.06260259895856
39af17dd04d8a9ed57ee82a339cd0b59,0,99.05488661918092
87b8274ada6f8d2845e8533c23b0b915,18,94.2201129896778
e8dbadf3b86d998cba06a7c5bbe66628,11,99.7193909547083
1016ffc186a4ff0e05cac84282b13064,14,98.40425566437531
651b37c895d9e3c14345f6d55b63e645,13,99.51033555743197
f303e689fd4e6ec0683118fed9faab14,11,98.86707208439958
5185699cd59bc099fff419922b50150c,13,97.44558464681755
ac9c51bbc59b55c03ed14099b9549d13,6,99.99165090883
943740995e2736dee244cce6485fab5e,14,99.87797082705292
baf067d685897d2692dcd22ad804b2fe,5,98.50633539029543
cf3b252ae36fb991d84a328313c1d1f7,2,96.9638534582804
32fd580dad25fac36f4dc369e1bdfc46,18,98.15118543283526
74a07783f5154bc6d065371658ba23cb,5,98.47757360687872
b873065e77d9a98087fa790edaa09059,0,96.71795324847646
319ccd014e16b6008a375d3d0966633c,7,97.29914848368364
14bb158489b37403567493d92e92656a,5,98.91585164987724
ff495a5f269d60a052f49c12187254e4,3,99.8965342622077
d2d2bb815761a7b80a0b9168f1749f64,5,99.3130948436649
2225804adb00151e0c7b94d065822441,5,97.80878615749491
6b2083179caf0be0c4457177318d54c4,3,96.52333604383311
71dd2693113b111fa2f630a611d33359,13,99.1649372764765
bb4761542a80fa295b767346126176ac,2,99.02263649196999
f40b3709c2e7980f54ac79d5f706953e,13,99.92567730935085
4e5a02b1e602a676fd0c9bf8dd72badb,10,95.53048050218152
f0232abc39c1d038c0461d917edcf06d,9,99.40332883610863
959e3fb9670ed54b60fdb058014ea359,5,99.76517964011526
bab2af4e981d1e7f5169d6f9bdade790,5,97.63839126640707
1415d91f4dd6d2401d521cdc0892874a,15,96.50418076051082
4192dfc621e55fe99c44c027264e0ca1,9,98.82495992143397
002a961e6c74020dd638fd1dc4776674,14,96.17213429198523
5f81ed05a562f29b4c05393748b67caf,7,99.76865858524238
bab2411b1d5ac06d83c35a1b7f4d46cb,14,98.56511162391485
d008f9b5cab055910fe7f17eb94642d1,18,97.2881495674807
625ca273d2e22ddc3211235396cc9195,3,98.13532906095968
1a0ee23f0edfeb146e3d7ea214efde48,13,99.82101582732133
1294905f8c6928bf970ccb97c691d4c5,7,99.63094621263056
a29becb7bd68255b6cec26eac9d1f1f4,5,98.8487514820882
9c439dfbc12e451aea5e8ba10bf4e080,10,98.66419241343101
257cacd29ba0ec17d41cf4772fc0574a,11,98.82481669471856
635d52f0db416eebbe61bf20dbc5a714,5,99.77930596299434
8b119d1254f14e32fe108a6b57b1ebbd,5,96.16721008337586
0c9b0358eed6fbc17fc4c2b9bb7fdb71,6,99.14344919250063
00f0e74a34b98c889a160b04e688983f,5,98.73157727062066
1a6ca6f52a13fdc8b9e42aa23ecf72c2,3,99.14461040105603
fea4740797d3afac5531eeceb01c6d40,7,99.89621393016844
7e0c421f199f95bb8ff733df636ee27a,2,99.9650161908066
8573a67672ec24efe587e5ed756f00eb,9,97.01556673898224
6bb146936837391f4dd54e6f265924aa,0,97.15432361575067
a1ec587da8db65bb50267dd5d28373bb,18,98.01999700886725
8f6b9af828baa761be036dee15b31c2f,8,98.9010784415122
4bb055a15d6cf2e8a3ead654a6b2f081,1,98.44932417062346
ba6eb01fa8248d354bdb6a4306a176d9,9,99.68417452588714
8855fa3a4fbc7341a7cc091316b3d75b,5,98.62322128695479
7035d79089d7e268d74292ea2d118e45,11,99.99329830302584
354fc3c0914596b1cf7632099419ecb5,5,99.61441960737857
4d938d885824cf13934ee58fa67cc86a,5,99.27441078772333
dd5245e2b11b4e01f8c228b70def3e9e,13,99.80818525971813
063656b58d9b317824558d3e40dfe2d5,5,98.6841889533331
497aef81ff9c7cfb50bf981ce1432d54,7,97.11212355487329
e4508833b66fa315f45a8a3dbe42e85f,5,95.20768463339137
1823fabd192364570a3c6f0c10624089,14,99.048809303941
3f6780aa622a500fe210b79a4588a296,5,98.15964173746318
a1a693667b63077ad404bdf2c14c7f66,1,98.32131561267303
564479de574e2512a9867b9e37a5bb83,5,99.53376258197612
137be126c768b75e55966c1c4171c031,1,96.24462636486508
c81bbe9388ff6e0c2707c0d14699f900,9,94.44211055117256
1895adca0a6bab9426df7ff7426380cd,5,99.0315494658234
90a39b5ae2a0bff0a1c90c184cf81527,5,99.20478582822632
82b77375b6f8d67af587ec09949779c8,5,98.87487474559762
07ea3c9062addbb7cb163703bc776a3a,6,97.36084838404022
677579ad2ef4d8e2d1243dc2cdab68fd,2,99.76413718688946
2db4b446be9b53f5d476dd6545ea644c,13,98.87109882820835
50a65308459f96dd9800afaf0722c515,5,93.45026508009377
2c3429b32dbfda63031ad50decd618b6,1,96.59230097402092
97ea8bae8fd228dee53937b4f781aa80,5,98.94994482399186
23065b57e2ee00ab2387aee08cb48f38,0,98.53573148150895
b01d2bc58243dee27d3f396ef522b203,7,99.80254035018824
b1c68e101e91781cfc66f6d4929f387b,6,96.9379343052466
a1626e031136a23efe452fb53795ab72,15,99.67645238862937
e973c5fe8902eb9df95a3bc6679b57cb,5,98.55626504173438
7cb4a65174f7570f8235fe9378ecf400,18,99.79483262574688
74db93cc4e9db23815ec708c89951856,18,99.05716457909783
f90c06316a02dc6c606b8a95c26df64f,9,97.8731583288961
ae117db4146e1b347a39c263d69e6175,9,99.00473693951795
c77a84c5543e192e017cf0bf8c67f0bf,8,98.9932516204695
fc39ade955dbd8862a64e5cb54c66091,18,98.18433056849108
82b88bbcd43950c29803a13f0cfefcb5,10,96.16326532409815
16ca3239db0b4e7e07426de8b6ebf885,15,99.7087184296559
048c8d59bca6bf0e27ca1818a318a502,11,99.79220827388585
7862724b73bad4112898dd8299451bb6,6,99.44102018302517
0aad9313953866e65cdf767e620f46df,5,97.99500079180864
5630beb94e4e93f83fd10da8dee4a5d1,1,98.01347692436747
c2e268138262597c1c78f02d908f24ba,15,99.92620731878364
408ea9ccb3d49088d602cfe6edbfbb3d,0,99.32267137845889
d6ef533538e4388d94dcc5e6af80aced,8,99.75005437876794
ef34998bbd76fdb658f357462363ba9c,5,99.95875649270617
e4859de6a57257b8d87b157c609d17c7,18,96.58730899938179
ff60fdb0cf48a80c4cb1ea65914c224a,5,99.59372494035837
865f13b53f89d9558f7987522062e814,6,98.52676182788574
528fe34e5a17ec9396359eabe181bfd5,1,99.23929810380093
91838bcfa7215d853c42a5322c9e8326,9,99.69537232573492
c6d7dc54afeac4a1e53cd38958f7857b,1,98.03105382728972
f5778847fa5b93dff02f62077ea3ac9b,1,98.77706819577182
229d6d125128b9c470f6ab16bd1221db,13,98.77205320579695
c0c93365db5f60398b884362f0dba0fa,5,98.29919181187577
86dab7dfdb9307e0181d82376a5b4722,15,99.99217314098496
564b73a1fb906adf5be11eeb0b25de9f,14,92.44441776076987
82c3807a0a563e50eb9cf17e05e514a4,5,96.90062556634976
edaaea399799add37565fb89183a5909,5,99.2066755687133
29d0d40d0c3c5810b94fc8aa4456ed62,5,99.30728970360997
3e55bc6a5978a01bc0ed45be45eb3727,8,98.03858348979696
65476d27039dce101ea7c72c4c3c632a,5,97.89653299368756
b5e89f7e50b3bffa45ca19fec1dfbd33,18,99.56115934745401
67cfd39e5fd5ed0f70269db1c3e6a8ce,18,96.49075765561402
6bd7e5b1492b58868b85839d59a2e2c4,15,98.42308095768911
4b1cd258a4153c155a00f4e101b3572b,5,98.84630656241579
82de4f7fa134da94f64c37b7d3e1258d,15,99.8425220210424
8daed7a6bd9a45fb37735502d256e892,5,98.4638936965568
bb84942a9cdab520c05a4d6a4084f367,15,98.43164681101469
39c92fd8a7b2983fba87bd194d10e1bb,5,97.52890293307155
de3dc75c6c6257d91c5f76f4b7d92a23,18,99.26431140995052
01e8bb9ee4b9abb6a4c1a6b3c76457e1,13,99.73891331913725
d1a4492780e25d530c3760fc9a6e7493,5,96.64134709054275
c47e0d71d127f74df81a9b6f311c2eba,5,99.5484217531179
c30078c0b9297188a9534bcb19a54f46,5,97.91408080011728
5353121f52cb7c3514192936cfbd68c5,11,98.77639966954271
5b96e2d451039c6a4d42af76922f135c,0,99.9169134384664
60844678b79d01a72eb0017c72b8e09e,8,98.77265972744709
3de9b7fa007ab7c2b2337081fc1afe4e,5,99.65071375738378
f014cfa6ee89b932fbf369674f652816,1,99.79657179089313
a6fac3096147fbda155e94c885e59730,9,96.54923546240302
dcacbc30a271fa7bbbf23540329f1068,7,97.86139589001739
c0618283c615a7906d9e173148f580a4,8,97.76426964344917
2fb754f20b0237e71a9731115ce6793e,15,96.2839805568469
d93bd594777faa362eacec3a3a210621,6,97.75248498642337
e950d78cd74368a47952bc5ae4683b0a,2,98.48896794847676
54f74464bff692fee676019ac9d293f5,6,91.82739471049847
63f4ec513919c5641fe6b2853ac0c081,7,98.71497298038602
b2264945ba1ba2d20cb864a014965354,2,97.6313965881299
2668be1e230b569c7b0201be096fae29,5,98.55387581846499
ac2272fa2e670a15153f03790b3f8ac3,9,99.80764505465481
1c1d4aad931916a966a4eb51f93880e0,0,98.58136055522684
aeb66c5263f192924123e223a9b50f25,7,98.01542077448579
0dbee466948fba1ae3305af192ba2d05,5,99.0011293426382
849f529c5dbb81126a2506db66391da7,3,96.55348278004152
0147f19b9f070f1e9ac0e82e6a2883ec,14,97.76243822139658
818e25e8be796aec559b10a0dec2840b,0,98.64710258189967
1471edc73f70a063bbc72fa987d4480b,5,99.00111416920167
ab3c0f5d964a26e16deebf53fb2d112c,11,99.86832095647645
c855a18e37eb595ffcaceafe9cbbfd3b,14,97.49109853600453
5235277defbb1eeae9e3638e9752a537,5,95.44335001227495
9d1cee9f32783082442b314169012eff,10,98.80455489754772
aebd0539d202d1f8baa7d25290fcc73b,9,98.73805190829572
95eeeb4e40ad9c3ca3830b850d6ad92f,9,95.88345788574907
8c6785ed3e143e919099fd9b496def9b,10,99.22687017533282
ad91bce4ee7c28b448a1c73b060d16cd,7,99.60334011789404
7495091272da8cbb55771bfb1f7b0b8b,7,96.80357682298336
8d68ffdc60270a80c9fe922a590e2197,10,99.21268078256381
f44cc1beb008c9538bbd76878cd90bd6,10,96.72739573410591
423985f90149c3ce2a0477de2d348dbc,6,99.64201298667726
8d6eda04cd1de6d57cccf4f77951165c,7,99.04479701543005
e907895125cb43137fbd1882e56934d7,14,97.23440985500488
a5ff5f6b606c6f0a4e69de24f08e293b,2,99.79624396796744
ff2c2b2f4aece272e1dac3aa1b09fb68,18,98.54530610127782
5a23ede43f08c6f99cb1710eb76960e3,2,99.08606804335471
413bc747fb9e864c177e30f635bc9de6,6,99.91578220487114
28acebf3fd896e70eeeb8e657b1a6dab,7,95.99893476122153
54b2ac4f582731076a471e495c99a69a,5,99.69993568893592
ee9434cfc2ef27dccf83035701143b57,5,98.23157393611208
63c02c9ccb0c01143ef63bd8a962b5b6,13,98.12025706177508
4ce6782d41ccf62d1b0a1a67a36fb5f4,5,99.46024428101809
323fe604d58125ada91f719e563569b9,14,99.96021823927704
d7be57b59d65825f6aa258c5433cf06e,3,99.98708542553925
efe9b8d355e5ff3358dbc919df5e7981,9,99.41294458993103
4e4408db69c9fd168558d2354e43ea91,1,97.64134832766344
df7cc6b39da88bf1d18cc5079d6501d8,6,97.69287888421914
f471dbbc25bd283421197186d57932d9,9,96.59488632872778
fdcc9ac32cddbaf7d24b2507d4035d66,5,98.92906256275516
f62f0ecdc289778e5f625294bee9e118,18,99.92980860464485
02510a970c69805e89ebc6e209cbf8a5,8,96.85494782853907
7dd47c67e95fe903f6d99c1465e1f6c4,0,99.75570490738738
59c50cc2146d8b0cd99c7440f4afb8f0,0,97.87937532718817
39548512cdd5af5e287835dcd9ebbf7f,5,99.76200592588191
68312e0ba694605825ad35d5664fef12,14,99.51558488101779
75404eb8f22f1a4b8479c570aae09b8e,5,99.46379075611652
12b9feed577f763968c7be899d974fed,7,94.7289584546804
c885a53fdfa0e26de530fa6522889f52,5,99.46341155396192
4e6d164c8fcda10ebbe95aa6f2370a8b,6,95.28323355087981
84e068de2d837f1f42a213900ffd0e12,8,94.8625956773545
31744b4f5d9e480e4abc29e9cf9977a4,2,99.52616825868273
c574726657612ea5a89cb07102e10677,5,97.25708220119674
560d77512722c64f42b34b69f3bf7218,6,99.20394116177857
9dff0790b77d31a0cabffa03141ed008,5,98.63821795123022
bdf885b8c690bf0e56ab18c81460d3e6,5,98.8997585975913
0311b04c342b5840f9bd9fe82ff53b65,5,99.87619368657943
cdff27b63d8bbfcbec5327361251cc7f,13,97.87312648987967
07a8d2a8b1eca1db78fd8917fb001ed8,3,98.61773767256234
0d2221122571fe40d2122b30998953e8,0,94.51048576032022
81d1605f1de8feb5274bde4a3e809744,13,98.59134919863621
e33a9ebdbf283858cca519aa6990e3ea,8,95.12428765475727
62dce702a72a353b7bd997d69274a0b7,8,99.75680428447093
754af2d7428366df0762fb80f870504b,5,93.75382019548468
ae85c37095b1f40f6b7e9f2e84bb4b05,10,98.86521720696123
26d1bc6ce36802ba96eeaaf8b63eea5e,7,99.4300736002838
3fedb69863387e4c5f1ce2ad294fd80a,15,99.97652076934773
3501764b5dd24b323f15c7e1506c07b3,2,99.61807703565376
141a922435523dba4ae952430a6ec334,5,97.03431791432283
3fc30f3da0bb884caa44f14282ba594f,2,95.93634861451355
95bb60de277624c445bf3fe54ab65cfc,5,99.99121819163108
7f9ea5eec98ef33efae9a752c1462e2e,10,99.8404267399111
38bc82c588f19ba39978fbf4e09f728c,1,99.60923739982448
e56a0affab0fcbb82659b1f684b8c12b,5,99.02536078127483
dfc8e2012f2cf7ddbd8c3741ad6f3e2a,10,98.06803112728583
c248c901ce5435c7c6a9aa1478224ad2,7,97.86894909473801
6d40c3347f202a8b86980eced4d7da99,5,99.63205097997658
f0adcbdbba4908c738f885bf1c7a7627,14,99.71545215085938
d74013fa91c376ca9a9ee2dd117c4287,8,98.98539477197245
9c1b59a87e0c7aa2e8d78f82cf42fc77,3,99.84975348785744
4ed32401f0af31f43f7ec65b958c0c62,5,93.12173675918199
631f0e5bdbf617d0855e9d2667657087,1,99.24479891359704
80849e545b1b26ea1a8d76261b809664,1,99.80693550310944
d202572158d9221c572e1d434e036236,5,98.30681992732288
e31b0e2fbbf574e1373a4b83d264da50,5,99.387086656517
5c1dbd8e7fb6a969ef7ffc1298cae50d,10,99.72104264529459
f4f097318080ccee9a0071e61fbb7565,7,99.10080831371839
c7739f114803b0ce1de9f36fc6d950ad,10,97.62288755010483
bb0ead0f77e4f2b2a9b58d0d116aa3be,5,98.42526068175877
309d492fa0302325bd1375d099d9d260,7,98.5506778216723
829c7e9d592c320b22dcbbd1aa18ddef,9,99.4358224521314
99a9c94d8f0ffe11d127252fa31f75f4,9,98.27202092415668
85e20aefa492c29731a8f905b894f690,9,99.38331447567816
27cad69b1996232b6dc2320c13243cc1,10,98.62190454507072
3f94ae55155883135413559f304be5b0,2,98.97071229608662
5bf9881736771268cc702f7ffd1b8eba,11,99.47719688224004
6c61ae96f038e1fbe0b2d72c8df4dfa6,14,99.65537254013726
e068d559a22fb09e78409bdf423ca9f4,3,99.22068656993103
943c6ccad2016ece43fe1a20606f9859,10,99.44409308005729
e41a41f7b546892ff8a4c8d2b04496f5,2,99.8110919194859
1e30779eb76f125dc9e77a2270409497,2,96.9441669016502
941c20d0e0b7ac2ccd1e2f8d1965ef5a,2,96.70722244739858
c33e078032d3478b6915526516c0db29,9,99.61632949784382
893831a5b634bca87417164ccb01b153,10,99.74602616905305
fc66fe4ede104fe852e53df0a7daf1c9,5,99.05110785719819
f0aa1dc340595d68644703aeb6498af2,18,99.16826037088931
d23104ebbb7f94f99ea7b471069b6711,18,97.0702290495522
1e0d8073b7dde6aa2196c36c908a213c,5,99.8420904036094
c07936a859d2e0e2890d18f7b878bf91,7,97.08648339410674
b7d9f6f2c4b9ceeb04a6ae15d09e883d,5,99.7533573804152
84daec5f336b62d7b328c4295a539054,3,99.75081290523565
6c875bb253768f7417b013c5af853add,5,98.95390668190254
87bb0d2a13ff63b63d48f4464ee163a1,5,98.71258136913079
b1b27d574b531a3a03f8d08af15162b9,11,99.3324965083733
651767449e685c3af0fac6d17ce451be,8,98.50525931402366
de683a8daaeff52671863f2f4dfd8966,18,97.29988523548894
4863dd6c1012a17f995427a2f3ca16e0,7,99.80780780766831
d21341e0f8be86145124ef3b7d643836,5,96.5083902840094
b6cd3ac52ee572d229ecd061c467f7cb,10,98.69889519837021
8335be34334d41d2e4ad08d568b441c2,5,99.88302931846965
535f5fcda57bda6cb47714519e862e69,5,97.59462969574062
71573bac138ecd04dc9d4b3de0576e13,18,99.95633520109604
c0b7471bd40bca3a30f8325388c297a3,6,98.7267328404007
761f711b04741581f07f1aac637d1216,2,99.87338704393702
63b2ae1f3edb53fd07f21bd52fb62b51,18,97.96936983301448
f64fd485b55d39feeb6c4c15f5e2360e,15,99.92896461673159
70316c23da11b3004a438f110a06028c,5,99.01417245643573
b35823a87e783085611e00693de0989e,15,95.9726827179577
785b515c8bc5ddda843518e88acf66ea,9,99.81780053438682
a370504bcda04844077d1fa5705fee2d,5,99.97698553809691
cf5fa0c8ffc76351ab0ab0560acf37d6,5,99.59786412198717
543162601fd4c11dcad5ddd7e27f8ea0,3,99.27229607760633
317019db7e4d0a68e98f83a544df33b0,6,99.68195413334219
1eb718a7aefc09c881e99b7e56a9179c,5,99.73814397206684
109a7ca447d929b0045f3740f4b7f135,6,99.99353037612921
3493d23c05d360ea18077817dc5d939f,2,99.19537809896165
c78d2ef6ab704b8f8b9857862ded8131,15,98.19724469872699
b63f19032b9667c3b635feaedb5bba4c,5,96.63832379250411
bd39ef58acdac898576127ca09979d21,9,96.36366750423267
35f1ec24a1b82ac02628c14e58bc725d,9,98.62218042219361
cab839235fbe09a2476657c9261e211f,15,98.90290481348582
8abee0f6517ed153907cd48508128b2e,3,98.73561514976683
cba988a5b6e5b0c5518030993058f6fc,6,97.81874059426318
1739d89d22c9ce54aef12732bea0733a,6,98.39618959781197
b36333b667a0cb1daa020222fa2f4102,11,98.7765321268477
ce324308cc8ad0afca3caa26816233a4,5,96.87362624445595
3cae6f22c334aae09996ad4ed5f03ee7,5,98.66104962367211
2cfe5469c30200c97d53123d2a24fb80,3,99.64811189841058
8563f0abec4cd95987835629dff98d4d,0,97.88444303142742
9bb5a85a543b4e938843cceab31d4050,8,99.26190523758825
39fc92d74183e305615eb17335a22c01,5,98.31004816526635
cbfa733ae9f9f3548c9a06706a7664aa,5,99.05597710588577
f3e82f2aa11a5b2bdbf5957e57e3533c,3,99.20178809219779
af78f43f3f2c0946ed9b8b60eb413ecb,7,99.81067721738256
95347adf050cba9d5bf8a0dd95aec021,3,98.67754826789988
2a53f63c8f68b1835e7aea90626447a5,3,96.06232629622416
f2bbbef3ac09f83f08f5924f7fe6fdf7,5,99.82249518352866
e17bb4c634eacc3e42314dd2b82d053f,0,99.87936270397209
b17814fd3026fe9b1e5fc952b136182e,6,99.3690287472168
691472f821e9fe132c2851f7315c0376,5,98.65099149849897
9774eccdafdfaa533eab7c0ef5796653,14,97.9085272296197
08906fee7eb577c7ee4beaaf06234507,13,99.96158646626147
20109d4ae13e5ee15c6cb10092a4cf50,14,99.68513473653728
68fba2654657eaafefdceb49704fcfef,15,99.85203876070698
544fa0e14b422e64d453475e3bf3a8c0,5,98.65743786077574
a71cb455c302765a9b8ad0bd1bbdea85,13,98.015472484216
899c9c570f84ea3e0b7d5740e736ba8f,15,97.81305797277685
295a687ff140e0c1775fb98cd02ca04b,11,97.34648924754953
b7ea2950c7c0b901f8362fc08cff20ca,2,98.65494070584688
713051bcdfebb6742928233b5d7279ec,11,99.82170007890741
7c66d8b143b863fd66a1539a2d528267,18,99.6895467362551
bb0dce99789f38cb877e67838258a5ed,5,99.57350910937583
e3c6315d6b913980d313ae2eb7b7588b,0,99.45448283979265
a2cd23f15de0e4b164dd0881c28799a6,0,99.1303642764726
eaa04847efaa8d50806eea6c3c08046e,0,98.81962313860157
a11904cc49f88fe10d174063e3b872c9,5,98.85503503784075
05529b08b59351f6918fec471c8e76b7,10,98.71906956180821
c00a5caa594cbf9757dacaed6a1617b8,13,98.55230295072312
0835d44d12a5aba1bfd594608a929012,8,96.09739716971106
9c8eb01b182fd52024f08cea33b154ea,15,98.15257809803381
2a978407835f6a0477e4e6200e4775c6,5,99.03599626569614
572b3da8b459e9c0e9ddfe5198180bf0,10,96.98475976735807
678f1283eb66af751a3d78add0dad6e4,0,91.55687551444535
04c760fb69145a47b89ace69e504c17a,5,99.69197760766389
420dabdc5d852d987f22883525a36d5d,5,97.23549130889018
dfa9da7894fc750838ce856d6b81967d,10,98.68146108772322
34178d6a461ea948ee98929ba9bc27ea,5,99.89619672267256
9eb4ecf90ccefbabfd37d48ae132595f,2,98.89960385886022
d57fca058059fab191c190b79c62a736,2,98.36178531412546
a6368ad5eebf3755744986c371593f74,15,99.45188671559401
1418707c6529162b88dc4248a4251ce4,3,98.90753612029343
2c603fd437ccaa78ebe678785cbaf7d6,13,91.11984238403512
c4938f2952af77e36a91c57e7fa1668c,14,99.47137605702656
081242c5ca26ab0f2e634c43a1052b14,14,99.88863337085192
85f5fecf805097a4fc3bc3aa689433bb,7,99.74091032703427
fc79f0fffdf11069c4b2b78c7843fd8e,11,99.75463617917782
951b2d6257555f6befad471af4972b61,9,97.98958659581518
f1896448b96780c51b89eb55cc3b2473,5,98.74415674309276
12ffe5416599f8d75230713f797d9025,5,99.3875100593939
f650375d0c06320e185b9dc154301106,5,99.55346932243322
8add902aba8a92c34c554309a6fb1ab5,1,99.3705639853522
3785245de138e980837f6844a13429ba,5,92.25058391551727
a31a27602654581c0646e492f1118ae6,5,99.3823792574786
17c245a68a772eba13efae484a9fa925,15,99.43043715709584
47a032fe5b713928efa1e53672f0e4fe,5,98.68015557019143
012df5adf84e08d3eec4330155feb9ae,11,99.96027606203981
3bbf6fc23788bcdeeb9ed1897b703442,0,99.50267333365484
378d26c27c85827a829dc9077b16ca48,14,99.47229783044438
6008a91de0edce4b7907a3ab448ff6a3,7,99.01952810350656
a66a3548a0959ee886b5daf2c544abae,6,99.47693498620232
457915c6b0076240abebfc3495b9ff4e,11,98.99227126206868
c869a50ba41d8c26406240606e15e56b,5,97.70896116565174
756daa05689724eaaf8bec9ff5f04373,10,95.17595644642326
c4aa6bf69173895924c92c471e1ea156,7,97.12976256224295
6e37e8006427e75b11a30fd8c539e565,13,99.46589744788996
09b1fc95ea7c58c9b0673f9b74e56dfc,8,98.72537393303912
5e3a450b426b7524e14be3064850ba2b,0,99.23793966201367
2fbd685d6295f5d50d915e6d13da0bed,1,99.58448570840918
5903899dc481e8e063298e99f3404bd9,6,99.78175659790679
5575d173d922f690b6f620749d22fbcf,5,96.35846050380525
db95034c83bc64a822e5c6417290d86a,15,97.44991961378382
e4f13db49b6862f2800d02e44dcfb231,5,98.00841898010613
f0ddcca89236acbf8622c851f8049427,8,99.62418355785226
aa9e93ab04d6088531756261205a7c58,13,99.62985036952206
63efe47a85a293a91e6fc154dcf035a7,5,96.23535873007067
10f482f2ed1fa741488be562d195bc9f,15,99.05706311532853
e57b6613022139e3cef03dbb49e0f940,18,99.70280283201123
729c11902d14c7e0dceea3f38526e4c5,0,99.60372164382946
82f8e1b90db14e0b765ff2910bee7bd9,7,99.84049097392882
a311f982ebf416ad755daa38680f8647,0,99.63197676681312
f2974caee6b8900662434529fd7786b5,5,99.2085734511701
a048fac561c77b73a99d70acf212d581,14,98.35203410096209
718da5d58358f4d154e0dba425fcdf01,5,97.75920791384857
1de7beca13f6f958e6c6d059a052cf10,7,99.20120622693553
90bce3dfab381e34028f8f3d7d973dad,3,99.21758500241128
9791bd9a597a44f5bea2c9a5c54b7f5d,5,99.47646213325035
30863e9c877eeb20c461684cdd2b9ddd,11,96.37579676826483
daff8945b7e4aa94bbcc64f170ee2980,11,97.19415723174345
5d875fad40f79d7aaba7f77339e170e5,15,98.34875420450155
f3f76d8fec692fe80fc9406fe46c4d51,5,98.71549675283961
57787f5fc8c730f71793a79452a5a392,5,96.5800707772045
eb778f759a9daad3d4af638b557ccef3,6,99.41538674871099
6e0ed76152f7b74a177012bde3044abb,5,98.58431742742474
d957a9632d0ef5fd16c749349c255f57,14,98.72596268101414
66d3d36e1c7b1cc361a9b41dd6164b8e,9,98.42116464737595
cabdc41bd564872433061f73c34ad3dc,5,98.45786976239609
7ce355217a7afb57c82c508b920c47d2,0,95.69467603757919
1d36b336e4f37f0bc0769a90d2324b43,1,99.18652168540008
f82b99b954627cadda30eac9bfd617a7,5,95.52833850252694
2e43bf3f30b9b245d1eee143de8f30b7,0,97.76037403965213
d146c58ad0d4fcbdc3055d0684effe66,8,99.52507520109341
16d21ea3202cc7bc501e7e57f521ec41,2,94.42773188882263
63d061dc9ffd3f8f362fba9af10c2b08,3,98.83677299924776
948e217007c85f2ec3ab415fa23b2f10,7,97.54685891141136
06c0691fb8f3db3ba4974db102d90024,2,99.00477018079948
5f69be60a1beabe628cd99e3548eb821,0,97.3781784896444
988e9a96a85dcaaa9a4107c3207aa852,6,96.87325825640545
fc6f06c5b0413f8985df9907577b2416,14,98.75385362724144
f8112e7dbc6bafd0d12fc31eaf686056,6,98.87287982368994
1c6c64ea61aeb6d0738c5d5d5af2b176,5,99.8851777271372
489507fea131134bad986e78816f635d,5,98.65725741100178
e4878e67599eb618155eae38f0b7d179,6,99.67468042196614
76f12c691d556c192af76e2998d1524b,7,97.77184045739943
cab225bfb518b2b5d320a2eca8c35531,9,99.97541607650847
1770ef873297f9a1d94ef50734571bfe,11,95.13073095114974
8f13abdb560113622b6792965c9361c1,1,98.83820777267107
6d3261c562659fa7236280b7ea4f0050,10,99.61249957842173
db5c7e804cb7e4e6a427b6d4bfa77b73,5,99.24048619007773
903c01fdedbcc7ba22351d547c41fc9f,6,98.51170326767563
aa1da3394daf2fcfabd568763a6b443e,0,98.22033477528512
b88b100a33071188b813cf5afc0aca96,8,97.40745166242114
953fe28f160e752b5e9003c8ba08e7b3,3,97.38642085381622
2c1ace4ae195fdceaa3cba86c104c611,18,98.16009814870668
4bde9e582146c8fc8180790def36598f,9,98.59000340842005
3f060337cfb0716b8a5099ea9230ae46,5,98.9091894275699
333802eed1e67756eb5aacd0aa670b34,5,96.56092427171407
a2faeae548d2820a5ac1aabc538f7afd,9,99.66167464266395
35d8644080f2594ea742a0a397f14f75,5,97.60191298307105
b01c519bf9012d6e2bf4fb578bde2332,14,99.23471972641309
fe70dba456154ef9871cbbe3dadd6682,5,96.75482296160345
cb7fb42a68894dfc019b1b905a220fae,5,94.98716107108477
2a3df4e19347d2156d4dd859a8ac749e,3,99.90962256480776
671c5810faa0f0fbf4c2bfec828e28e0,5,96.20409823361317
a19b10635866270728587d2e04fd913b,5,98.95585457485969
a056e17478477dc648c7eb8c0918ee88,3,98.02036416450373
5f4e6e629894caf2d20500107d4cba2e,9,99.42552584852547
85722ffa2e9ceb37d3c11ee1a546fbcf,7,98.87276803605491
439a67b1dd293037f609fcd970b0172d,7,98.95583667504434
4775b6a9b6aa1de3bb21b6926be59bd3,5,99.56201852309951
e4e920d13febe16f626405a0b81ad947,18,96.06611674678715
dad6f34dcdd5e4ca6cbedba8ac135c2d,8,97.13699521695114
69809ab19df6e4e44dd74fb6b6be79ae,6,99.74137748997555
a0fbc01ed524c483ec86bcdb3156bc2b,13,99.5872958562535
52071fd608f3a2d24a391be69c67e3e8,11,99.44704163576166
c6544397c887c6e3c7fb1f51e1d95cc0,5,99.74124870588906
caa9d18ae358c78c36fb230d778fea6e,14,99.93427126057873
fa1d729c3d06f5a36b35aa08bdc3b848,5,98.85355870337251
19cea515e53eeb8e8ad07f52e42ad82d,11,99.85993782946275
70294ec993e0b222ade03208b7380a82,11,98.79714012627524
354ea9b07f4051e19c8aff8d666b29a9,7,98.78439083941966
71e9d2514c6bc0665d6f6f92d5d01d4e,9,99.35857020406235
79e00ecb7ddff7ba094b990876a159ca,5,97.68473065965509
3636fe5705a662e6bde10c401b15d767,2,99.90258945268232
292faa674cffe19c347140cbfec8d85a,8,99.5735424954966
7d25f991ac02b8a37cd08d16af3ada2d,5,99.48907022734119
2bbfbef523f7eb66adacc80d5d59ceb6,10,99.29677981026003
78d7a74a4d6dbc5313228620a5517345,15,99.74722740219009
ced937d28b34c4aaf87b5a9d05e89e78,5,98.5028480423741
88d705076b5797eb03941928422f440b,5,98.55525531421186
7eb2efd31d34edd00b769f318266cba6,7,99.2807264389463
98372a3d99b11122ca49ddf82b00eb70,10,99.47583895699474
0732c5a413921158575e6028b68c67ea,7,99.79909065638199
fd6f42ec6173078af4a659057c9983d8,7,98.8090052542477
242974d44cb973690e840abcace065cf,5,99.63940880392515
87729fe8abdac089e2cdc289753c9d53,7,99.89928360219798
625cbb0364d9d0af08f9c2805bf551f5,3,99.78867006892534
4f9ec6b8e47bef78329aa4b438514dbc,18,99.34946111024097
f2ffe67a1a5eec05cb1e36f6873dbabd,1,97.19960343220389
dd5c838d791ea4e6f390ee751f6639d9,10,99.09541595410045
5abd9cdc92dfdc374ce4cf9e7fb7c3a6,15,97.17548062507917
ada6d61e49c7c36b70e999dd482341e4,8,99.34617932715855
0e5b6ce5ac0336371094a81299c9ff6d,3,97.55684717755896
d854f73903522eaa3ae7cfb7c4f99847,6,99.79618662918155
ce2220d8d749ea449088a2c26c1daf0b,5,99.99373466610642
6cd5beb4b479954ce467e4227ac50e0c,15,98.89619340865693
1567495980c9d2b15b3e3a9ea2256f26,5,99.4002425854892
8a78effbdd60cdfbca8a117c0845f67e,6,98.07890196719362
f4f4861295050df72c51a83bebcd4242,2,99.95956655961805
2cdfa666104aeb2f8af9ef95fb43b618,3,99.24542130888733
1bdf9fc5262cd9809476dde6ea1927f0,5,95.0760571089408
1348ba6149f469fbf6ad179a000fea04,5,96.66443396402666
abbae1402c084375ec89d95628e526cf,1,99.75046269906878
e3265cdfe0fcbd5132f278cad88617b6,0,99.77947815699744
6f10ae790a850a923963a7e8a7a73629,5,97.77063064515451
3cb085ddccffd6ce6b1edf763f929012,5,98.49903825735764
b3fcee3fc71e6bdc6465ae06db12948c,9,99.0430750229843
64e3ab700bbd0a7037d22071fe1eaa6c,14,98.26368999948619
b7a9e8aa4e2bc80b16ca1721ec927c47,0,98.33035185473462
e9802cc3d84a0eb8b082ce2f1e8989d7,5,99.76324789359715
87cfe3e1a01be3cc84af32e9765450fd,9,98.82784061027596
292957176c58a5b7674897ada732358a,2,99.60323512016036
e93d613cd5a155481f924380f966a2d3,5,98.2045102925786
98516a21996844aaedf7be8ebb8e5887,3,99.46545779091335
149fc8fcc294a46c8563a3de816e2b77,18,96.41315904909771
e319935fa4fcb56bb3df994a86af952c,5,99.60949702335262
c315e8e90fafc3efdc9b15ac818dfbe1,18,99.83615850843168
b8e62de05c52f3aef903141b6314dfe2,14,97.99245997513111
b16498b078b9ce2149ac10c1d467247f,5,97.67476024099939
877d37d6b82e20f3f7fe4308699d2ea5,5,98.81865775284076
292aa6cddc1312e3a436c58123b6b043,1,99.94970816895254
8275d6ba774c7208612381d9dde4b434,5,97.8194180949113
a03b53c3d0d6dde151cf428115f33865,15,98.90041448707584
38e36f37a52dd342daace8dde4959a97,6,99.30447301447845
ebb9b2bd70c3f36a6b048e5af2f59b77,18,96.0246801011205
ca1767dc423a33434557f209e13fd92f,18,98.57047269040382
f14e24672d9b430eb94ff8aa0360150b,10,99.59310437288386
85dec1ce6a2410fb7b17cc901f3353c4,3,98.86469720635016
e9ebac4022bb59c6dbdc118e2183e115,14,99.56822091363262
3b9dbbde765fdaf3349f086161585f8a,18,95.75369328148955
73df001b054041cfe98aa71ccb9a98df,15,95.51684781598412
eff4b864cf10f1de013a8abfb2fd3f13,8,97.85665351150425
5c1076c9e18e85b6e6d9c093bc7bc63b,18,97.68950892258938
c5fd3bb7b7924852036b48aa705e47b9,18,99.9736069420166
b1166fe4a70042364fe055f313ed2375,1,97.28310417223041
4376c4a348855cec058d6d12e57d6bfd,2,98.73286939021918
37225b820603f9d203c8eca1096e88e2,14,99.34392401716457
45116d4dc3a7d244e817ec7cba1805cc,2,99.90334277048356
62ce85efced2ab6258a3872085565df0,5,99.91713289032197
7c221ba3367a361cb003498d1662d25f,6,97.18450200352791
8424002974b0deb80b3f09fbe39bdb6c,18,98.25188293382658
e7e74570313820c748c2038042a22c19,0,99.83816178883232
6934aadd3eea09861bd084d0023bbd21,10,99.76746568824295
72ca198ac8c69a8be8c06d99916b0f7d,5,97.97009274389532
d58805295db72b0a6cd9c9d0ca4e401d,5,98.658792463276
2a8da690af461ce9fe23583567cae5ee,0,97.82898147387473
c3e803fe29584af9eaac30ab549df550,11,99.2855104224378
6750a8ec8729c7ad42d45ba898084abe,5,99.03003744579355
b413bca0352c735a2b72b51f6a38a05a,5,99.97141877444159
e6cedef30c11095cb0d8df9a418805a0,9,98.65249772774001
1ddbe72075e9146e066206f3ec32c961,7,99.98223404295484
a4ce594e1d2871a96266d19b8eabbae8,0,98.49584986125143
4323628f2c596f80a7db3e2ba6f72d07,18,98.67304961962954
8fd27548ea12156aa2c707cd939eddd3,6,97.84396488238198
924680053c3869ab10362cbf2a68919e,2,98.92634743663528
ec46d7514a2b5a5b40e5cfc3da3d1f15,9,98.75608825766608
18538c3f901fc9c1027ac563d8cde6c6,8,97.7454268868475
ec25f8bda0fb2719357f4dd211276307,8,97.27253443438153
92aa10a4b76915de9e4088f928436dd8,10,98.85625178268893
e05fc270e119c023a8e0bdae6dd3a61c,7,98.78598964907471
a6e2c3f8bb5097577b407c1059120ac6,8,93.87577003993552
87c6d9f206772e463b6246a147067783,9,98.448914878565
fd44c10ac6be28a035e20e6529497a26,14,99.09346000792854
f821c3ce58961224910e66b7cb98a2c9,9,99.25327965156137
a0721b742efd654fc55d7e27f81764b9,18,98.30382436202703
514c094e14950d6c85c37147d6455b81,0,98.46087122809834
f4f4607336de39661448300d46240003,10,96.86719142381176
bfd10c4937d108b0bb177a9e172861be,0,99.73013914969701
28c480d445b5ef695b09d2237c77ae4f,5,98.55741312957397
1797c68b4009ff03128f7bb89769b368,6,99.65588320188108
899caf2be1d905a183ca926bc19f9454,2,95.41471281751747
4ae8245d16fe240d2b43abef660e90f4,7,99.01641714807822
46a4a24d26cd549a90b521e5519d8fff,3,99.12889124545102
d1262fba2e4523f565b6dc376c0f592b,11,97.62344217327595
0745b66d5063de03919993b4f7055f69,5,99.81524178547124
49014d21b93df9ab0dc9afa2361a942e,5,98.47373569262928
bc7f6a7b2949b8098948f71d1f245d90,10,99.82321013001909
0c8fbd9e83666fbed8cabcf349feabe3,0,99.25636472952257
313ce47136e9a555cb61ba2649f6da1a,2,95.63817279809358
7a1f5bf1301e3fb0c13f585588ba90a7,3,99.98033191041011
05542c5dbd68970072129dc5dcee0733,7,99.79791368606584
d1ed45e91d6e3f7b21cceaa3b36ef01e,10,98.85812038112795
008bec206a13ca0dec74030b39abd1c4,18,98.31271683488735
317596c19cef2a4c3de1f075c589d689,10,99.44992797119158
4b01af63be953d1aab89662f8db96032,6,98.27053537352975
6538e1132bf4de531351ce32d15b1c68,5,98.39593024930376
42cffd41990aa3ac742a8f41e7894474,5,99.25918292197647
d5a02202344d016b339742bb5bd99d42,15,97.75451325824537
11ce23d92770e2d2d1bc345539ca636e,5,99.745726387046
81a575419ff8c135d17494922751f354,5,99.19712012495393
5e2b7607dfba3696a402930e74a84764,5,99.43972427866048
05f9e1ef1bf2d879045ab10769bdac6e,5,99.3056871508148
b60f57aa7cd22ff7f292d911ca25dd8b,5,97.08680068183381
fef48bd2fb3ac2090ebddf6e8f412384,0,99.87095200227851
099e08115440a217fb7d2473d9a88bc4,0,99.62753695711459
d457902ac497b5c9ca54274445be09c0,0,96.70235282916349
170bfe4543da503b328623db0fb1e995,6,97.69719571064779
2ed1d73678498b90b25d4ad69f575f3d,5,98.73241855847272
9192219c02765c72bffbd76c92bef60a,5,99.69959479490798
058cc40216098f0436a8e5aa4bf96541,10,97.5425422588691
4984483d77bbd7445dc7db7c15a311d8,15,98.20477287575977
6848bda10b2093e73629b29068a8a275,18,97.50453379816584
e711e0299b197cde8e2d548fef06a094,10,99.03402011869846
d890cadfbe13e236a7d7f637643cb4d9,14,97.71375294502081
2e9f885bc78f59547f1f7919b25a6f55,2,98.01419291268309
c60672a03212d556d4842e68aff352e1,2,97.28231334143504
4b5c26f9e84329686ff9cf014347c719,2,99.22248469607996
1da0737e936fdbf6ee901c376aeb62e3,18,98.96896775434776
9ef8a82ee35c1c3725a8cf4d73a118de,5,99.57532867348809
d47d6ffade5ae09e481b4f21b940329a,5,95.00474362558803
cb52f934c09d39cacca8a9379e282043,2,99.09340332661519
6589f96025a4940a715256c0f65a5ec0,13,99.61183223435721
53528660f903045abf1433afa3893173,5,99.9240936003636
5522ca4664af27e79fde5b4309db1030,0,97.8872990773645
80ad141c82f074240eeabafcccc283ca,2,99.28738257593818
637ba5f416c4c4577cf07b776b12adba,5,99.42149748960799
1e23d090250eb0f626d82ab49f77584f,14,99.48151540560158
a3522520a9e2366a1044fea130ee861d,8,99.15388782505892
b8261b72360dcd71a53ca8c18686b950,11,97.81458476494836
15ba3eb0cdad4264d2b6d6a8335af084,13,98.1796732844082
486b7e5aada91d3566eca86215562bf1,5,97.53592530719511
45fe2ca8b2ea9b3ddd92b7f6029ae465,5,98.6548639929062
42f18c553c93ba2721468191f7565b9f,13,98.93682827016974
390497888812b53387c241ea783f2ab3,18,96.48658843356311
513b072adaf52b2e3e5cffb7b0c3db35,9,99.50716332101169
427ff1beaeaf3ce618357db00acb7156,18,97.1610835062402
68a43c452a164009b79cc920c37f9f5c,6,99.57495796236216
6908007da62ede42b05ac28c2c597ad2,0,98.76032972384405
db22c8b2ea26d68bbfde6fff0bd17dd9,14,99.8794080768102
8bac01ff0f2246b32eef31fe21bc38f2,9,98.2079813353618
7847abc91e72a261f85c06dccfed1c16,6,93.7572912785752
593dd798244c15ca9c2897c9a392e709,14,97.3720670563649
d8ec9c646343723d443c4c001da306b8,5,98.6317692692459
b2533bbcaa4750e995155a443750cc8c,11,99.83157242907265
8de8b46b68146f02b8362d47ab9f18fc,5,99.79635280611248
589a1c2d05e035f2d124f14077725aa6,5,97.59480003713338
b80b90022a278281ee75a65959ad1bb4,5,97.86738280901255
8e6c6e5d731f6e3938267f9508c02135,1,99.06355254315547
5e3d97fc5b7c835ea5c111cd2d7ff239,5,99.02109107645381
24c0dcc1636fd369817c4e4a85a9268d,3,96.83576742279072
4015f858e28afbbe333b91a1f0879762,5,99.46733596315913
9561b549e4e3fbadac19fbaa5c0fcb0b,13,98.38111863710036
41699e9532621982682ec85acb40a006,5,99.79017799643131
dfe53eefbe14375963579bce0cabd8ad,7,97.89689050092936
6aafcadaa9b53709776248ed636539ef,13,99.72972131240843
7ebf171e66d2409724866fbb3da3b96f,7,98.85501622500053
802e13f7afc19222d356b79ecdfd506c,9,99.6506095610824
160da3d82ea9a02823bf5558fe629555,7,97.77173562481521
0e087a2e2640cd3a2f5cb89429a6688e,5,99.73885263263534
ef2ab18d33314881779cc0b95fe2888e,0,99.95096487607452
c3c9366c75383713ab5fc4c293920cb4,11,99.4363851399186
b920ee573dd9f55a3bf348c77cacbea9,10,98.31575813015321
29fa710acfebda834a5e029cf7c69578,2,99.49533701305106
90085b8431177394a99adf8b1d039b10,13,98.07136545137837
091ceddbd63ddce9f446dcc887af6c19,6,99.96946918290433
3a7ae64ffc02a4e1963a8a6d438ab597,3,98.9027630070822
4d66640652de3b9e239ec48c00e8948b,11,99.20729524035906
df4531eb186e5209634f1a2d0645eab7,7,99.47037489762172
71a41819ffa08f06f0a04f700dbfc684,7,99.8984845137059
07f3fdb4423a22b072839b9a3565ec25,15,99.99684244300758
141a9fc6a9b381d2c9e036ffd8c9766f,9,99.19072284973808
b40cfc3944e5734c2c0e7af4bb4dd50f,18,98.25376348672768
74fbcdbece71e3c0bc63b60e383b8f8d,0,99.9640979976354
39ea7be2d98dff47d9a5f702d7fce1de,0,99.69077600632559
8e0fc0d9fe2ff83bdb6805595f689834,9,97.7711661146134
1026926aef16c8f2ac5dfdae1f319cb8,1,95.57255121156248
fe129d1a35568a02a2d94524d4c9a072,15,93.81708118040017
83249882505b58119777db69587f052c,6,97.79476425519807
1acb9d14fab962a6e323df660631b888,15,95.8947653427408
c2a9c57c9961f4e81e371210bba5551e,1,99.4547733646034
1d4987c4b805668817ed94269dc73b61,3,98.27072976180486
699251f105ae61e205f7ae79dcb5fca8,5,95.44052570395796
6cc7280bffe355402ef8bf34b4afb6e6,0,98.37273798972072
42a7c0ba1cb0c4c074f94dea3dd47d61,9,99.45493152979422
2b09e31a4e442fbaf32c5176100a55ab,7,99.43277258386246
8ea654dd91253b92dd95517da48ecc99,1,98.32940182414286
54a0487ab338c59e96bb17fcb3a20dc0,9,97.07743285871054
bd235a3f6bda813653ae26485ebf93f8,5,98.04940386077624
674dc1736b4178c88dcb39b0026339fc,0,99.4631399203025
1046d7f8ffc60e9efb1ea460d00e8208,5,99.84856141333034
c758dd1860ae1996e30f9cdec62d7bb3,5,98.49677277503403
0ef6a9b2072bcdf2995ae75f43166616,11,98.3055221232976
0f9dd1e7bdb1c5d2323020c9007ee89d,5,99.8452681756199
1ff41a9b9e176cacbba77613e33b479b,14,98.53745855514025
f03ef9af481bc2a02974e30177b5ed71,7,98.70584418630963
4dce348ac8f836203225f93272e597e7,5,98.35998916667134
5af57425cc53396888f935c6a92a5a68,13,99.96562854002164
f7e22612ebb21059642cc1f281c4cd0b,7,99.9365267899948
330882c94c1ab5a922efc44a80db9f6b,8,99.17551670207797
a32399325d187ed3081f68c701b2ff18,9,99.40850039285978
deb730052ea4acb3a8db84b9ef182723,5,94.38027055851477
5950f9f3b57866c23d1f56ee24221c48,5,97.36324220651777
933b8590c19bd016d382bbebec8f81fa,5,97.64214586773562
c2f218c99c090913e5a0c78a0a73c5c8,6,99.40635838470423
25be3dd4b0f19a84c00131458372d204,10,98.41781108887712
31eed120240a62820488831a53bbc6d3,6,98.89215619826163
f14dd6f5ae3141f155193be6963c2577,18,97.16368367606265
aa0422c7fdd64081f6e0520175457980,8,97.83131836246338
247b8fe4bb6bf3efd98b25001fdafd32,8,99.83836499801151
3dd84af5746f8d4125e840424ded89b3,10,98.96840270083815
b0344d062a8bdbeba5c942409875917f,2,98.64209186437341
aa9732922a9e17532199cac65a84efe7,10,98.36099319228957
240545fe9c12e11d39955932e3031432,5,98.77334806951136
0a62dc86e572ea13924d9c186d9aab66,13,97.3892902472826
febeb57cae6fc118450d5fe257b0fff2,15,99.86010524010706
8f77e0506f81cbd7f9ffb7cc4d18512a,3,99.15228067139358
eb90f6872317430aeeab28d7e5cc2c8c,10,97.93633572702942
aa2f3d7615d5cec1fc7c1dc26eade67a,3,98.4054547902013
81ec4fc5232a3616d03efa002a894fc8,18,99.7837789043533
8ad048d2759411192f66691d66476fe2,18,95.82671404168352
b65e71f6b9b5969818769ed94b6ad0a1,13,93.96021536081642
eb74e24c84a5e394e15d2cac9ba81a6a,14,99.81497243050703
9a69ce3171ac49356314ff025235a22b,11,99.99391247534174
ec77363967aee9160e2b80bc580d9682,10,99.56806377465799
61590193e115c0fc705a3704ba394212,5,93.79992274444463
313956b4a359a95f0254e4a9022b56a0,9,96.66847720694209
4dc05279a0fb9712f69b1a30f5f38e17,14,99.58996104754323
3444f545891d8c8834749de515f272e4,14,99.80063744829096
bb705a733e9ebeafd18b564e3c74ac29,2,98.86555927648904
da60a07d436c3d182448aa0835fefb2a,8,99.76279492462164
7420ab75c0e8e1cffd9055a7bf927b11,1,99.24787211001498
e0b97cdca40e7188435a6343105c9191,11,99.66978245307392
786438ba62863c2846842eb876ba208a,9,96.87432677328827
eaf9109649a4bdb0631fb61f432c43c5,7,98.12291739175197
ce378d841a77eea1540f772ae13c8dbe,9,99.51183845303922
a20e79c2607f13aaa3700d121a721c53,2,98.62982294767494
7be9ea576fceebc4c1832edd08731e31,11,99.7903599521449
9a581783612e95203fadd6ec543badf5,7,92.79493098804312
76983853e0c4902cbb27be3e8efd73eb,5,99.99686663872593
6ef805b9e3da9996c78baad93e67c08f,6,96.65775558243888
ef2ccc6050f07002a98e4f1e9b591d1e,8,99.59785262305033
2201e999cd1b087d98ba60861e9e3e62,8,96.82395613530778
ca651793a599cd235b3aed9303acc851,9,99.96052191597497
d8c6bf6bc72fdd99f8b707a2c3dd46b0,15,98.31526116859854
49e6fcefa91598ff2e63fa5dfd5b9e90,11,98.78680218312897
220e90a20ab7b59b55dc2c8726142ca2,13,92.28196420061211
c68ecef9ceb79449af7cfa1e97419fd7,14,99.52136921872987
1c36dbbabd47d6e330b21a9c8b90f9bf,3,99.26849632294173
4a9b97e8a7f37c1741092df61cad34c9,9,98.72688180732506
8f05e6c08be4dfee76ac6f79ce108a31,5,99.73663506491965
02a4230885ae6292833c10a75c567f84,14,96.21177423168433
f131dcec0c79800de38d7312e90cc3f0,0,99.52364918229522
395ae0a0cc03fdfda99eeef5f3acbbb2,1,98.14670367695228
10b851125f5231afddfa513cdc2ab721,0,99.54525724200566
54e5a888fc5cba7abd990ba46328e473,9,99.5398373704749
8f6100c43ce8bdb625d00ddfb0ef49f5,5,96.87386124110603
49b16afd9d93540ec432b3ae05e494c8,15,98.31723049132066
46d92fd7c07a8d08f0fc7ec2bf3e1230,8,98.28271216492564
a7bd206869e90fbd8a296d8609093bca,6,99.05795247126252
ac98a3e7c1d9c32ea64264362cd9949c,1,97.95110662905725
4c669461dc58f3a4cce5b135888651fa,15,99.72028906344418
60cca36313df425304cc4de2ad444e7f,18,97.59936128219898
bdce147c9904ccc666134dc1a91a3dbe,5,93.56309440513142
8f272b8c7ceb40939f2b0ec85a1dc4cc,9,96.03535166153006
72e2c6983e15b296dbc15b200554d179,5,97.74174126202985
fa731d4d50c394b96cefcfef2fdea4f4,10,96.31254675512832
1badc59dc814df9397ef0e246deefe2f,3,95.8616902672385
5a69e7089826147a8fcb631b0716a7a9,7,99.65752684061114
bbd525abfd1c699c1803d9a9ca17df79,5,99.46221286017035
aa5be6cb9721518478ec41e6defb74e9,18,98.68197841762034
01b6d6f5d164dc6c4dd5243553289ece,5,98.50124430980446
1be8883ec9dc9d4f592391f6d17ec4b3,6,94.86073209499833
13fe0a04ebe01c276e020839261eee18,9,99.89656577528925
e47ee074b6102b19f0041c9f016e13bb,18,99.02814858556181
c934796c75a69d3b0f0f561ffea10aae,13,96.27856136896816
05d23bac87017872fc645ecb56571763,6,99.70439382724088
d105c2183de77c5fd2a223b6a3220d6f,18,98.1628558338758
711ead493e930d47fe09babd2650178a,14,99.8479680054796
67658d87731eb798ceba4198817ffe0f,14,97.17026141370444
a575dbff1784fd40ebce4e247a38c24c,5,99.91811428225218
d2e08baf8797f143888e8e8ac22353b1,0,98.82343390111566
5cf444634672fb9a9688c16d9e51a782,14,98.16221284734104
c2a04d86029488ce3fc38659bfa0223b,15,99.34772681184148
7b4f8efbe54f8bf9084225ece5b147fe,8,99.58969340423957
f803afe084efb31d41cc826cda3913fd,3,99.8793462612412
472ffa3190d118db4b3d156a8a013bc6,5,94.5583908747982
5536addeb903a5f9858b65f2cd5a82b8,18,99.6056820602206
ff2c2e52c74ce0fd15573a4d5064aa79,2,99.74342429430985
81538119b12ab98ae138d801fda411f0,13,97.58539144632101
89ef24301a9901b41881b07f1dfd447b,15,99.76813269630007
bc21bd709f061de99bff2d332b95762e,2,99.95855627198873
bb4affdf5792345655b51859f79efbf1,7,99.5339619216508
e3444c7e1a0563929d9028986523b34a,8,97.46965326012307
a15fbe93892e85c164836e9349881c43,3,97.41032802636795
12f59dd98e34afa9ce6833c9cb9ed5e3,9,97.8832401747396
aee13cd71fb99dcc51027e23e825c2d2,18,96.79896867269329
2c8770fead82706c30bfe8d71e3e5409,2,99.60736410357285
28921659e3ca2d28f5dc29d6b16940de,5,98.51802151958401
167fa79d5ab57edaa7f116c96f98cb66,8,93.83051439601326
834111d6599c8b03f456c4ceb3ffeb74,5,99.77804109957998
2e9aeb96ddc5b296643f21118df0f0ba,1,94.85521270561237
2c6364048d3fd0ad0a585c5d7e280ee1,18,96.3457080356338
95faf8782559ae04948714ed3b5349cf,5,98.49952857679602
7c688e68d3bb2da3551eb5ba83e87a80,9,99.63358359056141
f30663a235b9c7cea97fa98d9c496bd3,3,99.62442384012931
2203ca377ee5a3ec021a3b69d4d25e62,5,97.125545928997
b8b5e294425140f0b60e4c8214a3c504,5,99.20312186229417
c747ff33c645eb97d891794aa3c9bd01,1,97.97523739944016
7029ef520383e2c451c9e2279220a80b,13,99.48204156198715
a9c376853f21e48f322c8db95d691473,5,99.22412613264991
eaf134fc05f1b781b2a3b51e348fd610,10,95.96626132020981
a6faa0ed0da71934aee56cdf7345795f,5,99.65457454698591
0ecb76a66594c4d1591b5e4ba98259e4,8,98.96073319290937
215492d957d82a97e8cc597aeb46fb50,5,99.45603384128684
fe2ace4f7223adccb2c69e1f44228e28,13,99.13139434364672
42d1e0d710571b5477de64eaf251d949,18,99.26131486274912
09360002f937e4bb02cd20a1a13b14c9,3,99.53181636848876
616ffb475e040327e6ba2cc3056239f0,7,99.4622652239282
6eb1d378cefec8e01dd130b26daded78,5,97.9032801110425
2f6fa3ebc17b34d50ad9ccce3a5e657c,0,98.86641077975808
593cc49bdb19ae1bfa3d10abb3e0b857,8,91.74299828604104
b6b92aad567f660ba3caf221d93af5d8,15,99.54879166970234
020562e7aede56edb773843a785b9290,5,96.90605450263926
e07adc58c6aba1140e32630b59743c32,7,97.96963009565252
de1a38d9b9e723fc7be070c72cd9f38f,13,99.56933345414626
f934ea70cd9eeca707bf1dbe899fed21,6,99.87063931421511
e49513569c831951e2f604ee55a20c63,15,97.10374943405152
c8731c9b656db7bb124f08d2edc5c585,5,99.0438706476302
8c61962ff07b87c9073c78931d4fa029,15,98.17800067847645
86c0dd99bfd83c1c0094aa3ffd4bfa26,5,97.7003990270027
d917025ca987c06fb9811a3df6d58082,15,98.95709048937084
8bf9f3adc71cfe2a28297815e26bcc44,6,97.2246087740868
1dd4dcf434fbc9b2a8b52e7308a08c1d,9,99.69879758827278
efe8c8c068054d15ff27070f442aae1f,1,99.70010939870096
013c2faecb558f4d732a0e3df9e85ffb,13,99.82166241286103
6ee4545bd866f24170a30860443a368d,9,98.00535383592722
2813d4533c4f9aecfd8ee72bf55e5546,8,99.23395951578132
d84f75c1a3ec9dffe7bcb6fbf131a3b7,7,96.61854951706772
fdbb9070cc4fd9eeff4327ad402f7f56,5,98.62787086304314
4cb09d1937f50f8c80783df2e7915385,14,95.95124643647114
d5d35e659be36ae6616b66f45d84908b,5,98.77075215623928
abf7424baebc1a3c1ac53994d9c040be,11,96.57083810456092
b8a3bad68b58aea8a59d5cba54048e5d,13,99.74670824956628
ee53de7ff9d19e75b5585bf1ce5d1eae,5,98.01529295776129
06e0181350521e79150a18f735ea8f70,15,98.89854276588743
73abbfdf767b43d5b57e5e0304dd7592,7,98.35373480133805
127649aed76b906c044972d2264194ab,9,99.7634066602055
18044a80911e7775af12b23199a208ed,18,98.40244135287269
3bbab58a878dcf69f04f35745b546d11,9,97.7793377170886
678df711944dcf886449898c123f4fa5,14,98.65272994925218
1f3ff5858221a08fd0b3e5e088f1b8ce,14,99.9884812823705
743272a1e24bb5038c67ee1f6ee590a5,6,95.87955850228253
132cf92b5803944134228082c56bf25f,5,99.46342555762652
0c817f629ef84a8fa238b4d40e650657,13,99.65174720115964
bbac275c845af89b676c6c98d7c15c9e,5,97.88098542533531
6d7cf535e922f4611701d0dba24c12d9,6,99.48104732878912
6dff2c0572f8f562d56b0c34c8ca9e1b,18,98.31638019531418
188e37726e1c0abfb1f92b22d68e7790,15,99.98351151096348
3c86b412f0a5eb8d9a78cda45649405f,1,96.99933890318549
7f4e0f5997835e7711879f9734751599,14,99.91959344005937
64a64ee1198cd3d8565b83075ae60bcd,5,99.33047362633444
0580186e54f3ea31195710cebe59f88d,5,96.33998927034912
d1c512c65a08c004afe34a28708fd44e,5,99.29706319107304
5dc82be04932fb21b1031522767b2945,13,99.99760228613943
02a2fc137ac4c5848160a7abaf8a7a44,5,95.751441173664
342572ed33c6e3cf3f2454ca484d4548,0,98.01005546348999
b28015bb567d9f87d523e19e194a4425,11,99.76826205402153
635d5ada16f899c12ee3306145beb09b,10,99.58517158304616
3815690a1bb15c0427f4c6e10e510303,7,98.92747404652405
7bf3828dd458a28b8da27c1f1b0a81a2,3,99.57750637672808
378f058211930fa440826ca9bec1983c,5,99.86610695782903
87c6ac4e39339d5bce6be985d8e5ab65,5,97.19144935203448
ffa19d00971a6082b715d81c37a09f42,13,97.85813178796393
b93eae5a2b8f867e06a15bdaa182d76f,3,99.06172808788197
a89019b83ddd0fc56df4ae89fca99973,6,98.30123432994066
0e69317fc61293d7370aab661cf51f6b,3,99.93779542918071
d90d160a65d13a4d0709aac123b17877,3,98.82823240795352
061edad31cb965ad71fd245a5fcae12c,1,97.54525103630712
4008d40068c73fdbff59fb3522ab2944,1,98.3714557282812
65090f728e9424e1c290f4e1792f3817,14,98.784351454871
e4bfd66f04b597bf672d77d891e140f3,6,98.67504167755841
2e9e88dffda90eb32e773654e75d23a9,1,98.00016458024784
abb39fb3447bb5078d7351c9cd220013,6,99.61501463535942
3111dd51170603f4dfa5f2690a8b8c55,2,99.32059029645758
cbbd5a69b032a3fad9848dee96c72e97,11,99.93980947905789
060a3eb5678690e90142c5073283a5af,5,97.71291073402608
6460ad58c6b206cdb78f1a8c185a2780,0,98.70934314481491
fc5b755b47b729f88b4655864bc7a30c,10,98.29676227118983
d368dd4aa9da5d8120acef939bb08465,9,91.2423704759466
4fa3948ec87d489eb9bea2e8895cb2aa,6,99.74813384133907
44e513db3f69ad0f370ecd1b855a1db5,2,98.91090970722055
dcdee0a1a6f9ad3df0b417315cb70e05,8,99.71611339652183
c8a16d91ffa353a446496921a24867c0,8,98.62692619224535
e1a7d77798d6e24733f5a31ccd9c384d,1,99.64606137745145
4067578df65592aaf51be37d12339b69,14,99.62255953519899
89ea590f707a2cf035b6c2c054fad7eb,5,99.85987512474915
c48d2417a79937bdd7fc76a4f4c2a891,10,99.37486550352136
ed9d92587a5b342f5c053a82fd9f5dad,8,99.41735050336938
43f738ce3302bc36079bbec7d8a4b6fd,1,99.94583794636345
64adc671776b7a287b50e4ae25e7532c,0,99.03058489264271
b7aeeb5e0df3d46422e016b4b852601f,5,99.19129595850492
07cf1011d3735aa270c049f83340c4e7,7,97.00663790244408
ea018953343f8cd4a727b163d977a0bb,15,99.07649121964394
c08148f3f7f44d906978271898d47204,13,99.91106259119914
4fea316ecbd28f54d669880234a02d19,3,98.89075539994236
9e5c8e85e1f45a74879d8d7e9452f253,5,94.29870208208524
ac08d141c398694b7785ebbb72bc9a0f,6,99.23518412459924
9b957319ade86a6d465a4208d1c504c1,14,94.86243240651939
1180833a2842f48515083ede9f54c223,15,99.69209017467917
51f3888e20e4c8da33fda91f955e13b1,5,99.99272969508141
b7e9ad382a243b37ae3d9b48355ddc09,7,99.93499992013524
9c3e639dbb89a7d9c91cefe700e5be96,8,99.59650608568447
a91edf8b595a01e7667ad71664fc8f8c,5,99.4756217061724
e408cc07001759fef68f8bd61e2f69b5,18,99.38944058761615
b8577030fa466d402405e983f1e21a20,3,98.98612541850694
28ad22b5898c86e508c90f959631cb61,6,97.11111812047227
c74183d181f590a03bc4672a9221ece6,11,98.87149817799447
ffb23ef7c191d0a84bbe1e3ac25b45d5,5,98.17799524207359
064fa82e8050ac315318c8f558c35fb6,2,95.97663004409532
abc82dfcb3d00db10013aae39e019d7d,10,98.31194279232997
28de6a0c6c0a763e414d5bc6e4d037ee,8,99.095074395168
fe7c679c962cacc7e326e9fa49747dbd,5,96.78875664368933
624459f82e24d78f93b60159a2960a3b,18,99.67626258724526
1977dffd9bbb937a17f71788e704e678,0,97.62521315702965
eccf383d3b22ee92893e45737e2d8f56,5,99.15262769165422
3f2f0eaf0f1d0bd4fc2fbee148a9307b,5,98.2202430670783
3a52be71b9f1ecb82c204d1cf5355443,3,97.22177232628798
c7339f8f325fb7a3043ed147f4e35473,3,93.0993481721854
f7f90064d13d121c08769d85d21ecef8,18,94.2940029665168
41da9acb445d684d78e6a0e011baf886,18,98.06642195652397
5a304c0067b38a4fcb16a5cff4beb61b,5,97.26996443027696
b1ad78804a2a4ad82db1d81e0abf6bb4,10,93.54788165339484
591e054bdf6bc829552a04061b6a0b01,13,99.02761537512723
9bb62a6de5b0bb295c0556478c9e5918,11,99.39318782908384
efaf82ff9c6221f7601682e7773789c5,1,99.68491686720668
d1b9fdb9632168039bfa2366d0ce96af,5,99.10897032324296
152929ff6e3743339c4b0f1be9e0d3c8,8,98.4180417270927
73912fe143b6a9ba8b121c8f3f351f9c,7,96.74375652224
98a6418c702ff6f5b0da84f11a361004,18,99.81780743507599
a0936c4593383574fce30f2109b040d9,18,99.60829710572685
a557cc584979ce0b01bcc27f7b261796,3,99.82578276101248
2237853cc45c9ef2d8df9bf7b61fdce8,6,99.87939474615538
83cee4d12c8755a645d8c88df9570499,2,97.65416714777615
f8c9a9137049d0d6a0be874440fb5632,3,99.34264549805833
a304dc3ca9ca017766e9947daa10102c,13,99.64726184081489
fc24a28ea761a03fcb07004f9bb9c85e,5,98.05558684263315
f2b4328c38b7668bcaaa501a895e64fe,5,97.93183032401112
630a7eefac2f7560ac14a5ed44f7c04f,9,95.92422130287582
886728bbe5fbb3170f954f4283a1fc23,11,98.483310104514
f23e5dff1e0b714e764306a5f10416e3,10,97.82756790413539
4dca246581c09f8deefc8150e6f8885e,9,97.9357798972656
08fc1c7ee4d553ac11bba86f11eab5fc,5,98.9353853032851
0a90fbe8de0ede96a2f1b8ee606ef6f7,9,99.27297914967072
127b699e7bb5ba68c4fbf73ece074989,5,96.91109699278603
67bc6ee43670f02c54718d9e7d532022,5,99.95629351546602
591f317e1c81b6bee7ee179a64db9e7e,5,99.9001217049114
7e951950f69d4fa292dadd255eb07cee,11,97.76936890244556
9a41e201b0f5fb309b7d13f541a2f80e,2,99.3474464262344
c3e0d738aa7938b1ecfddb3223ce9b9b,14,98.98672383191912
ed0628fbb1382e12a393c5742d795f2f,8,98.11526322176611
3fa8024879b931d12dde0c4dc00a9a10,7,99.69515908374026
421d8d68b01fb4a95592b2a8de351dcd,13,99.00616135752045
264e12aab5e811735e152e94fb274847,15,96.01205134504877
05641e34e4d6c46efe14c76b7810fdb9,10,98.5890249854043
112d2dc85df3a8ef7e74089dbf24734a,5,95.98778549095142
9711659e03e02fe52dea16601842c5e6,5,99.83490773302415
4251ae10fada2d9f7d236a6ebb5f7d77,7,98.87317238480723
dd4883ec049b04a539466e69d80bb500,13,99.02384362105005
c38b29bfcd2c596136d21e306fd4cd64,9,99.31076934026528
471f3430c208eb797bed9027c5ef9c59,5,96.48349819431886
fa5483980d856c28f3fde605d06d8b2a,5,99.55364422360556
f382489effa82ef3408e247a9d13a71b,15,94.23060031635333
d42ced8af1b0f9cc996f4795d8d3fc8c,13,99.54909684425775
043289a453975536d793924aa4306b99,7,95.9059649503769
d6b2c5beff5ccd8283445cf38ec33cf2,1,99.68145034183118
18dadbb90b3a77abec41566d51112531,5,98.37939912394319
c248ef29417617d34d01760e37480ac1,6,95.37932160524677
09ac9f8011b902072c0c38237ec7b59a,2,98.92713650936035
e3c4f6d782c50ef874a974b7a1f208ac,8,98.64424984618765
2d78132573cd9340e1711f9c4a967547,5,99.71234240959083
9ea470679315a198bfa6900ede1815b9,14,99.86675004158872
7fe99e51459d764fb44d73817129d730,13,99.56827554771982
f479f3f3ebf40ddbaca9ed4cc62a6bec,5,99.86900537973764
88290fe0a57ee8284844e35f53e63ec6,1,99.2889797627912
d646f029240b357e4fdaffd4a9d8ad0c,18,97.74531089327783
59aca1654094d2cc73cb1050a9c37542,14,96.63938547613336
1ada26cedd60115e13ec001f838a2988,10,98.68233348480084
ee459206c7f6a579e8471a835769deba,14,99.20020070654117
d2b1a3fbb08785c87f11d41824c115c3,5,98.05089025120218
b35af0fab7f05a3aa01c2bcf6f94cee2,14,96.02516909301944
9177aa5dea009f0ef654791e60164b96,5,98.74815921339993
9fd5356ea29b5151ab52c0dd27573516,14,99.16680017144321
3431f574b8c403b720d1cad0020d2175,5,98.81107394662449
644e41e653eced1e4bac6ec475423c58,10,97.97530452440436
4236fa6bdbaec95370679c1f19b75a5a,0,94.03852140681292
5656b537952d469903dd38b211b8f903,5,99.12033595828952
0c65f847c00cb1b875bf02de2f2043e1,9,99.64875970876847
deeb7e5b2f7bee43e00451ab2b55bf82,5,98.73598258834986
085e69ec2e7e00db1fb3551ccfc8e659,5,99.9862732375701
6e446dba20d9df04b5db134ef2aef2e7,6,99.08666797335358
3bc09096109da10a8cf0fd7c85e03d00,15,99.88510333215085
eddcfa1a670f44dcb8026eba3f5513f9,13,98.04362467408828
a851609fd3984c6f572dcbc5e4d21beb,0,99.33973103832002
2648a5698961fc2b7400142a7aaf9e82,5,98.8768592928663
afa09d5cb382a3a2960a691325121e4d,11,95.7738568204591
2387d235d6753f2a20f5d992323a4de9,2,99.86590480897814
af02ba09448c9992d40f2a7d7f36d59f,5,99.3666854707422
85cbf9b4e19f762d25334cb5c63f77fa,13,99.94837070868992
80bc368b3df87a02d2a8ef1e6f3d1a90,3,93.36706300069268
183ab6e2133d071fc83e75e56e244054,5,99.73243823275735
a5c46b7951943f87d2c115c3b7fb2bd4,7,99.91095359798676
005c67e9be58f9cc72e2972bbe648731,6,99.9803993401563
dea3e8bb52f0831c8fef63bc3d45e4d3,5,99.38443264982766
06024fb71fa8a7341fe1b2cd0a31b81a,3,99.49209200963543
3be339420a992e236c447a1cab63fe94,9,99.43005066458741
ba9e44d676a032fc4f22cb68db2a20a3,7,96.81081102010154
8ba220ebfee15f4c2157a26d2c370c15,1,98.50198886953618
db4aa1fecda5534a3f909c329eeb97be,13,99.95449874380142
4c3f607a3cad4067fd7d39cef4aedb79,3,99.30487842615385
0a60814a7f2796f4e8e41f284db267c2,6,99.78455780247523
85dd3938d545fd07879806e3ac022707,8,99.13665569029885
16fc9c89011637cc02580deb24f89f9c,5,93.56380307973107
28edc9c9caaeb90dc30a38c4054094a6,3,96.78198019107832
99cbd9ff5af1d759e0ed6f84f2767c43,3,99.4406285526503
d382d9c439965ee9a282a2c1c1553f71,5,98.72918174147233
994bc067f2ea3c7794e7bf8396c7a49d,15,97.69694529000716
8f99aaf46a672eeec4873d7a9900b062,2,99.06058706199765
3a17b02052e63bb0a7a0a727438613da,8,93.30553290934476
2e54cf534d0cc04ceabebcc73118702b,0,99.13423733890704
42d8306bd2daa9d8391efbaad2c16702,0,99.75110582955669
087e5e2bc76ba000666a34b1d2935ef2,11,99.28727626621048
50af2a6674db50fd298733c113ece832,3,99.22564567435074
14bb9716e26b1e94ad5e5a060d69e1c2,5,99.79349639082471
9f849b97fbcd6ae6e6ff4fc9281062db,7,98.45066905010351
4a9777a5953aefa6265fa938990035ff,7,97.87892233589193
dc133cbd59fb3488b6a611385d272708,9,98.89961853956667
78fdfe6e12e2e9939a008d60f6b85641,6,99.62882851672872
7859de78dfe3c6df425d4fb100988a3d,8,97.90052762505542
c55e7dc8fd273b777f27f8f22a156cd2,5,99.73735855053411
e636dc71b43c9ecc7463c1c184f20963,2,97.34921087917085
5a49e5f4d28e862bef0ae2dfe5ff28f0,3,98.72149199295797
00b8759f49eda741717ed05dc626a4b7,0,99.39848103426428
b65f05272bf77608946e97597abaead9,14,99.39998420073758
d109f89704e2557f6c78848667bee859,5,98.22534839702803
36edec71224c9e63b5ba5625f53d620f,0,99.96088041321788
16bb7679c5c7747fb0d78d7d8b02c4cf,5,99.65436256287951
2160afd616c6f5a45b577ed5b663168c,7,99.70645875067656
75b7ecd6442a49cdbde367108adb28d5,10,98.83405164641744
728355f3c6b172ace19d1bda775aeb0f,7,99.0685685737723
66493c24835ff43d2ac34c4236310b36,14,98.23722224501546
ab7300ae8d8e62820605025b6bf37582,0,97.4353906902135
42e0bff8c7d2e301e8ddfa1df1ee3473,15,98.10872462867881
f3a88bff9eb4f3a02dbf0ece5307cef5,5,98.54371488743763
dbed54db607db2632dd3fb9337dcda23,5,98.94082877606178
8124081485504f07e152fd71e5de2602,2,99.11323855109072
6b8d650dde035120fae7a21cd3612d71,8,98.53104952891832
26dca85ffce310417af74b1e3c85de2e,5,97.16063047904746
17ed46511bedcae15717b57cea792fce,3,98.1397243727765
7f5390796edfbde768a03049c55d1821,0,99.98888319292377
990400ebc6df03b7f5ab7af5622865f6,5,99.88233061221099
8acb95ddd99224d9cddd2fc06773e9ba,7,99.49648249784181
4de93c993c81084512ec4f2b72470086,3,99.1009797967573
cdcba173060c8ac4b7fabeff444a0073,9,99.43604570211043
17ae4285c18967c897ee70d84acd9fc4,1,92.08657374296124
957a6b6b0aab09c8add0e3476117802c,1,98.07795656702613
56afc69534c5f2d5b4407ddf571f08c4,10,99.07209943994988
10135c665e080754fd43c794d96137d2,9,98.20628479422628
0749ad74aac90724bc1a041414ddf2db,2,99.92483431021519
cf8c310158a10816de071e0289fd60aa,5,98.49103407260742
8bc277f9d6872202ea112bc061198ea4,10,99.15836220283838
f9db361ac1f6e372b2dc18e2189895b4,0,99.6582167299758
9d18b247c9f12482fca2f8c0260e5d40,1,99.0994096807622
c7444de9475398d3f86cfec4d6e6bdc2,13,99.6695321020595
61dc645d99fc284a7e7b733abdea136c,8,97.37292532803289
f686fe0d561f270e73d34a1cc6403a4d,5,97.85696966456055
dcf8dafbc833df10902182e731c9a111,10,99.4818141328108
0003bf6b15b06db485463a78d2cfa99c,5,99.25986152077948
d3c2fd23c7b5dded151b72a21f8bf044,9,99.36320548349568
2287d3900010403b456d81d7fc387977,14,96.90336818065425
b0f7a56181e416f716c570a3902776ca,5,99.63973126477353
c3d80fb8c1b74b3a236bf98510f048ed,5,99.59850774891092
d58c79748351c659855e56f02aeb5621,3,98.47159141039326
f3ed9871ebfa60b33b7fa8764964c3d2,2,99.62954955037776
269a8f3ced250db23594e9e5b625ee9b,5,97.19171913117786
7a15efdfd17469dd3a93878a4a4ae70c,18,99.72806074979748
eddfcc5319944dc61eb73747d0cdbb86,5,97.49788165483906
8cc0aa52b6e3498f160b9a3b813dcff9,5,98.65973489190131
64c1c26c8759687af2feaffdb7b03869,11,99.38292509975128
2d938520ddc0af333a6b14d4e610baef,9,99.64957883914501
55968cb4e0df8012147dde68dfaed000,1,97.59944516190463
f18572ad751209365350417194681253,3,99.07474177660563
670b1248bc84787a5d96b187205a8cac,11,98.39542165530749
c5bb7e3dc3a3235fd347da1489ee1aef,13,99.62217311194999
581a3194b263d8d5ce7aa56bf8436607,6,99.1065745882654
52748bc9797d36a4234fd9e3f1186f60,6,98.18494641578243
c7d61077cb7387cb804ede69121b799b,2,99.32283740110815
866a17d0d0ccf08e3e96d01e95d5595a,5,99.76435799282561
b9ab68c933d23d917555ab1323087765,2,98.74925195156631
0dde460b1a66a239fe695833c8408ffe,15,98.24037974585026
5beb451373f00532aca6ef37dffd6730,0,98.88663557604721
4423961bfebab2c6f26aac65611938ea,8,99.4500539339388
f02d02e43ae9e4d09c952f18b3dc4128,5,96.97352254898335
b1d340adb30e66ff07dfc426c62a3a1d,13,99.89611686116011
43074056483f5a0de496e93e0eebef93,15,99.82741122360106
b1e25d04f6230186a77686d678017bbd,10,98.58996879970445
c0f2adb9fc2f9ed4da64c96ac9e4abc5,11,99.2682946143209
a5cd0705eb155e290598b1086c9aab5c,11,99.21243691560518
5a7699852358e07475828169eccc5408,3,99.59100287719859
1997138983d33876712e5760beba0338,2,97.14946503084418
cdada6cd1ff73c0a6bfe5cc25d9f866c,5,98.95121266502272
2dd9596e638856a1e3db78990bab877d,13,91.70965370893208
75560c6d67c34ef3f27a9ce011057140,9,99.58628595640705
18233c0375236ba0a12cb854eb91d1c5,0,99.87341605418054
5add770c8a6e73f412354a53d3a44ab3,15,97.85689328698328
265f55887ee10d2bca5637a60b67978f,10,97.40034085973988
b4f7593d81668ae2dc79c907fa775327,0,99.05552115191023
551b913532dc4702c094bd29130ca1ce,3,98.29512733089132
d6fba38de1ff2eac4f988e66347b0983,5,99.97253574589627
1e9af98c27e6af70d546802f830381a7,5,98.96043155496933
1e9201b2e6e12c0c3059c6d8151a2bdf,1,99.88827587326844
088752ef2a95ed7ed107b49bca41326d,5,97.34637975720784
606f667a8efa480261c006286b4d9d00,2,99.35411479322224
c10fc038d65240cf4b822a675b4e510e,1,96.81128167988386
79bcd42b55c867421f578ac0f96fb279,5,98.94163288720472
fa2359370c120e95fca19d3fc09e19f1,5,99.37575752983962
263e15696c733ca4caae0d303e656224,2,99.03274766363606
f7139a5561752c756c300bd8a24e8435,10,97.68415287066345
01ea36eef66f0c9c798b099045415abe,5,98.6990983126972
063dc6f403f92d7ce22bbb22320a1b69,5,98.91704288051147
b255348cc1e58c1f5e4f77575baff0b7,14,98.10966478658914
312feecc9ad20befb8d12eba8f0d1bab,5,97.92163865582128
2e299ff5ad3a93fa0d188611f51d0064,5,99.65857569530944
24ceb175c04769eb2ede0f3755f0dc50,5,99.0718053644966
618141e9b4b5efa5ac2e8d2dea93e878,13,98.70933956703391
2e096c49494273cda2f3e814c9cdb9ae,3,97.183609680556
b56278e384a8dd7f083fb4516916667f,6,99.67996340976742
c77a5d3b8af651bc9464e036ef79b725,5,99.70377412517472
35ba1b57217ad1a3d31308b5526c27d9,9,96.48013202287686
cfcb8dfb225a1527ff0550c29fca24c7,10,99.99644673407923
807921d955c5c6222128c5601d612bc2,13,99.89454679429788
3fde764d71d9cd11b1aa6bb643dadf30,14,99.57537333881237
fdd01cd1964c117990d9a4e154bfdd7a,1,98.40161393962427
7f827b7768ecc3bcd9f5de3f24b15822,3,97.99148643113278
bfd9a48a216f5403a7000b69e99b4a5b,11,99.39784388494485
2265fe7536176cfce1702e11acb8869c,0,97.55654394447211
273747bc2ec80ec921dac7942dfff48a,3,99.3483056515683
3c5bcfab318a763549c11afb10933698,10,99.45268379667051
cfc143921fa2044482b572ad6f08eda3,11,99.71267006389394
662711a12413e63695e711f81bd97f78,9,99.78592155047912
5975b4117de26a9c6ed89b8b6d8759f3,1,97.70002929124122
a20bc7275a5e08ef1da6ee8602a6635b,8,98.74253437997712
f58cd9266113ead13d0427f972d07f42,18,98.88579258479078
b900d853440f02af7722ddeb8d1c3ddc,6,97.32832639060493
ef3e15eca8ef062496729105b10defb5,5,98.09349930611958
c9ff8b3e8460bad8587213fd9f950c9e,5,97.35306606187932
fa1105601c307b1685490af3a027e80a,5,99.4853389169761
8ee69a123a02c0f508ffa090d0af99fa,13,97.0574453394855
7148a1985b5c62e4fb57106367d54197,15,99.18355716872465
60f09c05f1db0256cd8627d5ec8db9eb,8,95.04515652352119
683675f37d94aa3cef6c95bb9461d8de,6,98.97941160238318
d7635f82199545fe7c41fddee11d2fb2,0,99.88544870742481
5f55f7acdda8171443b731df21ee6e67,15,97.51325369861047
7e1bb25b8978ff6401cb6277fd4af295,18,98.56941799579704
061505d87f66b006ab82ba604227fdea,9,92.4010991534985
ff1785f74bb4e6a0391e84d428c27701,0,99.07952410709434
9ca6b813f4052a5c683ad18cf5abb0ae,6,97.65029935642247
3cd23db56f36949f0542f52814390121,7,94.14906054653869
d65872c147db248ddf25f8d78fa34f72,8,99.25184461974813
7c54179f7abe2dc3f2369c08f8d8d3fb,18,99.52426007086652
13a773642d0ae4811db2939b32ddd1b0,18,99.82236858460926
f4694cbe1a1d3727cbea42868c699df5,7,98.45311001599329
062d2db885e5dd57fa30d3e72a5e513e,10,96.73535969260178
e3aa24dfc8776435446931a34aab4181,5,99.91767084431623
3a0de72aae7ae23c3046771e6c7e374d,15,96.23525825641514
211df11f745a6a227cb576b2596c697e,1,99.91219415412064
312cbae5f588ccceecf6ba453d387fb6,5,98.74681904477745
096d161ece55ea646eb502968f7792bb,5,98.52622904294348
d1b4d5faabd36486cb35060d9e9b1fbe,5,99.53956822566937
8e74dd407be445101f1f8c8cd9f2fe73,5,99.70319368177138
a8d82db843074e101f3cf6c06cd4846a,9,99.73054890446487
84286411353d594583ec0f1770290654,10,99.51212905504056
294c329b11a6453d84b21abe4a4ce79f,6,98.2096299249514
e1d72e3c2611f278d8c0bb21e7f04118,14,97.68913897118733
8befbacec706106e05d2e1f2079a0e4f,5,97.72094130551979
7c7778d2306136d2a310d971638147cc,9,99.87662256431207
5864a72579653446c0b00702974c66ce,6,99.63127160429346
68b1970be6e48e5a86ba662d1c898982,9,96.93614873371752
0b44bc6b0b42acdebfe22f366f348022,8,99.53450035820485
40c3274da2e73bd93ce4c1b2781a00c9,7,97.62192786896419
4223efbb7d0a741045da35725d845c76,5,98.9257815607649
99f5c8d13e87735a1c75eb74803c276d,10,97.35086717505408
6540df9ddb0cde5b80eaad33573c4a7a,5,99.87569884358055
d2c7d401b51039437931ea50069f4a17,15,99.71690346664309
3783aeb0983aacaab2649ddab93ca9ca,5,99.18951146553584
cc67ba4eea909e8928de4f27bdd0388c,11,98.65208188547523
eb05dc74deae3b38ce92de1a0da04da2,5,97.37719628689544
4153e9a2fdb405d4243851f51b46ac26,14,99.82958556443798
9edefa57c415a0295902af8548cce594,18,99.79146147216368
4ef99a37bd4aea6ead9499e0b91d6f67,5,99.77006874915376
14bb199cb1e87923ddeb1ebde0c95b55,3,99.77261467691953
7916282c057728e911e056a774880197,10,98.85353312862978
17af58758c7956f5170a7b669fa85d42,6,99.13664486746647
853b76525b3daa4bf87c74203bbab6e9,6,97.77790330291396
c3c5b29030013ff17d16f2aa1ecbe23c,8,98.39059388581555
e5f35b369447120e3365f285a5152d48,11,99.99377702780345
2fb7818e8c8a1a11208347f5408a0f0c,3,99.94893194466299
0fb4d920aa7de3c7de95b3084b4978a4,13,99.79238882262422
1c752451c33313929544e445113dea40,13,99.48689180334696
ba6e8b193ebf025e4f504bfd921bd4c6,14,99.96873208651726
b4f42c6468d2396e5cffbd096898e21f,5,99.75715896511342
bb3948d581f4152b4d2b5d4a934c4696,5,99.48282155184978
2aa54e872a640208e83f1bf5e6647fd7,11,99.21757277244784
855344f81b19f9af84e4242978a48c2b,5,98.17614905889988
b216e1e4225b1d4c056430241d8987df,0,99.33523149043718
516a7cef1036e743d5cc67326e9729a4,9,99.23475086925453
818ff85fa503a8f73f39a467799089d7,9,98.18531645503762
be534e4b4e90a2f640e8972cc98f0e12,14,98.88232673428556
255534015a30957be16870f2fecb9e51,2,99.41588474169411
c4cab384fa3f49b4afee4dd00f44e895,9,99.52926968660836
2014f1d2321826de3b6cc23ea3f671eb,6,98.83538654973486
98838eabc2ee4f2e3102fba90233a4bb,5,97.85122037576164
21cc80ac543ad86e4a22b8e94c679302,6,99.91920509898824
b7c99c11c85bd55f7bb2108a2f2918ed,6,99.88836530936828
25f1ed3c7e49163bcde5cb82a6d22bb3,13,99.75883832290819
1355e99a085dce75156a35eae9bca07a,5,97.19106795646078
4b581b531f8325d4d2f4936b47ce6796,5,99.32091320153219
b9baab4f82ba592de8385aa898b52c49,5,99.75255895843627
50b11f67caf1fba5fa38b31527eb0de2,5,95.75396407853137
82a178ef4ac52fc01d82a200e833ecac,5,98.7888044876073
6023a0a5415c59784f4fd324f4d83f41,18,98.21801037167104
be2e41305bcdd646543eb34e8b89e2d9,9,96.61988577562636
07a1ddb0102ad7f49f08ee1fe732096f,11,98.32256327338277
f37ca5438c205552dba0b6d555d989b7,0,99.86170444697224
81a9dba4187a13f2b76c3fefdf79ce55,8,99.71562389916976
4269c9e95307b94ab482083fbd75198f,7,97.37227299712814
995f3190b1aef21290367e38dc899bbb,15,99.9470909096857
cc6b7ff969c8f355681a498611abb084,7,99.01997319737535
8617bb5b164578e267fb985d6cfdadf5,13,99.39427541217829
22b077e2793ebd04c6137b13028e2123,11,98.4665882792653
a8ab1b10fdda43671d5a380b218a42d4,9,99.04482781881704
bfbefcf050f9fc56bcd2b86ad4eb6572,15,98.51352588562446
2dc3acb57a9c5a900525d424d023b874,6,99.93506593520053
7a1c879f24b9d29087153e18b2852935,5,97.23287343956771
02a4c743985a3eb8cc53c8ee8b9aa226,6,95.27811113490232
f3324074236ecf0db00fcc4796fcfa8f,13,99.53515578653113
a4fbf4c978a95c3c7c9c90773dc58fb8,5,98.70960563273499
dae88c562828722853826a7b4006c7de,6,98.45812083761912
065969a84afbdd433bf0083cd70930dd,5,98.36509930718273
83ddd72fa230e1bf2326022ceb2a4457,5,98.53030150213618
a72b0710e07f2beebb291978a7d90c11,0,96.90463922527218
67ac2119637ac17b306fb8ffaa125b65,3,98.15078032400842
5fe10d1a605bbac0d360d0a43b79ec67,7,99.0784795985941
4aaa617b4024a1ae82527c1dd2099f48,6,98.63257014902611
930d4cfb15c269a12e9fc479535a5851,6,99.64896219013173
bfed25bae9394e346c5514ecc932eb60,8,99.74680524355968
3b61fdc4dadf73b58114d68ac6eaa9ee,10,98.6356916108096
6d0f825c5ee9219b16efdd589a5a8023,13,95.38251219762142
837b853cefed5c0c9af07530a3c9eb3b,18,99.13855094038398
0893f1be95da3b0a57edfa0b61003269,5,99.96112469301985
94ed507de51b33a5746e65a3fdeb7109,13,99.6239563232186
3088f51c9765160869fe56402a1c2e6c,9,99.96671247688224
acdd2b076ce7b6e5e4c649c21d42f5b6,5,99.86773767179518
ec5cb0658b74a9f754748ae5e38367a0,7,97.36931835394755
53e035d2acdb7d84fd601aa80c55b670,5,99.74856703086428
17d400242158c613a8cef03a3c2f288c,2,97.81146294871985
0c9129150c89e6d05dbbf2a617fe2903,10,97.91891150692422
002f8758e47085a764fb416c45b0c1b1,8,97.10005939528519
792b8a860425698414018b21b2bd5af7,3,99.24853263519847
bc4e8b1a789dda6b9ab42a03cec13046,1,97.24881400478644
17dcda1736af666ebcb0dfd734a69073,5,96.39470453842236
bfb84ddd36ea146113499a19b855d15a,1,99.7541463907952
3e7994e429b7a3587a6347379f9b8e6c,14,99.99770830271655
49ff18ed6ee8cf4eacad208022f29455,11,99.08236157526832
8a53ebeda495d6d3e751610765e116b2,5,95.66171018520598
3f09cc024b22d160fa6800dc3e790fea,13,98.97649430749935
1c422be6963dd7dd194dcf0f74369d12,8,98.4803546889517
2b009d3d76d8842cfb762bbec2f8614f,5,99.9722616104681
3b7b2bba0ab03ba78b6cf215972ce51d,5,97.00777792863704
e3974635cbd5834c921827857c0fa9ab,5,96.81818751300531
73fe9f661444c7cedfb052fcffbaef7e,7,99.90009646626646
4c21b4094e180ba1f214990a40434615,9,97.13140618108031
f5a05c894363dd882da8e1726ae6c768,18,99.68388169600999
105113fb1ed6b250a798603e33934a7f,13,99.9539655706158
0fd152a44d44b82b5ce59be80dca8999,18,99.78760919575774
21c174c586c99922c2712713e7950408,7,98.24696214291777
6cf415298cf40febf5aa63bd8e85034a,13,97.8068208340602
f9fc6145b25cfbb9c8c59a7a440dbb4a,18,96.2786524193319
c3ebd3e152703e4ab155350d2c07cc85,5,98.03321239530041
362bc75ec4b409360a2a65168c30b173,5,98.5934114920855
4ccf3b4b5b6c2bb65766943761a46a06,18,95.35618194176253
5e53dcfa6aacae502e3070cd395dbe8e,10,96.61986903962683
b0cbdf4ecd0b41c7fec65147b2b26994,8,93.34048781260987
df7af0ae6c5ab28559ee93206e38195f,5,99.04875108432645
ef2bee157386b5eda9c7a39c0501d726,5,99.5035663488768
79c93affa2052e06bd1ecf32b1e5ab29,3,97.27351408399183
1dc0a63936cdbd039fed6304a1374da9,6,98.92031551854635
61d61a89d483b215ee408b508923e9c3,6,99.99663117231316
60d0108a935f5c5fcc9a08885b786c98,5,99.59211659513379
86f01066938f749051d84531fa3ced5d,1,99.86638633225783
857b65faea5db3e60df1e908ffa86363,5,99.2675411015033
edb2fff47a749887f458ef9c6a4e2025,7,98.7693290244337
2adeb40f43727030c4d1780d7a6e2b59,2,99.62063593197058
29f954011d2d6339f42e224e195a2439,13,99.92106160903144
51afb3dcee90e87deb4d1e5edb7f1c82,6,98.04068615693373
8563706f328ed12545a66d1c823c8e75,14,95.17692056276138
e9543413a9b178e991bb9e7d205106a2,5,99.74205110904482
61744acd075dc948766dbec404f00d88,14,99.29109856911268
cc3d8b5db4a6dd2dc43f921c8206964f,13,97.81231199417886
4a4317b2ee6b20bd29995eda3f946475,8,93.32956146747091
b1d9ed0bb0d66b0e7d79cb98e61ceaa6,18,99.75475101643912
f93f0674bb5f6ace3db2a057e2b96630,5,99.70873591550188
cd663d8c3d3919c6a447708df5bd5ca3,5,96.81074926898785
367cbbc370c6dd4e6d46e813e30084d1,3,99.43620449988667
91fe443427f8ab29a5faa0f2b43981d5,9,99.33730354506406
aef59d9a2a02b5ce49e22673ff413735,14,99.78073337278876
3fac25a0d4de619880a61044d33d4cd9,5,97.44588620914949
7a958e9549b99fb5e203dfa584edff59,9,97.03109372629764
ecc6a38348e58c75295e5643b04b50ca,0,99.76513656652085
4028c9320377ac6b86126aaac2649425,13,99.84153024304528
67ccc104cb6270ca46f30f081ee0b231,5,98.32930999204774
631a54c79c973bfc4d632c8ec337f8f7,13,96.22352105542403
5791cabb4f957e40cfef751e1c6fa3c6,5,99.71863332151466
a2f154edbb61c029bf4df2ef3b8b0da1,14,99.90427790507644
983ec0a54122f8d51d75232c93b39221,5,95.38976403108306
bec74532b7cfa8147f475fb0e8e287b9,18,98.96908304693982
2b27248a4e665d486c07d55f9f19b196,15,99.3915301267484
e60fa03814747f5c1674432adaf9d4a9,5,99.8474726067917
aaa6d98b6c8b6ac7ab79d4bf86e48407,9,98.61116656347426
b5c7e53f5d33d798ff5b81bc22b2f6ea,5,99.99588315555462
8c3aa57d6079626cd3b66c0a4e193c9e,10,99.29437574590251
ba61df2954a376df12b1bd635fc787a0,13,97.78696634225686
a6a841b5102d1aaabf9d6ad907cc5f77,5,98.75424366206242
5280dbc3154693a0583d9687795c9387,15,98.18532427737627
2cff79673c1ee04cdfbfedee14be9e15,5,99.98368086670277
9c7811afe7eee34a640acae072edd1de,1,99.60883283310054
c2c2912decdd5b3350147b720348e213,5,99.46529850950773
94228bc86ceea6e5e9886d8fde48abbe,9,98.92822476729755
fff5927e561028204b9ff5881eabf584,9,98.19821280686813
e8da42660913484bf5e88f26a7d2c441,1,99.075137203688
13b0926c8a43c907e5d010b90cb6ad5a,5,98.38950220081958
7d62d29cd33b22b4fb660d0ea6341936,7,99.22773729016052
2eb5c12f71ac549e26aec26549f44973,5,99.0658103538667
7cf3ad5d9ef0c185875e029451e51662,7,99.71503820190273
0bf429dcc2c23668fdbd194f7f63d73d,5,99.93279217571228
34c633c6da1b5762ceb54d13ad0c45cc,6,99.80792992221332
44db9c5619fe3b50088d76f914fac611,15,97.8100877690032
6c945388c6c14d2e270037f9570867c8,9,99.86763043101217
ae4d8301483457a44dfe0603797b90f3,0,99.42715373637604
bed13be61d340786d506c7c68e041e78,5,96.98806868360711
6c9f5110224dff109c381e9192eac59e,6,99.79176423833528
577ca3e18091e71c25b5648dea1a3bd7,9,99.89232350402472
fd5dd94c38ed987ef325053904373034,7,98.65603281475356
7397f4c7399b79fe47ca50c5f6efdc34,6,99.22703150802877
e4c62f50947ebd7650b39832a3f0dfbd,7,99.98557216725125
7211ea094f415b674f0012812462da7e,18,93.37468697879697
1029d952743445cec22bf1d48b8a7caf,5,98.10620521495261
d3eb21cc273c5cf07ba54da76fb7028e,0,98.85663027696529
2e657bf0a52113b5684273aec27d6194,5,98.30016635773154
7693f78c7cf0687ae176c4b793158f3a,9,99.46087769689285
1dbf2a33ba1f72e790f17a51eb7dbb67,0,99.60864330675749
b49a559d2df9f133873c829bff4f0162,2,98.72560127020655
bb9d4ccad87ed4f7ba42aa9fb965274d,5,98.59467262992858
4738e8af5b97990b360cca3e5a7f426a,8,98.82712068264495
156e362c707b07abb49f50c0a9d3a12c,13,98.90779254670672
8746680fada513caea714a44030b8eb5,5,98.60475382586993
6629a9a2d42269d7e925d3a851abe374,14,99.6381627543645
fac304583e0e51f8a720a55c5cd86644,0,98.50471803630309
bbd3e8159cfbff47e944ea5d59a608a1,6,92.2589632142298
b518f9344dff6360fdb8b2f0c6710dbd,5,99.72514868707748
fdc10dda95f4b60dacaca243a4bbc7af,11,98.81292915695524
b413d76ee2201d1e887a3b2e2bc82fd8,8,99.63525309179538
19ee5f12f22e700456347a9d444e3e69,18,97.53545535068785
e9ee27b8a32262fe8b66c832f5250fc7,5,99.08434173491149
d6b221f6d71b042065ba3e25558c7842,13,99.74428222548485
2b99dbb729fb9bebb3d68a47f040ac32,5,99.65946404639226
ecb6f8801e1e1181be582a6e00170bd9,5,98.10441572015958
74ab4704420eb4c9b8e918284a7eb2f3,8,99.5310336255983
698de2e6f98a168f34f159a4d2b91fa7,0,99.86584182082613
c908fb423f7ee38d8f3a3285a37e1e37,5,98.85769150301232
a5bb9aff4fae079a78d4a8e95025c49a,8,95.32039211955089
56f78d8d0d73c7a0c9465c58610090a6,5,98.32234855477952
2ea910ecb23350aab2e2dbdacab630ac,5,97.5789998749954
a2ac5b315df19cc2b076a77543e53d52,5,97.80044129394446
48cb77ca6ad484e004ed2e560705e1e9,5,97.56732536907751
f1389e65ad8a6a878f67487eac4170c4,14,98.11206438610417
de7b611a232f6e05a464aaacfcee13d8,13,99.60066659397485
3967d6567f6c61251d25d8447aeaea57,3,97.77862754608412
7ea1bc27d5aa3af9d4bb1b07c4d7cb7a,10,99.89269571916707
ca19a5bb7b0b3f76248b9513edc70a2b,2,99.43271069851106
7fddd2ac04c050663cab01e2bbafdfb7,1,99.62783964700785
472d6c64d9d6633b8c7f4274920e0cde,5,99.66385468492186
671693e372e937f2392cb4cfd450f81f,5,99.92566899483356
e38a8b147067a48a2b588f08e2f5ebea,14,99.32175451828631
a89c5960811725298cd6ec25cdbb5559,8,98.79074041013942
4b31e328d1fa86b7a798e2492c64e4b6,8,95.94204736909818
2083ed1b3608c5d0399aa2c7570edefe,18,99.8832086780969
9f549a0ad04d289be215aecca82062c7,5,97.1634021680862
26768cb7835f91e15516b98b936c1119,5,98.90548336438542
9925e950c357ec5d6fcc1d613836644e,9,98.47652066177655
75490e3baec58e3b44b92ec8bceb4145,0,95.98709172547477
0b7353d6e02786a3fe59940b6399dfed,11,99.98923671389367
c0fd5006a047acf4d2f54ae1ea614a64,8,98.31286651312193
e26aba27e97dd833c2e1286781db9b5e,5,98.47370264023601
1bf1096e9434480f0e5111bdd97cbff5,14,98.8619653705706
2039751577513e32a07174ea3add9069,1,98.3809498498199
bd9854e2ee27d772f1c4f238bae6eb37,5,99.15232120123714
8f83ae256c4327e77c9abf14314451bb,7,99.36858988266961
ff76074b389c8657c2878d999b17e3ab,11,97.94996766475549
62dd9ced9599918c5a76618d388b120c,15,99.82526234195836
dab25233592d6466e4e304735dc3e03f,8,94.49248138168481
01a302a40cca058737dcc7faa5e0c0f6,6,96.61456867612277
315fc7cc3b5ec059cd1bfd6ea92c281b,13,98.84189606340894
28cd3a7b06b4278ccf908a9ef87c28d1,10,99.20343273168434
b3f796c9c801c223cb4c4f80c286c074,5,99.99186539890306
84b9ff6fbf47ac06ee5fdb5c948ad239,2,97.30354648693589
a45ab79752be75d09b96d72771b03841,5,97.16150704140756
3ab2c4b5417b7c9a4d1a3afa016575d2,3,98.90554430229568
54585dffc8446779f650b6f2d3e22f1a,13,97.69380091855264
5dadfdaeed7424af8f551d4e5cc607bc,14,97.6892311805822
d07ddba93e9dda3ebf445150585fab62,6,98.60086620215796
384b8861652bba47e3126ccd8c158f2a,18,99.2614600897216
5b611e4d836a1839eee2dfb428e20ac0,13,99.941117049834
d735e0838409dfd430711da160cae016,18,99.95792056602302
636be159c6381002de82f9afa59a1361,5,99.62123918372035
ee37f278337dc22e1f2085e256051e4a,3,96.37858227979208
e501dfff9bcc6e7ef42097615790970d,1,99.1147112999451
fdf58520e7a7727c705b383c9caa6ebe,5,99.1290790998872
d1e2c97b5f5ef196aeca764ff83915f9,18,97.7918533748855
5c1179a5d38be51f95785dec7400e5c8,3,97.0414482613802
ea3b5b2694ebbee8820f9ff2d9b01eab,0,99.2973822881215
69c59b3aa0c7f014390fe0f4e8935bb5,13,97.24367777819675
fe58ea35bce0408e081d82bd579a216f,3,97.54405309442076
cf4abea2fb93286f712da26378715316,8,99.02217420753391
2c94a0c9f9a4d8a8dcaed4631832b974,9,96.40968619335493
bba223380f79aae0b909e56f5663b32f,5,99.34533280533063
e5c8f13c1f90bbc3bd0e946e7e541278,1,97.25207823972129
c0222312cee109db6aabca0af7b309eb,8,99.97913207403253
a4bdd874b9317371e2f36e1bd8d5bb63,9,99.28694896636422
2dd83a527d7e81500d2aa0f9db12780d,3,99.36991931597325
ca831d2ac9c52113a263a0cbba843759,7,98.83245645463363
944fdee66bda35b7d614bc7d510f517a,11,99.37525219703431
6f4150e521d22efbd70d1dbf07957829,15,99.89177992252658
9408ac3d5ac5b0136b44e229396bfc8e,5,99.96034943161621
04bf86479a5d7f2d36181df4652781f5,5,98.02453397501333
1ff855a8a099476a2c7ef07fa5dae3ac,18,96.86272151119455
eac655049fe5f412d014a021525e34c3,9,99.91962737393618
75a8a224b04da8de997a0f2ba575513f,1,98.77991160862673
c60c34c096031e06d2cf8aab35bf8491,5,99.05104742575048
38ba12f6dc246f074d851de7338fb91d,5,99.32017694200337
a0a6ac3eff209c245e732225264e8509,1,98.73725730931699
4bb7a742d02aa2abb44b6d3df83a6933,5,97.24703478893386
d6cec6230c8db9d02542f98f80b551dc,15,96.32618348176096
d1c0e4202e582660aec7666d434da28e,7,98.42002886694301
979da5caaa33f57a78d2e39efa7c8f79,10,99.9836663943284
557363cf7d6f096db5dcf7d6f9c29061,8,99.75022973528819
a6d61952f534efe42229f05acdc27393,5,99.2992359964368
