site,season,depth,molecule,rep_number,latitude,longitude,temperature,humidity,particles,comment
stanowisko_1,spring,20.0,DNA,1.0,50.5047142755226,15.996063505651012,15.0,65.0,489.66473409795026,
stanowisko_1,spring,20.0,RNA,1.0,50.5047142755226,15.996063505651012,15.0,65.0,520.0614909195799,
stanowisko_1,spring,50.0,DNA,1.0,50.5047142755226,15.996063505651012,15.0,65.0,215.97093584807862,
stanowisko_1,spring,50.0,RNA,1.0,50.5047142755226,15.996063505651012,15.0,65.0,725.3424518151156,
stanowisko_1,spring,80.0,DNA,1.0,50.5047142755226,15.996063505651012,15.0,65.0,823.0531145509249,
stanowisko_1,spring,80.0,RNA,1.0,50.5047142755226,15.996063505651012,15.0,65.0,237.0296112368447,
stanowisko_1,spring,20.0,DNA,2.0,50.5047142755226,15.996063505651012,12.0,76.0,186.02414626454885,
stanowisko_1,spring,20.0,RNA,2.0,50.5047142755226,15.996063505651012,12.0,76.0,-170.30337074252805,
stanowisko_1,spring,50.0,DNA,2.0,50.5047142755226,15.996063505651012,12.0,76.0,269.7383567221565,
stanowisko_1,spring,50.0,RNA,2.0,50.5047142755226,15.996063505651012,12.0,76.0,-152.40999378382708,
stanowisko_1,spring,80.0,DNA,2.0,50.5047142755226,15.996063505651012,12.0,76.0,447.53527802164376,
stanowisko_1,spring,80.0,RNA,2.0,50.5047142755226,15.996063505651012,12.0,76.0,662.715942081152,
stanowisko_1,spring,20.0,DNA,3.0,50.5047142755226,15.996063505651012,16.0,75.0,329.1290356300072,
stanowisko_1,spring,20.0,RNA,3.0,50.5047142755226,15.996063505651012,16.0,75.0,804.9869294355817,
stanowisko_1,spring,50.0,DNA,3.0,50.5047142755226,15.996063505651012,16.0,75.0,252.5302257153709,
stanowisko_1,spring,50.0,RNA,3.0,50.5047142755226,15.996063505651012,16.0,75.0,559.5491303356475,
stanowisko_1,spring,80.0,DNA,3.0,50.5047142755226,15.996063505651012,16.0,75.0,529.8805348598964,Wysoki współczynnik bytności ludzkiej
stanowisko_1,spring,80.0,RNA,3.0,50.5047142755226,15.996063505651012,16.0,75.0,671.7600928510103,Wysoki współczynnik bytności ludzkiej
stanowisko_1,spring,20.0,DNA,4.0,50.5047142755226,15.996063505651012,19.0,67.0,597.064523128541,
stanowisko_1,spring,20.0,RNA,4.0,50.5047142755226,15.996063505651012,19.0,67.0,569.8774620017027,
stanowisko_1,spring,50.0,DNA,4.0,50.5047142755226,15.996063505651012,19.0,67.0,413.3945718596991,
stanowisko_1,spring,50.0,RNA,4.0,50.5047142755226,15.996063505651012,19.0,67.0,558.4090280893329,
stanowisko_1,spring,80.0,DNA,4.0,50.5047142755226,15.996063505651012,19.0,67.0,587.4627244657281,
stanowisko_1,spring,80.0,RNA,4.0,50.5047142755226,15.996063505651012,19.0,67.0,3.289001615818904,
stanowisko_1,spring,20.0,DNA,5.0,50.5047142755226,15.996063505651012,19.0,69.0,640.7661929682516,
stanowisko_1,spring,20.0,RNA,5.0,50.5047142755226,15.996063505651012,19.0,69.0,644.8867157582256,
stanowisko_1,spring,50.0,DNA,5.0,50.5047142755226,15.996063505651012,19.0,69.0,-39.94749029987065,
stanowisko_1,spring,50.0,RNA,5.0,50.5047142755226,15.996063505651012,19.0,69.0,765.0807488633202,
stanowisko_1,spring,80.0,DNA,5.0,50.5047142755226,15.996063505651012,19.0,69.0,602.206821515251,
stanowisko_1,spring,80.0,RNA,5.0,50.5047142755226,15.996063505651012,19.0,69.0,253.25601921589052,
stanowisko_1,summer,20.0,DNA,1.0,50.5047142755226,15.996063505651012,26.0,39.0,484.8521777934133,
stanowisko_1,summer,20.0,RNA,1.0,50.5047142755226,15.996063505651012,26.0,39.0,481.72295129815143,
stanowisko_1,summer,50.0,DNA,1.0,50.5047142755226,15.996063505651012,26.0,39.0,660.4152766032045,
stanowisko_1,summer,50.0,RNA,1.0,50.5047142755226,15.996063505651012,26.0,39.0,714.7396608755894,
stanowisko_1,summer,80.0,DNA,1.0,50.5047142755226,15.996063505651012,26.0,39.0,745.0850111139046,
stanowisko_1,summer,80.0,RNA,1.0,50.5047142755226,15.996063505651012,26.0,39.0,576.6706225621277,
stanowisko_1,summer,20.0,DNA,2.0,50.5047142755226,15.996063505651012,24.0,40.0,475.68432418078197,
stanowisko_1,summer,20.0,RNA,2.0,50.5047142755226,15.996063505651012,24.0,40.0,45.59739549937774,
stanowisko_1,summer,50.0,DNA,2.0,50.5047142755226,15.996063505651012,24.0,40.0,569.8072093195692,
stanowisko_1,summer,50.0,RNA,2.0,50.5047142755226,15.996063505651012,24.0,40.0,1010.230009698082,
stanowisko_1,summer,80.0,DNA,2.0,50.5047142755226,15.996063505651012,24.0,40.0,771.2006275838608,
stanowisko_1,summer,80.0,RNA,2.0,50.5047142755226,15.996063505651012,24.0,40.0,915.5223424139729,
stanowisko_1,summer,20.0,DNA,3.0,50.5047142755226,15.996063505651012,24.0,29.0,389.37773873744965,
stanowisko_1,summer,20.0,RNA,3.0,50.5047142755226,15.996063505651012,24.0,29.0,383.22729224951934,
stanowisko_1,summer,50.0,DNA,3.0,50.5047142755226,15.996063505651012,24.0,29.0,998.6828194692797,
stanowisko_1,summer,50.0,RNA,3.0,50.5047142755226,15.996063505651012,24.0,29.0,365.8052268222156,
stanowisko_1,summer,80.0,DNA,3.0,50.5047142755226,15.996063505651012,24.0,29.0,1111.0917362240284,
stanowisko_1,summer,80.0,RNA,3.0,50.5047142755226,15.996063505651012,24.0,29.0,-347.3420077783237,
stanowisko_1,summer,20.0,DNA,4.0,50.5047142755226,15.996063505651012,28.0,18.0,413.8407490497445,
stanowisko_1,summer,20.0,RNA,4.0,50.5047142755226,15.996063505651012,28.0,18.0,852.5063318737696,
stanowisko_1,summer,50.0,DNA,4.0,50.5047142755226,15.996063505651012,28.0,18.0,239.25065074991699,
stanowisko_1,summer,50.0,RNA,4.0,50.5047142755226,15.996063505651012,28.0,18.0,399.99918756233274,
stanowisko_1,summer,80.0,DNA,4.0,50.5047142755226,15.996063505651012,28.0,18.0,795.9977848683229,Wysoki współczynnik bytności ludzkiej
stanowisko_1,summer,80.0,RNA,4.0,50.5047142755226,15.996063505651012,28.0,18.0,529.467022241499,Wysoki współczynnik bytności ludzkiej
stanowisko_1,summer,20.0,DNA,5.0,50.5047142755226,15.996063505651012,28.0,28.0,825.6045333756465,
stanowisko_1,summer,20.0,RNA,5.0,50.5047142755226,15.996063505651012,28.0,28.0,887.8280221981197,
stanowisko_1,summer,50.0,DNA,5.0,50.5047142755226,15.996063505651012,28.0,28.0,504.35744859568615,
stanowisko_1,summer,50.0,RNA,5.0,50.5047142755226,15.996063505651012,28.0,28.0,326.19413178071403,
stanowisko_1,summer,80.0,DNA,5.0,50.5047142755226,15.996063505651012,28.0,28.0,631.659789061494,
stanowisko_1,summer,80.0,RNA,5.0,50.5047142755226,15.996063505651012,28.0,28.0,1017.0288063945718,
stanowisko_1,autumn,20.0,DNA,1.0,50.5047142755226,15.996063505651012,22.0,74.0,442.1115972267664,
stanowisko_1,autumn,20.0,RNA,1.0,50.5047142755226,15.996063505651012,22.0,74.0,481.64495772515653,
stanowisko_1,autumn,50.0,DNA,1.0,50.5047142755226,15.996063505651012,22.0,74.0,443.4967841029698,
stanowisko_1,autumn,50.0,RNA,1.0,50.5047142755226,15.996063505651012,22.0,74.0,202.51928837877585,
stanowisko_1,autumn,80.0,DNA,1.0,50.5047142755226,15.996063505651012,22.0,74.0,516.2649154818445,
stanowisko_1,autumn,80.0,RNA,1.0,50.5047142755226,15.996063505651012,22.0,74.0,499.31990998433207,
stanowisko_1,autumn,20.0,DNA,2.0,50.5047142755226,15.996063505651012,19.0,66.0,584.5636992144205,
stanowisko_1,autumn,20.0,RNA,2.0,50.5047142755226,15.996063505651012,19.0,66.0,1386.4923424660265,
stanowisko_1,autumn,50.0,DNA,2.0,50.5047142755226,15.996063505651012,19.0,66.0,540.3983912679955,
stanowisko_1,autumn,50.0,RNA,2.0,50.5047142755226,15.996063505651012,19.0,66.0,242.75126241306788,
stanowisko_1,autumn,80.0,DNA,2.0,50.5047142755226,15.996063505651012,19.0,66.0,152.77341818202285,
stanowisko_1,autumn,80.0,RNA,2.0,50.5047142755226,15.996063505651012,19.0,66.0,378.4220473366457,
stanowisko_1,autumn,20.0,DNA,3.0,50.5047142755226,15.996063505651012,16.0,73.0,221.3389918905852,
stanowisko_1,autumn,20.0,RNA,3.0,50.5047142755226,15.996063505651012,16.0,73.0,341.9106201685864,
stanowisko_1,autumn,50.0,DNA,3.0,50.5047142755226,15.996063505651012,16.0,73.0,232.15398382360837,
stanowisko_1,autumn,50.0,RNA,3.0,50.5047142755226,15.996063505651012,16.0,73.0,-121.20034280722962,
stanowisko_1,autumn,80.0,DNA,3.0,50.5047142755226,15.996063505651012,16.0,73.0,472.15976171120883,"Nie można pobrać próby, woda zbyt płytka. Pobieram z dna."
stanowisko_1,autumn,80.0,RNA,3.0,50.5047142755226,15.996063505651012,16.0,73.0,274.53921190144285,"Nie można pobrać próby, woda zbyt płytka. Pobieram z dna."
stanowisko_1,autumn,20.0,DNA,4.0,50.5047142755226,15.996063505651012,13.0,76.0,10.99013732925971,
stanowisko_1,autumn,20.0,RNA,4.0,50.5047142755226,15.996063505651012,13.0,76.0,202.28012795220172,
stanowisko_1,autumn,50.0,DNA,4.0,50.5047142755226,15.996063505651012,13.0,76.0,686.6817394368227,
stanowisko_1,autumn,50.0,RNA,4.0,50.5047142755226,15.996063505651012,13.0,76.0,584.8271792066818,
stanowisko_1,autumn,80.0,DNA,4.0,50.5047142755226,15.996063505651012,13.0,76.0,-456.9895586743279,
stanowisko_1,autumn,80.0,RNA,4.0,50.5047142755226,15.996063505651012,13.0,76.0,551.5215483209681,
stanowisko_1,autumn,20.0,DNA,5.0,50.5047142755226,15.996063505651012,15.0,81.0,1023.8196370672697,
stanowisko_1,autumn,20.0,RNA,5.0,50.5047142755226,15.996063505651012,15.0,81.0,556.9070131251906,
stanowisko_1,autumn,50.0,DNA,5.0,50.5047142755226,15.996063505651012,15.0,81.0,567.7377581922927,
stanowisko_1,autumn,50.0,RNA,5.0,50.5047142755226,15.996063505651012,15.0,81.0,139.63298365901056,
stanowisko_1,autumn,80.0,DNA,5.0,50.5047142755226,15.996063505651012,15.0,81.0,290.0702920447265,
stanowisko_1,autumn,80.0,RNA,5.0,50.5047142755226,15.996063505651012,15.0,81.0,461.43306196674064,
stanowisko_2,spring,20.0,DNA,1.0,50.548219006120554,18.739763542044486,15.0,89.0,450.8056461368408,
stanowisko_2,spring,20.0,RNA,1.0,50.548219006120554,18.739763542044486,15.0,89.0,-185.6366443327728,
stanowisko_2,spring,50.0,DNA,1.0,50.548219006120554,18.739763542044486,15.0,89.0,,
stanowisko_2,spring,50.0,RNA,1.0,50.548219006120554,18.739763542044486,15.0,89.0,806.9941986249937,
stanowisko_2,spring,80.0,DNA,1.0,50.548219006120554,18.739763542044486,15.0,89.0,591.6099795735045,
stanowisko_2,spring,80.0,RNA,1.0,50.548219006120554,18.739763542044486,15.0,89.0,659.9872972569231,
stanowisko_2,spring,20.0,DNA,2.0,50.548219006120554,18.739763542044486,15.0,96.0,100.6399386495699,
stanowisko_2,spring,20.0,RNA,2.0,50.548219006120554,18.739763542044486,15.0,96.0,32.43386723541852,
stanowisko_2,spring,50.0,DNA,2.0,50.548219006120554,18.739763542044486,15.0,96.0,215.22300219331066,
stanowisko_2,spring,50.0,RNA,2.0,50.548219006120554,18.739763542044486,15.0,96.0,431.4916355190322,
stanowisko_2,spring,80.0,DNA,2.0,50.548219006120554,18.739763542044486,15.0,96.0,760.8906397016658,
stanowisko_2,spring,80.0,RNA,2.0,50.548219006120554,18.739763542044486,15.0,96.0,516.030756528076,
stanowisko_2,spring,20.0,DNA,3.0,50.548219006120554,18.739763542044486,19.0,102.0,798.617482279135,
stanowisko_2,spring,20.0,RNA,3.0,50.548219006120554,18.739763542044486,19.0,102.0,128.0299437024928,
stanowisko_2,spring,50.0,DNA,3.0,50.548219006120554,18.739763542044486,19.0,102.0,213.93880023168316,
stanowisko_2,spring,50.0,RNA,3.0,50.548219006120554,18.739763542044486,19.0,102.0,1076.8079076081326,
stanowisko_2,spring,80.0,DNA,3.0,50.548219006120554,18.739763542044486,19.0,102.0,675.5196058262136,
stanowisko_2,spring,80.0,RNA,3.0,50.548219006120554,18.739763542044486,19.0,102.0,503.94608640663165,
stanowisko_2,spring,20.0,DNA,4.0,50.548219006120554,18.739763542044486,21.0,94.0,674.5897259839165,
stanowisko_2,spring,20.0,RNA,4.0,50.548219006120554,18.739763542044486,21.0,94.0,-102.1196247070144,
stanowisko_2,spring,50.0,DNA,4.0,50.548219006120554,18.739763542044486,21.0,94.0,205.05521974875995,
stanowisko_2,spring,50.0,RNA,4.0,50.548219006120554,18.739763542044486,21.0,94.0,335.3478985580356,
stanowisko_2,spring,80.0,DNA,4.0,50.548219006120554,18.739763542044486,21.0,94.0,856.6483730996356,
stanowisko_2,spring,80.0,RNA,4.0,50.548219006120554,18.739763542044486,21.0,94.0,522.3429610505698,
stanowisko_2,spring,20.0,DNA,5.0,50.548219006120554,18.739763542044486,18.0,88.0,467.5272062102295,
stanowisko_2,spring,20.0,RNA,5.0,50.548219006120554,18.739763542044486,18.0,88.0,1081.3888502190975,
stanowisko_2,spring,50.0,DNA,5.0,50.548219006120554,18.739763542044486,18.0,88.0,317.25282404319404,
stanowisko_2,spring,50.0,RNA,5.0,50.548219006120554,18.739763542044486,18.0,88.0,512.627264118556,
stanowisko_2,spring,80.0,DNA,5.0,50.548219006120554,18.739763542044486,18.0,88.0,76.84719987550739,
stanowisko_2,spring,80.0,RNA,5.0,50.548219006120554,18.739763542044486,18.0,88.0,728.1177420756458,
stanowisko_2,summer,20.0,DNA,1.0,50.548219006120554,18.739763542044486,33.0,34.0,50.50118193987959,
stanowisko_2,summer,20.0,RNA,1.0,50.548219006120554,18.739763542044486,33.0,34.0,361.5748735627252,
stanowisko_2,summer,50.0,DNA,1.0,50.548219006120554,18.739763542044486,33.0,34.0,194.38337006798935,
stanowisko_2,summer,50.0,RNA,1.0,50.548219006120554,18.739763542044486,33.0,34.0,262.97979855828476,
stanowisko_2,summer,80.0,DNA,1.0,50.548219006120554,18.739763542044486,33.0,34.0,815.5794988154719,
stanowisko_2,summer,80.0,RNA,1.0,50.548219006120554,1.8739763542044487,33.0,34.0,535.9237666248796,
stanowisko_2,summer,20.0,DNA,2.0,50.548219006120554,18.739763542044486,31.0,26.0,1108.7345929584228,
stanowisko_2,summer,20.0,RNA,2.0,50.548219006120554,18.739763542044486,31.0,26.0,549.6914974822115,
stanowisko_2,summer,50.0,DNA,2.0,50.548219006120554,18.739763542044486,31.0,26.0,169.74556594985808,
stanowisko_2,summer,50.0,RNA,2.0,50.548219006120554,18.739763542044486,31.0,26.0,661.682458030403,
stanowisko_2,summer,80.0,DNA,2.0,50.548219006120554,18.739763542044486,31.0,26.0,739.7705608858062,
stanowisko_2,summer,80.0,RNA,2.0,50.548219006120554,18.739763542044486,31.0,26.0,101.15396467462244,
stanowisko_2,summer,20.0,DNA,3.0,50.548219006120554,18.739763542044486,33.0,11.0,779.0963263054895,
stanowisko_2,summer,20.0,RNA,3.0,50.548219006120554,18.739763542044486,33.0,11.0,515.3179731506654,
stanowisko_2,summer,50.0,DNA,3.0,50.548219006120554,18.739763542044486,33.0,11.0,1124.480383671474,
stanowisko_2,summer,50.0,RNA,3.0,50.548219006120554,18.739763542044486,33.0,11.0,541.5688389596937,
stanowisko_2,summer,80.0,DNA,3.0,50.548219006120554,18.739763542044486,33.0,11.0,688.0723349338296,
stanowisko_2,summer,80.0,RNA,3.0,50.548219006120554,18.739763542044486,33.0,11.0,108.91684200969877,
stanowisko_2,summer,20.0,DNA,4.0,50.548219006120554,18.739763542044486,32.0,15.0,719.6437132288951,
stanowisko_2,summer,20.0,RNA,4.0,50.548219006120554,18.739763542044486,32.0,15.0,-131.80986801715187,
stanowisko_2,summer,50.0,DNA,4.0,50.548219006120554,18.739763542044486,32.0,15.0,553.6126470356203,
stanowisko_2,summer,50.0,RNA,4.0,50.548219006120554,18.739763542044486,32.0,15.0,944.3436460219276,
stanowisko_2,summer,80.0,DNA,4.0,50.548219006120554,18.739763542044486,32.0,15.0,73.71673109594826,
stanowisko_2,summer,80.0,RNA,4.0,50.548219006120554,18.739763542044486,32.0,15.0,409.20185923122233,
stanowisko_2,summer,20.0,DNA,5.0,50.548219006120554,18.739763542044486,32.0,28.0,244.89762403397404,
stanowisko_2,summer,20.0,RNA,5.0,50.548219006120554,18.739763542044486,32.0,28.0,478.88783926517823,
stanowisko_2,summer,50.0,DNA,5.0,50.548219006120554,18.739763542044486,32.0,28.0,852.7971547560816,
stanowisko_2,summer,50.0,RNA,5.0,50.548219006120554,18.739763542044486,32.0,28.0,-246.71517279250554,
stanowisko_2,summer,80.0,DNA,5.0,50.548219006120554,18.739763542044486,32.0,28.0,399.9399821368608,
stanowisko_2,summer,80.0,RNA,5.0,50.548219006120554,18.739763542044486,32.0,28.0,407.879442444168,
stanowisko_2,autumn,20.0,DNA,1.0,50.548219006120554,18.739763542044486,12.0,65.0,441.03959059560157,
stanowisko_2,autumn,20.0,RNA,1.0,50.548219006120554,18.739763542044486,12.0,65.0,700.842383400885,
stanowisko_2,autumn,50.0,DNA,1.0,50.548219006120554,18.739763542044486,12.0,65.0,784.0705053088715,
stanowisko_2,autumn,50.0,RNA,1.0,50.548219006120554,18.739763542044486,12.0,65.0,556.1480965588833,
stanowisko_2,autumn,80.0,DNA,1.0,50.548219006120554,18.739763542044486,12.0,65.0,279.22194727051755,
stanowisko_2,autumn,80.0,RNA,1.0,50.548219006120554,18.739763542044486,12.0,65.0,581.0666222230312,
stanowisko_2,autumn,20.0,DNA,2.0,50.548219006120554,18.739763542044486,16.0,54.0,587.5145912295962,
stanowisko_2,autumn,20.0,RNA,2.0,50.548219006120554,18.739763542044486,16.0,54.0,748.8231732878738,
stanowisko_2,autumn,50.0,DNA,2.0,50.548219006120554,18.739763542044486,16.0,54.0,585.0324793963059,
stanowisko_2,autumn,50.0,RNA,2.0,50.548219006120554,18.739763542044486,16.0,54.0,231.56438301493097,
stanowisko_2,autumn,80.0,DNA,2.0,50.548219006120554,18.739763542044486,16.0,54.0,643.7233158792939,
stanowisko_2,autumn,80.0,RNA,2.0,50.548219006120554,18.739763542044486,16.0,54.0,827.9749598892913,
stanowisko_2,autumn,20.0,DNA,3.0,50.548219006120554,18.739763542044486,18.0,40.0,85.5367544376453,
stanowisko_2,autumn,20.0,RNA,3.0,50.548219006120554,18.739763542044486,18.0,40.0,680.3261393114716,
stanowisko_2,autumn,50.0,DNA,3.0,50.548219006120554,18.739763542044486,18.0,40.0,173.61809431200425,
stanowisko_2,autumn,50.0,RNA,3.0,50.548219006120554,18.739763542044486,18.0,40.0,905.4130467413336,
stanowisko_2,autumn,80.0,DNA,3.0,50.548219006120554,18.739763542044486,18.0,40.0,735.6107200692313,
stanowisko_2,autumn,80.0,RNA,3.0,50.548219006120554,18.739763542044486,18.0,40.0,244.84025362554956,
stanowisko_2,autumn,20.0,DNA,4.0,50.548219006120554,18.739763542044486,22.0,30.0,650.3318090516102,
stanowisko_2,autumn,20.0,RNA,4.0,50.548219006120554,18.739763542044486,22.0,30.0,595.647606466766,
stanowisko_2,autumn,50.0,DNA,4.0,50.548219006120554,18.739763542044486,22.0,30.0,-72.44437334702263,
stanowisko_2,autumn,50.0,RNA,4.0,50.548219006120554,18.739763542044486,22.0,30.0,917.0627274749663,
stanowisko_2,autumn,80.0,DNA,4.0,50.548219006120554,18.739763542044486,22.0,30.0,1157.2329440340554,
stanowisko_2,autumn,80.0,RNA,4.0,50.548219006120554,18.739763542044486,22.0,30.0,694.3751900370946,
stanowisko_2,autumn,20.0,DNA,5.0,50.548219006120554,18.739763542044486,18.0,22.0,24.050076214900344,
stanowisko_2,autumn,20.0,RNA,5.0,50.548219006120554,18.739763542044486,18.0,22.0,784.6931978819075,
stanowisko_2,autumn,50.0,DNA,5.0,50.548219006120554,18.739763542044486,18.0,22.0,528.0174443779516,
stanowisko_2,autumn,50.0,RNA,5.0,50.548219006120554,18.739763542044486,18.0,22.0,287.5874326232246,
stanowisko_2,autumn,80.0,DNA,5.0,50.548219006120554,18.739763542044486,18.0,22.0,376.8117031502943,
stanowisko_2,autumn,80.0,RNA,5.0,50.548219006120554,18.739763542044486,18.0,22.0,457.75903258333796,
stanowisko_3,spring,20.0,DNA,1.0,50.20628784089974,22.156964140195125,21.0,39.0,409.5562509653124,
stanowisko_3,spring,20.0,RNA,1.0,50.20628784089974,22.156964140195125,21.0,39.0,737.0709181569953,
stanowisko_3,spring,50.0,DNA,1.0,50.20628784089974,22.156964140195125,21.0,39.0,266.73106717250687,
stanowisko_3,spring,50.0,RNA,1.0,50.20628784089974,22.156964140195125,21.0,39.0,879.3918373957738,
stanowisko_3,spring,80.0,DNA,1.0,50.20628784089974,22.156964140195125,21.0,39.0,-33.16986013307394,
stanowisko_3,spring,80.0,RNA,1.0,50.20628784089974,22.156964140195125,21.0,39.0,-8.592904317670616,
stanowisko_3,spring,20.0,DNA,2.0,50.20628784089974,22.156964140195125,20.0,46.0,1034.6908399946751,
stanowisko_3,spring,20.0,RNA,2.0,50.20628784089974,22.156964140195125,20.0,46.0,534.8933094714477,
stanowisko_3,spring,50.0,DNA,2.0,50.20628784089974,22.156964140195125,20.0,46.0,609.3280257251504,
stanowisko_3,spring,50.0,RNA,2.0,50.20628784089974,22.156964140195125,20.0,46.0,239.04248840716616,
stanowisko_3,spring,80.0,DNA,2.0,50.20628784089974,22.156964140195125,20.0,46.0,173.76301859681593,
stanowisko_3,spring,80.0,RNA,2.0,50.20628784089974,22.156964140195125,20.0,46.0,473.134159247814,
stanowisko_3,spring,20.0,DNA,3.0,50.20628784089974,22.156964140195125,21.0,33.0,698.9278472139144,Woda bardzo brudna
stanowisko_3,spring,20.0,RNA,3.0,50.20628784089974,22.156964140195125,21.0,33.0,524.221000496443,Woda bardzo brudna
stanowisko_3,spring,50.0,DNA,3.0,50.20628784089974,22.156964140195125,21.0,33.0,684.2344383276129,
stanowisko_3,spring,50.0,RNA,3.0,50.20628784089974,22.156964140195125,21.0,33.0,899.5044709921748,
stanowisko_3,spring,80.0,DNA,3.0,50.20628784089974,22.156964140195125,21.0,33.0,723.4389488027017,
stanowisko_3,spring,80.0,RNA,3.0,50.20628784089974,22.156964140195125,21.0,33.0,11.233906814277418,
stanowisko_3,spring,20.0,DNA,4.0,50.20628784089974,22.156964140195125,25.0,44.0,166.09783618409892,
stanowisko_3,spring,20.0,RNA,4.0,50.20628784089974,22.156964140195125,25.0,44.0,487.83856462869596,
stanowisko_3,spring,50.0,DNA,4.0,50.20628784089974,22.156964140195125,25.0,44.0,696.8954413475738,
stanowisko_3,,50.0,RNA,4.0,50.20628784089974,22.156964140195125,25.0,44.0,-38.21169872456733,
stanowisko_3,spring,80.0,DNA,4.0,50.20628784089974,22.156964140195125,25.0,44.0,138.71571361043664,
stanowisko_3,spring,80.0,RNA,4.0,50.20628784089974,22.156964140195125,25.0,44.0,954.3954886351124,
stanowisko_3,spring,20.0,DNA,5.0,50.20628784089974,22.156964140195125,26.0,51.0,237.41757502074552,
stanowisko_3,spring,20.0,RNA,5.0,50.20628784089974,22.156964140195125,26.0,51.0,857.1665304085353,
stanowisko_3,spring,50.0,DNA,5.0,50.20628784089974,22.156964140195125,26.0,51.0,542.1259565893163,
stanowisko_3,spring,50.0,RNA,5.0,50.20628784089974,22.156964140195125,26.0,51.0,533.6537495386008,
stanowisko_3,spring,80.0,DNA,5.0,50.20628784089974,22.156964140195125,26.0,51.0,450.25771619230784,
stanowisko_3,spring,80.0,RNA,5.0,50.20628784089974,22.156964140195125,26.0,51.0,433.8157411683667,
stanowisko_3,summer,20.0,DNA,1.0,50.20628784089974,22.156964140195125,33.0,92.0,1066.3866912865208,
stanowisko_3,summer,20.0,RNA,1.0,50.20628784089974,22.156964140195125,33.0,92.0,710.0941052278165,
stanowisko_3,,50.0,DNA,1.0,50.20628784089974,22.156964140195125,33.0,92.0,527.280809961853,
stanowisko_3,summer,50.0,RNA,1.0,50.20628784089974,22.156964140195125,33.0,92.0,538.576601420461,
stanowisko_3,summer,80.0,DNA,1.0,50.20628784089974,22.156964140195125,33.0,92.0,347.1028799782853,
stanowisko_3,summer,80.0,RNA,1.0,50.20628784089974,22.156964140195125,33.0,92.0,644.8301651306526,
stanowisko_3,summer,20.0,DNA,2.0,50.20628784089974,22.156964140195125,31.0,83.0,263.0938887799696,
stanowisko_3,summer,20.0,RNA,2.0,50.20628784089974,22.156964140195125,31.0,83.0,688.6870359393047,
stanowisko_3,summer,50.0,DNA,2.0,50.20628784089974,22.156964140195125,31.0,83.0,315.77260924351845,
stanowisko_3,,50.0,RNA,2.0,50.20628784089974,22.156964140195125,31.0,83.0,1066.9762921473964,
stanowisko_3,summer,80.0,DNA,2.0,50.20628784089974,22.156964140195125,31.0,83.0,938.3239424343026,
stanowisko_3,summer,80.0,RNA,2.0,50.20628784089974,22.156964140195125,31.0,83.0,563.7831619575102,
stanowisko_3,summer,20.0,DNA,3.0,50.20628784089974,22.156964140195125,30.0,83.0,319.9023976297643,Woda bardzo brudna
stanowisko_3,summer,20.0,RNA,3.0,50.20628784089974,22.156964140195125,30.0,83.0,551.3097989223164,Woda bardzo brudna
stanowisko_3,summer,50.0,DNA,3.0,50.20628784089974,22.156964140195125,30.0,83.0,440.5536229683796,
stanowisko_3,summer,50.0,RNA,3.0,50.20628784089974,22.156964140195125,30.0,83.0,954.3444166671492,
stanowisko_3,summer,80.0,DNA,3.0,50.20628784089974,22.156964140195125,30.0,83.0,793.7863536481618,
stanowisko_3,summer,80.0,RNA,3.0,50.20628784089974,22.156964140195125,30.0,83.0,286.727636636786,
stanowisko_3,summer,20.0,DNA,4.0,50.20628784089974,22.156964140195125,34.0,96.0,650.9052258233003,
stanowisko_3,summer,20.0,RNA,4.0,50.20628784089974,22.156964140195125,34.0,96.0,430.32122321199796,
stanowisko_3,summer,50.0,DNA,4.0,50.20628784089974,22.156964140195125,34.0,96.0,705.0447658102917,
stanowisko_3,summer,50.0,RNA,4.0,50.20628784089974,22.156964140195125,34.0,96.0,556.1049850814043,
stanowisko_3,summer,80.0,DNA,4.0,50.20628784089974,22.156964140195125,34.0,96.0,401.12419589966646,
stanowisko_3,summer,80.0,RNA,4.0,50.20628784089974,22.156964140195125,34.0,96.0,249.23618976096475,
stanowisko_3,summer,20.0,DNA,5.0,50.20628784089974,22.156964140195125,32.0,98.0,393.6302313759897,
stanowisko_3,summer,20.0,RNA,5.0,50.20628784089974,22.156964140195125,32.0,98.0,645.6233944050391,
stanowisko_3,summer,50.0,DNA,5.0,50.20628784089974,22.156964140195125,32.0,98.0,170.35366162497922,
stanowisko_3,summer,50.0,RNA,5.0,50.20628784089974,22.156964140195125,32.0,98.0,673.3675470385133,
stanowisko_3,summer,80.0,DNA,5.0,50.20628784089974,22.156964140195125,32.0,98.0,161.23679663874935,
stanowisko_3,summer,80.0,RNA,5.0,50.20628784089974,22.156964140195125,32.0,98.0,101.08345334814743,
stanowisko_3,autumn,20.0,DNA,1.0,50.20628784089974,22.156964140195125,19.0,63.0,622.5206196898112,
stanowisko_3,autumn,20.0,RNA,1.0,50.20628784089974,22.156964140195125,19.0,63.0,1091.5946591689615,
stanowisko_3,autumn,50.0,DNA,1.0,50.20628784089974,22.156964140195125,19.0,63.0,349.5995562129216,
stanowisko_3,autumn,50.0,RNA,1.0,50.20628784089974,22.156964140195125,19.0,63.0,131.26405856025406,
stanowisko_3,autumn,80.0,DNA,1.0,50.20628784089974,22.156964140195125,19.0,63.0,360.77505015924,
stanowisko_3,autumn,80.0,RNA,1.0,50.20628784089974,22.156964140195125,19.0,63.0,487.5685938793094,
stanowisko_3,autumn,20.0,DNA,2.0,50.20628784089974,22.156964140195125,19.0,54.0,657.8895328801666,
stanowisko_3,autumn,20.0,RNA,2.0,50.20628784089974,22.156964140195125,19.0,54.0,452.41220696410494,
stanowisko_3,autumn,50.0,DNA,2.0,50.20628784089974,22.156964140195125,19.0,54.0,660.1424239809347,
stanowisko_3,autumn,50.0,RNA,2.0,50.20628784089974,22.156964140195125,19.0,54.0,174.41499605357694,
stanowisko_3,autumn,80.0,DNA,2.0,50.20628784089974,22.156964140195125,19.0,54.0,868.7482782584545,
stanowisko_3,autumn,80.0,RNA,2.0,50.20628784089974,22.156964140195125,19.0,54.0,951.6629209486289,
stanowisko_3,autumn,20.0,DNA,3.0,50.20628784089974,22.156964140195125,15.0,60.0,135.47371396871648,
stanowisko_3,autumn,20.0,RNA,3.0,50.20628784089974,22.156964140195125,15.0,60.0,777.3979485936886,
stanowisko_3,autumn,50.0,DNA,3.0,50.20628784089974,22.156964140195125,15.0,60.0,558.024091275887,
stanowisko_3,autumn,50.0,RNA,3.0,50.20628784089974,22.156964140195125,15.0,60.0,735.4314200236499,
stanowisko_3,autumn,80.0,DNA,3.0,50.20628784089974,22.156964140195125,15.0,60.0,589.047036067029,
stanowisko_3,autumn,80.0,RNA,3.0,50.20628784089974,22.156964140195125,15.0,60.0,634.6011107806676,
stanowisko_3,autumn,20.0,DNA,4.0,50.20628784089974,22.156964140195125,11.0,62.0,515.1195045111947,
stanowisko_3,autumn,20.0,RNA,4.0,50.20628784089974,22.156964140195125,11.0,62.0,813.7425107188733,
stanowisko_3,autumn,50.0,DNA,4.0,50.20628784089974,22.156964140195125,11.0,62.0,1088.479765582676,
stanowisko_3,autumn,50.0,RNA,4.0,50.20628784089974,22.156964140195125,11.0,62.0,633.6232012543503,
stanowisko_3,autumn,80.0,DNA,4.0,50.20628784089974,22.156964140195125,11.0,62.0,483.4859294744335,
stanowisko_3,autumn,80.0,RNA,4.0,50.20628784089974,22.156964140195125,11.0,62.0,239.3677029636279,
stanowisko_3,autumn,20.0,DNA,5.0,50.20628784089974,22.156964140195125,13.0,53.0,869.6908391470924,
stanowisko_3,autumn,20.0,RNA,5.0,50.20628784089974,22.156964140195125,13.0,53.0,560.2436199074806,
stanowisko_3,autumn,50.0,DNA,5.0,50.20628784089974,22.156964140195125,13.0,53.0,-159.02381457103104,
stanowisko_3,autumn,50.0,RNA,5.0,50.20628784089974,22.156964140195125,13.0,53.0,439.31676677274834,
stanowisko_3,autumn,80.0,DNA,5.0,50.20628784089974,22.156964140195125,13.0,53.0,711.7731278284422,
stanowisko_3,autumn,80.0,RNA,5.0,50.20628784089974,22.156964140195125,13.0,53.0,298.6756572446311,
stanowisko_4,spring,20.0,DNA,1.0,50.61182593353753,16.9185796586325,5.0,91.0,545.5038593365491,
stanowisko_4,spring,20.0,RNA,1.0,50.61182593353753,16.9185796586325,5.0,91.0,653.0130757046322,
stanowisko_4,spring,50.0,DNA,1.0,50.61182593353753,16.9185796586325,5.0,91.0,733.2473828204537,
stanowisko_4,spring,50.0,RNA,1.0,50.61182593353753,16.9185796586325,5.0,91.0,298.83324134056693,
stanowisko_4,spring,80.0,DNA,1.0,50.61182593353753,16.9185796586325,5.0,91.0,813.5269354179018,
stanowisko_4,spring,80.0,RNA,1.0,50.61182593353753,16.9185796586325,5.0,91.0,360.48522619038306,
stanowisko_4,spring,20.0,DNA,2.0,50.61182593353753,16.9185796586325,2.0,81.0,719.633581033503,
stanowisko_4,spring,20.0,RNA,2.0,50.61182593353753,16.9185796586325,2.0,81.0,585.890997588149,
stanowisko_4,spring,50.0,DNA,2.0,50.61182593353753,16.9185796586325,2.0,81.0,604.98813569667,
stanowisko_4,spring,50.0,RNA,2.0,50.61182593353753,16.9185796586325,2.0,81.0,291.27628939104824,
stanowisko_4,spring,80.0,DNA,2.0,50.61182593353753,16.9185796586325,2.0,81.0,450.46134557710815,
stanowisko_4,spring,80.0,RNA,2.0,50.61182593353753,16.9185796586325,2.0,81.0,594.2601885773063,
stanowisko_4,spring,20.0,DNA,3.0,50.61182593353753,16.9185796586325,2.0,87.0,354.61683848743274,
stanowisko_4,spring,20.0,RNA,3.0,50.61182593353753,16.9185796586325,2.0,87.0,615.3672504335534,
stanowisko_4,spring,50.0,DNA,3.0,50.61182593353753,16.9185796586325,2.0,87.0,677.4090640961549,
stanowisko_4,spring,50.0,RNA,3.0,50.61182593353753,16.9185796586325,2.0,87.0,50.45543256586416,
stanowisko_4,spring,80.0,DNA,3.0,50.61182593353753,16.9185796586325,2.0,87.0,389.2984305227424,
stanowisko_4,spring,80.0,RNA,3.0,50.61182593353753,16.9185796586325,2.0,87.0,-246.7117988087972,
stanowisko_4,spring,20.0,DNA,4.0,50.61182593353753,16.9185796586325,0.0,98.0,560.9899366215202,
stanowisko_4,spring,20.0,RNA,4.0,50.61182593353753,16.9185796586325,0.0,98.0,395.0924045697767,
stanowisko_4,spring,50.0,DNA,4.0,50.61182593353753,16.9185796586325,0.0,98.0,546.8404285261782,
stanowisko_4,spring,50.0,RNA,4.0,50.61182593353753,16.9185796586325,0.0,98.0,860.5227609845945,
stanowisko_4,spring,80.0,DNA,4.0,50.61182593353753,16.9185796586325,0.0,98.0,170.43881945847426,
stanowisko_4,spring,80.0,RNA,4.0,50.61182593353753,16.9185796586325,0.0,98.0,369.64127161295204,
stanowisko_4,spring,20.0,DNA,5.0,50.61182593353753,16.9185796586325,-1.0,88.0,-280.3383472143083,
stanowisko_4,spring,20.0,RNA,5.0,50.61182593353753,16.9185796586325,-1.0,88.0,586.1921725727436,
stanowisko_4,spring,50.0,DNA,5.0,50.61182593353753,16.9185796586325,-1.0,88.0,593.645259276261,
stanowisko_4,spring,50.0,RNA,5.0,50.61182593353753,16.9185796586325,-1.0,88.0,396.14266924839,
stanowisko_4,spring,80.0,DNA,5.0,50.61182593353753,16.9185796586325,-1.0,88.0,287.0508155250282,
stanowisko_4,spring,80.0,RNA,5.0,50.61182593353753,16.9185796586325,-1.0,88.0,344.7540114170996,
stanowisko_4,summer,20.0,DNA,1.0,50.61182593353753,16.9185796586325,30.0,67.0,549.6425986688648,
stanowisko_4,summer,20.0,RNA,1.0,50.61182593353753,16.9185796586325,30.0,67.0,508.66378484152955,
stanowisko_4,summer,50.0,DNA,1.0,50.61182593353753,16.9185796586325,30.0,67.0,458.96215999055164,
stanowisko_4,summer,50.0,RNA,1.0,50.61182593353753,16.9185796586325,30.0,67.0,329.7514143870598,
stanowisko_4,summer,80.0,DNA,1.0,50.61182593353753,16.9185796586325,30.0,67.0,1123.1992455838324,
stanowisko_4,summer,80.0,RNA,1.0,50.61182593353753,16.9185796586325,30.0,67.0,379.3169327692056,
stanowisko_4,summer,20.0,DNA,2.0,50.61182593353753,16.9185796586325,32.0,79.0,858.3748231431784,
stanowisko_4,summer,20.0,RNA,2.0,50.61182593353753,16.9185796586325,32.0,79.0,835.9846998578814,
stanowisko_4,summer,50.0,DNA,2.0,50.61182593353753,16.9185796586325,32.0,79.0,192.75406938381053,
stanowisko_4,summer,50.0,RNA,2.0,50.61182593353753,16.9185796586325,32.0,79.0,486.51589872827276,
stanowisko_4,summer,80.0,DNA,2.0,50.61182593353753,16.9185796586325,32.0,79.0,195.3350986429669,
stanowisko_4,summer,80.0,RNA,2.0,50.61182593353753,16.9185796586325,32.0,79.0,774.188001962535,
stanowisko_4,summer,20.0,DNA,3.0,50.61182593353753,16.9185796586325,34.0,89.0,158.2478900579951,
stanowisko_4,summer,20.0,RNA,3.0,50.61182593353753,16.9185796586325,34.0,89.0,457.38526564944726,
stanowisko_4,summer,50.0,DNA,3.0,50.61182593353753,16.9185796586325,34.0,89.0,781.2210959485735,
stanowisko_4,summer,50.0,RNA,3.0,50.61182593353753,16.9185796586325,34.0,89.0,239.63208125164488,
stanowisko_4,summer,80.0,DNA,3.0,50.61182593353753,16.9185796586325,34.0,89.0,811.0963308556686,
stanowisko_4,summer,80.0,RNA,3.0,50.61182593353753,16.9185796586325,34.0,89.0,150.23481329089913,
stanowisko_4,summer,20.0,DNA,4.0,50.61182593353753,16.9185796586325,35.0,75.0,705.7590981118317,
stanowisko_4,summer,20.0,RNA,4.0,50.61182593353753,16.9185796586325,35.0,75.0,719.2204465239388,
stanowisko_4,summer,50.0,DNA,4.0,50.61182593353753,16.9185796586325,35.0,75.0,153.62410791555476,
stanowisko_4,summer,50.0,RNA,4.0,50.61182593353753,16.9185796586325,35.0,75.0,40.239874492991135,
stanowisko_4,summer,80.0,DNA,4.0,50.61182593353753,16.9185796586325,35.0,75.0,12.073006802395867,
stanowisko_4,summer,80.0,RNA,4.0,50.61182593353753,16.9185796586325,35.0,75.0,640.0150029020725,
stanowisko_4,summer,20.0,DNA,5.0,506.11825933537534,16.9185796586325,35.0,67.0,666.1301219364466,
stanowisko_4,summer,20.0,RNA,5.0,50.61182593353753,16.9185796586325,35.0,67.0,259.18451972694356,
stanowisko_4,summer,50.0,DNA,5.0,50.61182593353753,16.9185796586325,35.0,67.0,126.81451362839982,
stanowisko_4,summer,50.0,RNA,5.0,50.61182593353753,16.9185796586325,35.0,67.0,511.67841956042054,
stanowisko_4,summer,80.0,DNA,5.0,50.61182593353753,16.9185796586325,35.0,67.0,469.9351067949074,
stanowisko_4,summer,80.0,RNA,5.0,50.61182593353753,16.9185796586325,35.0,67.0,499.2885041712855,
stanowisko_4,autumn,20.0,DNA,1.0,50.61182593353753,16.9185796586325,2.0,81.0,664.9981207282704,
stanowisko_4,autumn,20.0,RNA,1.0,50.61182593353753,16.9185796586325,2.0,81.0,787.4725344130084,
stanowisko_4,autumn,50.0,DNA,1.0,50.61182593353753,16.9185796586325,2.0,81.0,84.30805741662317,
stanowisko_4,autumn,50.0,RNA,1.0,50.61182593353753,16.9185796586325,2.0,81.0,758.3618567789827,
stanowisko_4,autumn,80.0,DNA,1.0,50.61182593353753,16.9185796586325,2.0,81.0,339.7579546680339,
stanowisko_4,autumn,80.0,RNA,1.0,50.61182593353753,16.9185796586325,2.0,81.0,626.6725162083494,
stanowisko_4,autumn,20.0,DNA,2.0,50.61182593353753,16.9185796586325,-1.0,95.0,747.2722723483075,
stanowisko_4,autumn,20.0,RNA,2.0,50.61182593353753,16.9185796586325,-1.0,95.0,801.3070061503938,
stanowisko_4,autumn,50.0,DNA,2.0,50.61182593353753,16.9185796586325,-1.0,95.0,862.0882761094159,
stanowisko_4,autumn,50.0,RNA,2.0,50.61182593353753,16.9185796586325,-1.0,95.0,336.0050592684533,
stanowisko_4,autumn,80.0,DNA,2.0,50.61182593353753,16.9185796586325,-1.0,95.0,608.5772440475528,
stanowisko_4,autumn,80.0,RNA,2.0,50.61182593353753,16.9185796586325,-1.0,95.0,400.8725259878569,
stanowisko_4,autumn,20.0,DNA,3.0,50.61182593353753,16.9185796586325,1.0,97.0,90.56154674973754,
stanowisko_4,autumn,20.0,RNA,3.0,50.61182593353753,16.9185796586325,1.0,97.0,546.6192035541623,
stanowisko_4,autumn,50.0,DNA,3.0,50.61182593353753,16.9185796586325,1.0,97.0,664.5034576662559,Wysoki współczynnik bytności ludzkiej
stanowisko_4,autumn,50.0,RNA,3.0,50.61182593353753,16.9185796586325,1.0,97.0,47.175200943091625,Wysoki współczynnik bytności ludzkiej
stanowisko_4,autumn,80.0,DNA,3.0,50.61182593353753,16.9185796586325,1.0,97.0,421.3260966892723,
stanowisko_4,autumn,80.0,RNA,3.0,50.61182593353753,16.9185796586325,1.0,97.0,335.2424839745188,
stanowisko_4,autumn,20.0,DNA,4.0,50.61182593353753,16.9185796586325,-1.0,103.0,503.6963698773522,
stanowisko_4,autumn,20.0,RNA,4.0,50.61182593353753,16.9185796586325,-1.0,103.0,499.9263931884366,
stanowisko_4,autumn,50.0,DNA,4.0,50.61182593353753,16.9185796586325,-1.0,103.0,286.0956174738794,
stanowisko_4,autumn,50.0,RNA,4.0,50.61182593353753,16.9185796586325,-1.0,103.0,147.26712548418845,
stanowisko_4,autumn,80.0,DNA,4.0,50.61182593353753,16.9185796586325,-1.0,103.0,-133.6561233422126,"Nie można pobrać próby, woda zbyt płytka. Pobieram z dna."
stanowisko_4,autumn,80.0,RNA,4.0,50.61182593353753,16.9185796586325,-1.0,103.0,321.26587426533547,"Nie można pobrać próby, woda zbyt płytka. Pobieram z dna."
stanowisko_4,autumn,20.0,DNA,5.0,50.61182593353753,16.9185796586325,1.0,100.0,374.54930571642024,
stanowisko_4,autumn,20.0,RNA,5.0,50.61182593353753,16.9185796586325,1.0,100.0,385.04419471044685,
stanowisko_4,autumn,50.0,DNA,5.0,50.61182593353753,16.9185796586325,1.0,100.0,14.982807139134138,
stanowisko_4,autumn,50.0,RNA,5.0,50.61182593353753,16.9185796586325,1.0,100.0,-72.31077858337642,
stanowisko_4,autumn,80.0,DNA,5.0,50.61182593353753,16.9185796586325,-73.0,100.0,708.520786973338,
stanowisko_4,autumn,80.0,RNA,5.0,50.61182593353753,16.9185796586325,1.0,100.0,464.67424749147926,
stanowisko_5,spring,20.0,DNA,1.0,50.540663259433344,19.785437693271895,2.0,14.0,493.16902721316916,
stanowisko_5,spring,20.0,RNA,1.0,50.540663259433344,19.785437693271895,2.0,14.0,997.6485868060852,
stanowisko_5,spring,50.0,DNA,1.0,50.540663259433344,19.785437693271895,2.0,14.0,745.6404969458703,
stanowisko_5,spring,50.0,RNA,1.0,50.540663259433344,19.785437693271895,2.0,14.0,1309.7346958207743,
stanowisko_5,spring,80.0,DNA,1.0,50.540663259433344,19.785437693271895,2.0,14.0,948.1459915242151,
stanowisko_5,spring,80.0,RNA,1.0,50.540663259433344,19.785437693271895,2.0,14.0,276.2986748079526,
stanowisko_5,spring,20.0,DNA,2.0,50.540663259433344,19.785437693271895,0.0,26.0,477.1360798198947,
stanowisko_5,spring,20.0,RNA,2.0,50.540663259433344,19.785437693271895,0.0,26.0,436.92562872308895,
stanowisko_5,spring,50.0,DNA,2.0,50.540663259433344,19.785437693271895,0.0,26.0,747.5652427793655,
stanowisko_5,spring,50.0,RNA,2.0,50.540663259433344,19.785437693271895,0.0,26.0,1038.0413640166653,
stanowisko_5,spring,80.0,DNA,2.0,50.540663259433344,19.785437693271895,0.0,26.0,925.1099082468813,
stanowisko_5,spring,80.0,RNA,2.0,50.540663259433344,19.785437693271895,0.0,26.0,640.1374988541722,
stanowisko_5,spring,20.0,DNA,3.0,50.540663259433344,19.785437693271895,-3.0,26.0,594.3742230615139,
stanowisko_5,spring,20.0,RNA,3.0,50.540663259433344,19.785437693271895,-3.0,26.0,854.5641147485214,
stanowisko_5,spring,50.0,DNA,3.0,50.540663259433344,19.785437693271895,-3.0,26.0,534.7284478448337,
stanowisko_5,spring,50.0,RNA,3.0,50.540663259433344,19.785437693271895,-3.0,26.0,1057.8535757048826,
stanowisko_5,spring,80.0,DNA,3.0,50.540663259433344,19.785437693271895,-3.0,26.0,928.2470273581273,
stanowisko_5,spring,80.0,RNA,3.0,50.540663259433344,19.785437693271895,-3.0,26.0,218.65950858802472,
stanowisko_5,spring,20.0,DNA,4.0,50.540663259433344,19.785437693271895,-2.0,33.0,391.34141627210977,
stanowisko_5,spring,20.0,RNA,4.0,50.540663259433344,19.785437693271895,-2.0,33.0,652.198707040166,
stanowisko_5,spring,50.0,DNA,4.0,50.540663259433344,19.785437693271895,-2.0,33.0,297.3946263365127,
stanowisko_5,spring,50.0,RNA,4.0,50.540663259433344,19.785437693271895,-2.0,33.0,281.96434396023716,
stanowisko_5,spring,80.0,DNA,4.0,50.540663259433344,19.785437693271895,-2.0,33.0,541.2149742223911,
stanowisko_5,spring,80.0,RNA,4.0,50.540663259433344,19.785437693271895,-2.0,33.0,638.8697545639071,
stanowisko_5,spring,20.0,DNA,5.0,50.540663259433344,19.785437693271895,-5.0,23.0,392.9274677509805,
stanowisko_5,spring,20.0,RNA,5.0,50.540663259433344,19.785437693271895,-5.0,23.0,1175.1921830814254,
stanowisko_5,spring,50.0,DNA,5.0,50.540663259433344,19.785437693271895,-5.0,23.0,754.2640438988749,
stanowisko_5,spring,50.0,RNA,5.0,50.540663259433344,19.785437693271895,-5.0,23.0,630.6809600827803,
stanowisko_5,spring,80.0,DNA,5.0,50.540663259433344,19.785437693271895,-5.0,23.0,899.0186668453109,
stanowisko_5,spring,80.0,RNA,5.0,50.540663259433344,19.785437693271895,-5.0,23.0,763.8073628251307,
stanowisko_5,summer,20.0,DNA,1.0,50.540663259433344,19.785437693271895,23.0,97.0,611.063244424935,
stanowisko_5,summer,20.0,RNA,1.0,50.540663259433344,19.785437693271895,23.0,97.0,87.40527013124847,
stanowisko_5,summer,50.0,DNA,1.0,50.540663259433344,19.785437693271895,23.0,97.0,797.5816688918469,
stanowisko_5,summer,50.0,RNA,1.0,50.540663259433344,19.785437693271895,23.0,97.0,967.5055408798255,
stanowisko_5,summer,80.0,DNA,1.0,50.540663259433344,19.785437693271895,23.0,97.0,557.1995141632972,
stanowisko_5,summer,80.0,RNA,1.0,50.540663259433344,19.785437693271895,23.0,97.0,358.2303514813291,
stanowisko_5,summer,20.0,DNA,2.0,50.540663259433344,19.785437693271895,26.0,87.0,-19.281029080842814,
stanowisko_5,summer,20.0,RNA,2.0,50.540663259433344,19.785437693271895,26.0,87.0,196.31502381065394,
stanowisko_5,summer,50.0,DNA,2.0,50.540663259433344,19.785437693271895,26.0,87.0,-57.98491465941652,
stanowisko_5,summer,50.0,RNA,2.0,50.540663259433344,19.785437693271895,26.0,87.0,862.0258892842534,
stanowisko_5,summer,80.0,DNA,2.0,50.540663259433344,19.785437693271895,26.0,87.0,602.382355264932,
stanowisko_5,summer,80.0,RNA,2.0,50.540663259433344,19.785437693271895,26.0,87.0,182.14648546879192,
stanowisko_5,summer,20.0,DNA,3.0,50.540663259433344,19.785437693271895,29.0,74.0,110.22027760030568,
stanowisko_5,summer,20.0,RNA,3.0,50.540663259433344,19.785437693271895,29.0,74.0,405.7915120735323,
stanowisko_5,summer,50.0,DNA,3.0,50.540663259433344,19.785437693271895,29.0,74.0,454.79632616212126,
stanowisko_5,summer,50.0,RNA,3.0,50.540663259433344,19.785437693271895,29.0,74.0,1208.795315493166,
stanowisko_5,summer,80.0,DNA,3.0,50.540663259433344,19.785437693271895,29.0,74.0,-164.96647994048362,
stanowisko_5,summer,80.0,RNA,3.0,50.540663259433344,19.785437693271895,29.0,74.0,274.9610692280201,
stanowisko_5,summer,20.0,DNA,4.0,50.540663259433344,19.785437693271895,33.0,66.0,578.4999617269926,
stanowisko_5,summer,20.0,RNA,4.0,50.540663259433344,19.785437693271895,33.0,66.0,504.6920658682603,
stanowisko_5,summer,50.0,DNA,4.0,50.540663259433344,19.785437693271895,33.0,66.0,959.8159848499018,
stanowisko_5,summer,50.0,RNA,4.0,50.540663259433344,19.785437693271895,33.0,66.0,543.5238544206783,
stanowisko_5,summer,80.0,DNA,4.0,50.540663259433344,19.785437693271895,33.0,66.0,251.84524203659257,Wysoki współczynnik bytności ludzkiej
stanowisko_5,summer,80.0,RNA,4.0,50.540663259433344,19.785437693271895,33.0,66.0,588.8492340466414,Wysoki współczynnik bytności ludzkiej
stanowisko_5,summer,20.0,DNA,5.0,50.540663259433344,19.785437693271895,35.0,81.0,774.1400782507424,
stanowisko_5,summer,20.0,RNA,5.0,50.540663259433344,19.785437693271895,35.0,81.0,-49.807802176367204,
stanowisko_5,summer,50.0,DNA,5.0,50.540663259433344,19.785437693271895,35.0,81.0,909.6065995113524,
stanowisko_5,summer,50.0,RNA,5.0,50.540663259433344,19.785437693271895,35.0,81.0,521.4398192048711,
stanowisko_5,summer,80.0,DNA,5.0,50.540663259433344,19.785437693271895,35.0,81.0,870.8570794362641,
stanowisko_5,summer,80.0,RNA,5.0,50.540663259433344,19.785437693271895,35.0,81.0,1001.9020873956481,
stanowisko_5,autumn,20.0,DNA,1.0,50.540663259433344,19.785437693271895,20.0,85.0,90.39866247017733,
stanowisko_5,autumn,20.0,RNA,1.0,50.540663259433344,19.785437693271895,20.0,85.0,288.77416757566056,
stanowisko_5,autumn,50.0,DNA,1.0,50.540663259433344,19.785437693271895,20.0,85.0,899.9110423673054,
stanowisko_5,autumn,50.0,RNA,1.0,50.540663259433344,19.785437693271895,20.0,85.0,375.98065803815933,
stanowisko_5,autumn,80.0,DNA,1.0,50.540663259433344,19.785437693271895,20.0,85.0,539.2594072269874,
stanowisko_5,autumn,80.0,RNA,1.0,50.540663259433344,19.785437693271895,20.0,85.0,541.6705853494641,
stanowisko_5,autumn,20.0,DNA,2.0,50.540663259433344,19.785437693271895,18.0,97.0,85.63208409239496,
stanowisko_5,autumn,20.0,RNA,2.0,50.540663259433344,19.785437693271895,18.0,97.0,1026.4400292059638,
stanowisko_5,autumn,50.0,DNA,2.0,50.540663259433344,19.785437693271895,18.0,97.0,480.01482401752276,
stanowisko_5,autumn,50.0,RNA,2.0,50.540663259433344,19.785437693271895,18.0,97.0,969.871213784677,
stanowisko_5,autumn,80.0,DNA,2.0,50.540663259433344,19.785437693271895,18.0,97.0,586.8288283002007,
stanowisko_5,autumn,80.0,RNA,2.0,50.540663259433344,19.785437693271895,18.0,97.0,493.94279730736423,
stanowisko_5,autumn,20.0,DNA,3.0,50.540663259433344,19.785437693271895,19.0,111.0,763.3643646356079,
stanowisko_5,autumn,20.0,RNA,3.0,50.540663259433344,19.785437693271895,19.0,111.0,927.6599340023402,
stanowisko_5,autumn,50.0,DNA,3.0,50.540663259433344,19.785437693271895,19.0,111.0,185.94324481049216,
stanowisko_5,autumn,50.0,RNA,3.0,50.540663259433344,19.785437693271895,19.0,111.0,726.8022390602864,
stanowisko_5,autumn,80.0,DNA,3.0,50.540663259433344,19.785437693271895,19.0,111.0,799.3657203267915,
stanowisko_5,autumn,80.0,RNA,3.0,50.540663259433344,19.785437693271895,19.0,111.0,358.9069449574798,
stanowisko_5,autumn,20.0,DNA,4.0,50.540663259433344,19.785437693271895,17.0,109.0,149.25376140413834,
stanowisko_5,autumn,20.0,RNA,4.0,50.540663259433344,19.785437693271895,17.0,109.0,700.9471342746914,
stanowisko_5,autumn,50.0,DNA,4.0,50.540663259433344,19.785437693271895,17.0,109.0,986.447845177099,
stanowisko_5,autumn,50.0,RNA,4.0,50.540663259433344,19.785437693271895,17.0,109.0,724.2964751729803,
stanowisko_5,autumn,80.0,DNA,4.0,50.540663259433344,19.785437693271895,17.0,109.0,-309.46417216673433,
stanowisko_5,autumn,80.0,RNA,4.0,50.540663259433344,19.785437693271895,17.0,109.0,512.1050413999338,
stanowisko_5,autumn,20.0,DNA,5.0,50.540663259433344,19.785437693271895,20.0,117.0,782.9937020418331,
stanowisko_5,autumn,20.0,RNA,5.0,50.540663259433344,19.785437693271895,20.0,117.0,290.4944808130285,
stanowisko_5,autumn,50.0,DNA,5.0,50.540663259433344,19.785437693271895,20.0,117.0,169.55009628395652,
stanowisko_5,autumn,50.0,RNA,5.0,50.540663259433344,19.785437693271895,20.0,117.0,716.328276094697,
stanowisko_5,autumn,80.0,DNA,5.0,50.540663259433344,19.785437693271895,20.0,117.0,491.39643051874054,
stanowisko_5,autumn,80.0,RNA,5.0,50.540663259433344,19.785437693271895,20.0,117.0,316.696589616332,
stanowisko_6,spring,20.0,DNA,1.0,53.666977007439996,20.910211196424342,8.0,93.0,781.3531078647527,
stanowisko_6,spring,20.0,RNA,1.0,53.666977007439996,20.910211196424342,8.0,93.0,503.17010004660904,
stanowisko_6,spring,50.0,DNA,1.0,53.666977007439996,20.910211196424342,8.0,93.0,879.4240052538416,
stanowisko_6,spring,50.0,RNA,1.0,53.666977007439996,20.910211196424342,8.0,93.0,561.9928394764052,
stanowisko_6,spring,80.0,DNA,1.0,53.666977007439996,20.910211196424342,8.0,93.0,1135.3882446625294,
stanowisko_6,spring,80.0,RNA,1.0,53.666977007439996,20.910211196424342,8.0,93.0,596.9607985035649,
stanowisko_6,spring,20.0,DNA,2.0,53.666977007439996,20.910211196424342,6.0,94.0,-95.4174035976605,
stanowisko_6,spring,20.0,RNA,2.0,53.666977007439996,20.910211196424342,6.0,94.0,45.24459453922509,
stanowisko_6,spring,50.0,DNA,2.0,53.666977007439996,20.910211196424342,6.0,94.0,619.38804023546,
stanowisko_6,spring,50.0,RNA,2.0,53.666977007439996,20.910211196424342,6.0,94.0,741.5278973873494,
stanowisko_6,spring,80.0,DNA,2.0,53.666977007439996,20.910211196424342,6.0,94.0,1102.8111655312794,
stanowisko_6,spring,80.0,RNA,2.0,53.666977007439996,20.910211196424342,6.0,94.0,705.0062526648524,
stanowisko_6,spring,20.0,DNA,3.0,53.666977007439996,20.910211196424342,9.0,80.0,747.2357115262901,
stanowisko_6,spring,20.0,RNA,3.0,53.666977007439996,20.910211196424342,9.0,80.0,992.1980471200486,
stanowisko_6,spring,50.0,DNA,3.0,53.666977007439996,20.910211196424342,9.0,80.0,868.2626674598296,
stanowisko_6,spring,50.0,RNA,3.0,53.666977007439996,20.910211196424342,9.0,80.0,243.5830518199728,
stanowisko_6,spring,80.0,DNA,3.0,53.666977007439996,20.910211196424342,9.0,80.0,441.44100321229126,
stanowisko_6,spring,80.0,RNA,3.0,53.666977007439996,20.910211196424342,9.0,80.0,238.71173502977348,
stanowisko_6,spring,20.0,DNA,4.0,53.666977007439996,20.910211196424342,9.0,88.0,727.5600243576143,
stanowisko_6,spring,20.0,RNA,4.0,53.666977007439996,20.910211196424342,9.0,88.0,323.9562897238727,
stanowisko_6,spring,50.0,DNA,4.0,53.666977007439996,20.910211196424342,9.0,88.0,605.9411320945736,
stanowisko_6,spring,50.0,RNA,4.0,53.666977007439996,20.910211196424342,9.0,88.0,952.8971228116945,
stanowisko_6,spring,80.0,DNA,4.0,53.666977007439996,20.910211196424342,9.0,88.0,192.50416781905665,
stanowisko_6,spring,80.0,RNA,4.0,53.666977007439996,20.910211196424342,9.0,88.0,-8.690101000833806,
stanowisko_6,spring,20.0,DNA,5.0,53.666977007439996,20.910211196424342,12.0,95.0,426.40751159622715,
stanowisko_6,spring,20.0,RNA,5.0,53.666977007439996,20.910211196424342,12.0,95.0,863.5865200555863,
stanowisko_6,spring,50.0,DNA,5.0,53.666977007439996,20.910211196424342,12.0,95.0,696.1598708408252,
stanowisko_6,spring,50.0,RNA,5.0,53.666977007439996,20.910211196424342,12.0,95.0,890.1946744560736,
stanowisko_6,spring,80.0,DNA,5.0,53.666977007439996,20.910211196424342,12.0,95.0,682.2510332108795,
stanowisko_6,spring,80.0,RNA,5.0,53.666977007439996,20.910211196424342,12.0,95.0,17.798293905371054,
stanowisko_6,summer,20.0,DNA,1.0,53.666977007439996,20.910211196424342,33.0,12.0,-84.25186325265315,
stanowisko_6,summer,20.0,RNA,1.0,53.666977007439996,20.910211196424342,33.0,12.0,209.02958046945594,
stanowisko_6,summer,50.0,DNA,1.0,53.666977007439996,20.910211196424342,33.0,12.0,338.1245652284987,
stanowisko_6,summer,50.0,RNA,1.0,53.666977007439996,20.910211196424342,33.0,12.0,472.26053459730997,
stanowisko_6,summer,80.0,DNA,1.0,53.666977007439996,20.910211196424342,33.0,12.0,223.2268293454664,
stanowisko_6,summer,80.0,RNA,1.0,53.666977007439996,20.910211196424342,33.0,12.0,241.5344896869379,
stanowisko_6,summer,20.0,DNA,2.0,53.666977007439996,20.910211196424342,32.0,13.0,607.2662928022182,
stanowisko_6,summer,20.0,RNA,2.0,53.666977007439996,20.910211196424342,32.0,13.0,742.8516933802925,
stanowisko_6,summer,50.0,DNA,2.0,53.666977007439996,20.910211196424342,32.0,13.0,614.4872956843632,
stanowisko_6,summer,50.0,RNA,2.0,53.666977007439996,20.910211196424342,32.0,13.0,362.3357314279406,
stanowisko_6,summer,80.0,DNA,2.0,53.666977007439996,20.910211196424342,32.0,13.0,354.18558236674687,
stanowisko_6,summer,80.0,RNA,2.0,53.666977007439996,20.910211196424342,32.0,13.0,850.4224300546977,
stanowisko_6,summer,20.0,DNA,3.0,53.666977007439996,20.910211196424342,35.0,6.0,373.2366407187383,
stanowisko_6,summer,20.0,RNA,3.0,53.666977007439996,20.910211196424342,35.0,6.0,117.34501908181073,
stanowisko_6,summer,50.0,DNA,3.0,53.666977007439996,20.910211196424342,35.0,6.0,338.49846105572044,
stanowisko_6,summer,50.0,RNA,3.0,53.666977007439996,20.910211196424342,35.0,6.0,297.7827771875002,
stanowisko_6,summer,80.0,DNA,3.0,53.666977007439996,20.910211196424342,35.0,6.0,701.6047066555038,
stanowisko_6,summer,80.0,RNA,3.0,53.666977007439996,20.910211196424342,35.0,6.0,-40.58348607186451,
stanowisko_6,summer,20.0,DNA,4.0,53.666977007439996,20.910211196424342,39.0,-6.0,546.2964071995964,
stanowisko_6,summer,20.0,RNA,4.0,53.666977007439996,20.910211196424342,39.0,-6.0,479.2121550655617,
stanowisko_6,summer,50.0,DNA,4.0,53.666977007439996,20.910211196424342,39.0,-6.0,988.2741892340382,
stanowisko_6,summer,50.0,RNA,4.0,53.666977007439996,20.910211196424342,39.0,-6.0,456.07887460335826,
stanowisko_6,summer,80.0,DNA,4.0,53.666977007439996,20.910211196424342,39.0,-6.0,699.2148209522096,
stanowisko_6,summer,80.0,RNA,4.0,53.666977007439996,20.910211196424342,39.0,-6.0,634.3811274942518,
stanowisko_6,summer,20.0,DNA,5.0,53.666977007439996,20.910211196424342,37.0,9.0,788.100443944141,
stanowisko_6,summer,20.0,RNA,5.0,53.666977007439996,20.910211196424342,37.0,9.0,456.4516121353561,
stanowisko_6,summer,50.0,DNA,5.0,53.666977007439996,20.910211196424342,37.0,9.0,688.1432226571449,
stanowisko_6,summer,50.0,RNA,5.0,53.666977007439996,20.910211196424342,37.0,9.0,-39.47342013785078,
stanowisko_6,summer,80.0,DNA,5.0,53.666977007439996,20.910211196424342,37.0,9.0,751.6813949746404,
stanowisko_6,summer,80.0,RNA,5.0,53.666977007439996,20.910211196424342,37.0,9.0,386.3638125102374,
stanowisko_6,autumn,20.0,DNA,1.0,53.666977007439996,20.910211196424342,8.0,63.0,629.273958500148,
stanowisko_6,autumn,20.0,RNA,1.0,53.666977007439996,20.910211196424342,8.0,63.0,482.76622092752626,
stanowisko_6,autumn,50.0,DNA,1.0,53.666977007439996,20.910211196424342,8.0,63.0,543.363495992656,
stanowisko_6,autumn,50.0,RNA,1.0,53.666977007439996,20.910211196424342,8.0,63.0,212.6743078277455,
stanowisko_6,autumn,80.0,DNA,1.0,53.666977007439996,20.910211196424342,8.0,63.0,670.6138460359707,
stanowisko_6,autumn,80.0,RNA,1.0,53.666977007439996,20.910211196424342,8.0,63.0,524.3785892381156,
stanowisko_6,autumn,20.0,DNA,2.0,53.666977007439996,20.910211196424342,4.0,66.0,764.7144813864236,
stanowisko_6,autumn,20.0,RNA,2.0,53.666977007439996,20.910211196424342,4.0,66.0,471.3359410489445,
stanowisko_6,autumn,50.0,DNA,2.0,53.666977007439996,20.910211196424342,4.0,66.0,400.16753014668865,
stanowisko_6,autumn,50.0,RNA,2.0,53.666977007439996,20.910211196424342,4.0,66.0,463.0016541033845,
stanowisko_6,autumn,80.0,DNA,2.0,53.666977007439996,20.910211196424342,4.0,66.0,607.4941548149443,
stanowisko_6,autumn,80.0,RNA,2.0,53.666977007439996,20.910211196424342,4.0,66.0,441.0383655868639,
stanowisko_6,autumn,20.0,DNA,3.0,53.666977007439996,20.910211196424342,3.0,74.0,884.5028897597919,
stanowisko_6,autumn,20.0,RNA,3.0,53.666977007439996,20.910211196424342,3.0,74.0,598.7794706355636,
stanowisko_6,autumn,50.0,DNA,3.0,53.666977007439996,20.910211196424342,3.0,74.0,205.75392108607872,
stanowisko_6,autumn,50.0,RNA,3.0,53.666977007439996,20.910211196424342,3.0,74.0,434.8748539448477,
stanowisko_6,autumn,80.0,DNA,3.0,53.666977007439996,20.910211196424342,3.0,74.0,1198.3785521400725,
stanowisko_6,autumn,80.0,RNA,3.0,53.666977007439996,20.910211196424342,3.0,74.0,771.7842925733119,
stanowisko_6,autumn,20.0,DNA,4.0,53.666977007439996,20.910211196424342,1.0,85.0,461.13621222121407,
stanowisko_6,autumn,20.0,RNA,4.0,53.666977007439996,20.910211196424342,1.0,85.0,869.0291447109958,
stanowisko_6,autumn,50.0,DNA,4.0,53.666977007439996,20.910211196424342,1.0,85.0,380.9062205579454,
stanowisko_6,autumn,50.0,RNA,4.0,53.666977007439996,20.910211196424342,1.0,85.0,393.6783881139551,
stanowisko_6,autumn,80.0,DNA,4.0,53.666977007439996,20.910211196424342,1.0,85.0,522.3354119944047,
stanowisko_6,autumn,80.0,RNA,4.0,53.666977007439996,20.910211196424342,1.0,85.0,204.3603743004561,
stanowisko_6,autumn,20.0,DNA,5.0,53.666977007439996,20.910211196424342,-1.0,77.0,650.4341006294932,
stanowisko_6,autumn,20.0,RNA,5.0,53.666977007439996,20.910211196424342,-1.0,77.0,684.6010028357989,
stanowisko_6,autumn,50.0,DNA,5.0,53.666977007439996,20.910211196424342,-1.0,77.0,1137.918005868967,
stanowisko_6,autumn,50.0,RNA,5.0,53.666977007439996,20.910211196424342,-1.0,77.0,629.1520545258006,
stanowisko_6,autumn,80.0,DNA,5.0,53.666977007439996,20.910211196424342,-1.0,77.0,362.02352765841067,
stanowisko_6,autumn,80.0,RNA,5.0,53.666977007439996,20.910211196424342,-1.0,77.0,397.61598325572305,
stanowisko_7,spring,20.0,DNA,1.0,51.2401005420403,20.985178579727638,17.0,52.0,499.35847187356813,
stanowisko_7,spring,20.0,RNA,1.0,51.2401005420403,20.985178579727638,17.0,52.0,390.08465350487955,
stanowisko_7,spring,50.0,DNA,1.0,51.2401005420403,20.985178579727638,17.0,52.0,365.13059408803434,
stanowisko_7,spring,50.0,RNA,1.0,51.2401005420403,20.985178579727638,17.0,52.0,152.4662178247491,
stanowisko_7,spring,80.0,DNA,1.0,51.2401005420403,20.985178579727638,17.0,52.0,517.8730814155641,
stanowisko_7,spring,80.0,RNA,1.0,51.2401005420403,20.985178579727638,17.0,52.0,368.332667163055,
stanowisko_7,spring,20.0,DNA,2.0,51.2401005420403,20.985178579727638,21.0,47.0,41.66234346393867,
stanowisko_7,spring,20.0,RNA,2.0,51.2401005420403,20.985178579727638,21.0,47.0,375.8112936565432,
stanowisko_7,spring,50.0,DNA,2.0,51.2401005420403,20.985178579727638,21.0,47.0,274.50663944312515,
stanowisko_7,spring,50.0,RNA,2.0,51.2401005420403,20.985178579727638,21.0,47.0,175.23722243315922,
stanowisko_7,spring,80.0,DNA,2.0,51.2401005420403,20.985178579727638,21.0,47.0,208.4384791097345,
stanowisko_7,spring,80.0,RNA,2.0,51.2401005420403,20.985178579727638,21.0,47.0,727.2803542549209,
stanowisko_7,spring,20.0,DNA,3.0,51.2401005420403,20.985178579727638,25.0,34.0,363.2470864694312,
stanowisko_7,spring,20.0,RNA,3.0,51.2401005420403,20.985178579727638,25.0,34.0,104.103582182977,
stanowisko_7,spring,50.0,DNA,3.0,51.2401005420403,20.985178579727638,25.0,34.0,229.09240537682803,
stanowisko_7,spring,50.0,RNA,3.0,51.2401005420403,20.985178579727638,25.0,34.0,903.4708492490118,
stanowisko_7,spring,80.0,DNA,3.0,51.2401005420403,20.985178579727638,25.0,34.0,223.5973923985075,
stanowisko_7,spring,80.0,RNA,3.0,51.2401005420403,20.985178579727638,25.0,34.0,236.69142186096582,
stanowisko_7,spring,20.0,DNA,4.0,51.2401005420403,20.985178579727638,21.0,27.0,211.58416069732033,
stanowisko_7,spring,20.0,RNA,4.0,51.2401005420403,20.985178579727638,21.0,27.0,670.468627107566,
stanowisko_7,spring,50.0,DNA,4.0,51.2401005420403,20.985178579727638,21.0,27.0,286.7998435399257,
stanowisko_7,spring,50.0,RNA,4.0,51.2401005420403,20.985178579727638,21.0,27.0,59.157342098613924,
stanowisko_7,spring,80.0,DNA,4.0,51.2401005420403,20.985178579727638,21.0,27.0,398.517551324466,
stanowisko_7,spring,80.0,RNA,4.0,51.2401005420403,20.985178579727638,21.0,27.0,229.15306886396297,
stanowisko_7,spring,20.0,DNA,5.0,51.2401005420403,20.985178579727638,24.0,30.0,322.86889431376176,
stanowisko_7,spring,20.0,RNA,5.0,51.2401005420403,20.985178579727638,24.0,30.0,246.5190914853014,
stanowisko_7,spring,50.0,DNA,5.0,51.2401005420403,20.985178579727638,24.0,30.0,105.21643312242577,
stanowisko_7,spring,50.0,RNA,5.0,51.2401005420403,20.985178579727638,24.0,30.0,712.6272602502518,
stanowisko_7,spring,80.0,DNA,5.0,51.2401005420403,20.985178579727638,24.0,30.0,636.9123669749254,
stanowisko_7,spring,80.0,RNA,5.0,51.2401005420403,20.985178579727638,24.0,30.0,-313.05139260427586,
stanowisko_7,summer,20.0,DNA,1.0,51.2401005420403,20.985178579727638,29.0,64.0,573.7661859434298,
stanowisko_7,summer,20.0,RNA,1.0,51.2401005420403,20.985178579727638,29.0,64.0,633.1141507819846,
stanowisko_7,summer,50.0,DNA,1.0,51.2401005420403,20.985178579727638,29.0,64.0,391.69274695010216,
stanowisko_7,summer,50.0,RNA,1.0,51.2401005420403,20.985178579727638,29.0,64.0,-6.163404437557517,
stanowisko_7,summer,80.0,DNA,1.0,51.2401005420403,20.985178579727638,29.0,64.0,312.087480395326,
stanowisko_7,summer,80.0,RNA,1.0,51.2401005420403,20.985178579727638,29.0,64.0,482.885391850631,
stanowisko_7,summer,20.0,DNA,2.0,51.2401005420403,20.985178579727638,26.0,51.0,439.3863809873534,
stanowisko_7,summer,20.0,RNA,2.0,51.2401005420403,20.985178579727638,26.0,51.0,254.20094528991092,
stanowisko_7,summer,50.0,DNA,2.0,51.2401005420403,20.985178579727638,26.0,51.0,641.8791698774548,
stanowisko_7,summer,50.0,RNA,2.0,51.2401005420403,20.985178579727638,26.0,51.0,923.2450701282435,
stanowisko_7,summer,80.0,DNA,2.0,51.2401005420403,20.985178579727638,26.0,51.0,403.2629964134105,
stanowisko_7,summer,80.0,RNA,2.0,51.2401005420403,20.985178579727638,26.0,51.0,485.22375629942724,
stanowisko_7,summer,20.0,DNA,3.0,51.2401005420403,20.985178579727638,27.0,53.0,393.6364532170427,
stanowisko_7,summer,20.0,RNA,3.0,51.2401005420403,20.985178579727638,27.0,53.0,285.60994946031525,
stanowisko_7,summer,50.0,DNA,3.0,51.2401005420403,20.985178579727638,27.0,53.0,134.21444985934812,
stanowisko_7,summer,50.0,RNA,3.0,51.2401005420403,20.985178579727638,27.0,53.0,-13.377785328438904,
stanowisko_7,summer,80.0,DNA,3.0,51.2401005420403,20.985178579727638,27.0,53.0,461.69328120157513,
stanowisko_7,summer,80.0,RNA,3.0,51.2401005420403,20.985178579727638,27.0,53.0,683.7027214671265,
stanowisko_7,summer,20.0,DNA,4.0,51.2401005420403,20.985178579727638,25.0,60.0,453.65848150046116,
stanowisko_7,summer,20.0,RNA,4.0,51.2401005420403,20.985178579727638,25.0,60.0,995.654085068448,
stanowisko_7,summer,50.0,DNA,4.0,51.2401005420403,20.985178579727638,25.0,60.0,-271.03076732047,
stanowisko_7,summer,50.0,RNA,4.0,51.2401005420403,20.985178579727638,25.0,60.0,390.6609263251928,
stanowisko_7,summer,80.0,DNA,4.0,51.2401005420403,20.985178579727638,25.0,60.0,582.0428417835316,
stanowisko_7,summer,80.0,RNA,4.0,51.2401005420403,20.985178579727638,25.0,60.0,344.7841697856412,
stanowisko_7,summer,20.0,DNA,5.0,51.2401005420403,20.985178579727638,21.0,71.0,487.8739002827074,
stanowisko_7,summer,20.0,RNA,5.0,51.2401005420403,20.985178579727638,21.0,71.0,382.52394869601954,
stanowisko_7,summer,50.0,DNA,5.0,51.2401005420403,20.985178579727638,21.0,71.0,606.9452380669792,
stanowisko_7,summer,50.0,RNA,5.0,5.124010054204031,20.985178579727638,21.0,71.0,-112.42457134617814,
stanowisko_7,summer,80.0,DNA,5.0,51.2401005420403,20.985178579727638,21.0,71.0,153.44959975718007,
stanowisko_7,summer,80.0,RNA,5.0,51.2401005420403,20.985178579727638,21.0,71.0,312.7618242296204,
stanowisko_7,autumn,20.0,DNA,1.0,51.2401005420403,20.985178579727638,12.0,68.0,293.7299303118731,
stanowisko_7,autumn,20.0,RNA,1.0,51.2401005420403,20.985178579727638,12.0,68.0,1.7242233774089755,
stanowisko_7,autumn,50.0,DNA,1.0,51.2401005420403,20.985178579727638,12.0,68.0,685.7184410895925,
stanowisko_7,autumn,50.0,RNA,1.0,51.2401005420403,20.985178579727638,12.0,68.0,1206.6501068771875,
stanowisko_7,autumn,80.0,DNA,1.0,51.2401005420403,20.985178579727638,12.0,68.0,444.302544948996,
stanowisko_7,autumn,80.0,RNA,1.0,51.2401005420403,20.985178579727638,12.0,68.0,460.2343943076838,
stanowisko_7,autumn,20.0,DNA,2.0,51.2401005420403,20.985178579727638,13.0,74.0,-82.25520831524739,
stanowisko_7,autumn,20.0,RNA,2.0,51.2401005420403,20.985178579727638,13.0,74.0,730.236975230417,
stanowisko_7,autumn,50.0,DNA,2.0,51.2401005420403,20.985178579727638,13.0,74.0,-121.39565803726964,
stanowisko_7,autumn,50.0,RNA,2.0,51.2401005420403,20.985178579727638,13.0,74.0,454.4128213952121,
stanowisko_7,autumn,80.0,DNA,2.0,51.2401005420403,20.985178579727638,13.0,74.0,793.6339556694796,"Nie można pobrać próby, woda zbyt płytka. Pobieram z dna."
stanowisko_7,autumn,80.0,RNA,2.0,51.2401005420403,20.985178579727638,13.0,74.0,118.29067758244008,"Nie można pobrać próby, woda zbyt płytka. Pobieram z dna."
stanowisko_7,autumn,20.0,DNA,3.0,51.2401005420403,20.985178579727638,10.0,89.0,250.85112100542509,
stanowisko_7,autumn,20.0,RNA,3.0,51.2401005420403,20.985178579727638,10.0,89.0,351.74166087858816,
stanowisko_7,autumn,50.0,DNA,3.0,51.2401005420403,20.985178579727638,10.0,89.0,137.2002891346342,
stanowisko_7,autumn,50.0,RNA,3.0,51.2401005420403,20.985178579727638,10.0,89.0,351.2026037613848,
stanowisko_7,autumn,80.0,DNA,3.0,51.2401005420403,20.985178579727638,10.0,89.0,863.6468927857861,
stanowisko_7,autumn,80.0,RNA,3.0,51.2401005420403,20.985178579727638,10.0,89.0,838.9695219431824,
stanowisko_7,autumn,20.0,DNA,4.0,51.2401005420403,20.985178579727638,12.0,76.0,603.2226330689625,
stanowisko_7,autumn,20.0,RNA,4.0,51.2401005420403,20.985178579727638,12.0,76.0,593.7883739280412,
stanowisko_7,autumn,50.0,DNA,4.0,51.2401005420403,20.985178579727638,12.0,76.0,708.1659306332907,
stanowisko_7,autumn,50.0,RNA,4.0,51.2401005420403,20.985178579727638,12.0,76.0,671.1837282331443,
stanowisko_7,autumn,80.0,DNA,4.0,51.2401005420403,20.985178579727638,12.0,76.0,739.4587710765904,
stanowisko_7,autumn,80.0,RNA,4.0,51.2401005420403,20.985178579727638,12.0,76.0,576.8278140921273,
stanowisko_7,autumn,20.0,DNA,5.0,51.2401005420403,20.985178579727638,13.0,90.0,357.12805004086823,
stanowisko_7,autumn,20.0,RNA,5.0,51.2401005420403,20.985178579727638,13.0,90.0,337.5560487915778,
stanowisko_7,autumn,50.0,DNA,5.0,51.2401005420403,20.985178579727638,13.0,90.0,1172.7918977866743,
stanowisko_7,autumn,50.0,RNA,5.0,51.2401005420403,20.985178579727638,13.0,90.0,1089.1461655334895,
stanowisko_7,autumn,80.0,DNA,5.0,51.2401005420403,20.985178579727638,13.0,90.0,500.5567187802541,
stanowisko_7,autumn,80.0,RNA,5.0,51.2401005420403,20.985178579727638,13.0,90.0,164.60196272644214,
stanowisko_8,spring,20.0,DNA,1.0,53.52817421609682,18.09180493888665,10.0,41.0,834.1956685003438,
stanowisko_8,spring,20.0,RNA,1.0,53.52817421609682,18.09180493888665,10.0,41.0,310.40111944350406,
stanowisko_8,spring,50.0,DNA,1.0,53.52817421609682,18.09180493888665,10.0,41.0,506.94635648512383,
stanowisko_8,spring,50.0,RNA,1.0,53.52817421609682,18.09180493888665,10.0,41.0,893.5593351551225,
stanowisko_8,spring,80.0,DNA,1.0,53.52817421609682,18.09180493888665,10.0,41.0,725.6180042093916,
stanowisko_8,spring,80.0,RNA,1.0,53.52817421609682,18.09180493888665,10.0,41.0,393.1563942848163,
stanowisko_8,spring,20.0,DNA,2.0,53.52817421609682,18.09180493888665,12.0,39.0,667.0462444053886,
stanowisko_8,spring,20.0,RNA,2.0,53.52817421609682,18.09180493888665,12.0,39.0,735.7972132518935,
stanowisko_8,spring,50.0,DNA,2.0,53.52817421609682,18.09180493888665,12.0,39.0,482.9785450971261,
stanowisko_8,spring,50.0,RNA,2.0,53.52817421609682,18.09180493888665,12.0,39.0,369.3255407280865,
stanowisko_8,spring,80.0,DNA,2.0,53.52817421609682,18.09180493888665,12.0,39.0,752.2041471456661,
stanowisko_8,spring,80.0,RNA,2.0,53.52817421609682,18.09180493888665,12.0,39.0,374.5845254399085,
stanowisko_8,spring,20.0,DNA,3.0,53.52817421609682,18.09180493888665,13.0,24.0,490.49598048345365,
stanowisko_8,spring,20.0,RNA,3.0,53.52817421609682,18.09180493888665,13.0,24.0,336.12458044449215,
stanowisko_8,spring,50.0,DNA,3.0,53.52817421609682,18.09180493888665,13.0,24.0,189.55493922141522,
stanowisko_8,spring,50.0,RNA,3.0,53.52817421609682,18.09180493888665,13.0,24.0,764.9595510555057,
stanowisko_8,spring,80.0,DNA,3.0,53.52817421609682,18.09180493888665,13.0,24.0,678.4026761947548,
stanowisko_8,spring,80.0,RNA,3.0,53.52817421609682,18.09180493888665,13.0,24.0,326.58467122091014,
stanowisko_8,spring,20.0,DNA,4.0,53.52817421609682,18.09180493888665,11.0,32.0,403.7629398938018,
stanowisko_8,spring,20.0,RNA,4.0,53.52817421609682,18.09180493888665,11.0,32.0,682.7817600913805,
stanowisko_8,spring,50.0,DNA,4.0,53.52817421609682,18.09180493888665,11.0,32.0,199.31277931678608,
stanowisko_8,spring,50.0,RNA,4.0,53.52817421609682,18.09180493888665,11.0,32.0,1062.2449049899215,
stanowisko_8,spring,80.0,DNA,4.0,53.52817421609682,18.09180493888665,11.0,32.0,714.8624909972675,
stanowisko_8,spring,80.0,RNA,4.0,53.52817421609682,18.09180493888665,11.0,32.0,260.61733626063364,
stanowisko_8,spring,20.0,DNA,5.0,53.52817421609682,18.09180493888665,9.0,40.0,1232.0053805698253,
stanowisko_8,spring,20.0,RNA,5.0,53.52817421609682,18.09180493888665,9.0,40.0,717.7067941155963,
stanowisko_8,spring,50.0,DNA,5.0,53.52817421609682,18.09180493888665,9.0,40.0,514.3231732413911,
stanowisko_8,spring,50.0,RNA,5.0,53.52817421609682,18.09180493888665,9.0,40.0,681.7345962317879,
stanowisko_8,spring,80.0,DNA,5.0,53.52817421609682,18.09180493888665,9.0,40.0,156.91482197351144,
stanowisko_8,spring,80.0,RNA,5.0,53.52817421609682,18.09180493888665,9.0,40.0,237.02664834268825,
stanowisko_8,summer,20.0,DNA,1.0,53.52817421609682,18.09180493888665,30.0,91.0,97.94425892415734,
stanowisko_8,summer,20.0,RNA,1.0,53.52817421609682,18.09180493888665,30.0,91.0,353.27644645413204,
stanowisko_8,summer,50.0,DNA,1.0,53.52817421609682,18.09180493888665,30.0,91.0,0.3739576344892157,
stanowisko_8,summer,50.0,RNA,1.0,53.52817421609682,18.09180493888665,30.0,91.0,325.48169323088246,
stanowisko_8,summer,80.0,DNA,1.0,53.52817421609682,18.09180493888665,30.0,91.0,863.1703064360506,
stanowisko_8,summer,80.0,RNA,1.0,53.52817421609682,18.09180493888665,30.0,91.0,669.8196714028815,
stanowisko_8,summer,20.0,DNA,2.0,53.52817421609682,18.09180493888665,28.0,104.0,963.893506932383,
stanowisko_8,summer,20.0,RNA,2.0,53.52817421609682,18.09180493888665,28.0,104.0,349.3043948120344,
stanowisko_8,summer,50.0,DNA,2.0,53.52817421609682,18.09180493888665,28.0,104.0,251.23935688243836,
stanowisko_8,summer,50.0,RNA,2.0,53.52817421609682,18.09180493888665,28.0,104.0,332.8497099584962,
stanowisko_8,summer,80.0,DNA,2.0,53.52817421609682,18.09180493888665,28.0,104.0,877.4981773842153,"Nie można pobrać próby, woda zbyt płytka. Pobieram z dna."
stanowisko_8,summer,80.0,RNA,2.0,53.52817421609682,18.09180493888665,28.0,104.0,421.6839177970053,"Nie można pobrać próby, woda zbyt płytka. Pobieram z dna."
stanowisko_8,summer,20.0,DNA,3.0,53.52817421609682,18.09180493888665,32.0,108.0,602.5131020740926,
stanowisko_8,summer,20.0,RNA,3.0,53.52817421609682,18.09180493888665,32.0,108.0,827.0618895654794,
stanowisko_8,summer,50.0,DNA,3.0,53.52817421609682,18.09180493888665,32.0,108.0,628.75737223233,
stanowisko_8,summer,50.0,RNA,3.0,53.52817421609682,18.09180493888665,32.0,108.0,519.3843292442181,
stanowisko_8,summer,80.0,DNA,3.0,53.52817421609682,18.09180493888665,32.0,108.0,1027.8932383941121,
stanowisko_8,summer,80.0,RNA,3.0,53.52817421609682,18.09180493888665,32.0,108.0,574.0128266500299,
stanowisko_8,summer,20.0,DNA,4.0,53.52817421609682,18.09180493888665,30.0,98.0,208.48174069683876,
stanowisko_8,summer,20.0,RNA,4.0,53.52817421609682,18.09180493888665,30.0,98.0,419.61423376422056,
stanowisko_8,summer,50.0,DNA,4.0,53.52817421609682,18.09180493888665,30.0,98.0,732.5938869028349,
stanowisko_8,summer,50.0,RNA,4.0,53.52817421609682,18.09180493888665,30.0,98.0,406.51872072346157,
stanowisko_8,summer,80.0,DNA,4.0,53.52817421609682,18.09180493888665,30.0,98.0,358.2985551776235,
stanowisko_8,summer,80.0,RNA,4.0,53.52817421609682,18.09180493888665,30.0,98.0,571.7292197294298,
stanowisko_8,summer,20.0,DNA,5.0,53.52817421609682,18.09180493888665,27.0,98.0,1043.6944132745907,
stanowisko_8,summer,20.0,RNA,5.0,53.52817421609682,18.09180493888665,27.0,98.0,631.9587587565306,
stanowisko_8,summer,50.0,DNA,5.0,53.52817421609682,18.09180493888665,27.0,98.0,635.2597668435276,
stanowisko_8,summer,50.0,RNA,5.0,53.52817421609682,18.09180493888665,27.0,98.0,600.5718843092629,
stanowisko_8,summer,80.0,DNA,5.0,53.52817421609682,18.09180493888665,27.0,98.0,731.3255483653522,Woda bardzo brudna
stanowisko_8,summer,80.0,RNA,5.0,53.52817421609682,18.09180493888665,27.0,98.0,770.9579493199562,Woda bardzo brudna
stanowisko_8,autumn,20.0,DNA,1.0,53.52817421609682,18.09180493888665,7.0,66.0,487.56607195912693,
stanowisko_8,autumn,20.0,RNA,1.0,53.52817421609682,18.09180493888665,7.0,66.0,656.665854967498,
stanowisko_8,autumn,50.0,DNA,1.0,53.52817421609682,18.09180493888665,7.0,66.0,470.10225331354707,
stanowisko_8,autumn,50.0,RNA,1.0,53.52817421609682,18.09180493888665,7.0,66.0,836.7114219822561,
stanowisko_8,autumn,80.0,DNA,1.0,53.52817421609682,18.09180493888665,7.0,66.0,810.2346401677455,
stanowisko_8,autumn,80.0,RNA,1.0,53.52817421609682,18.09180493888665,7.0,66.0,703.2657992394936,
stanowisko_8,autumn,20.0,DNA,2.0,53.52817421609682,18.09180493888665,4.0,53.0,303.7341475725317,
stanowisko_8,autumn,20.0,RNA,2.0,53.52817421609682,18.09180493888665,4.0,53.0,809.9275091751014,
stanowisko_8,autumn,50.0,DNA,2.0,53.52817421609682,18.09180493888665,4.0,53.0,585.13635258703,
stanowisko_8,autumn,50.0,RNA,2.0,53.52817421609682,18.09180493888665,4.0,53.0,730.0239792957175,
stanowisko_8,autumn,80.0,DNA,2.0,53.52817421609682,18.09180493888665,4.0,53.0,338.94429378830415,
stanowisko_8,autumn,80.0,RNA,2.0,53.52817421609682,18.09180493888665,4.0,53.0,688.9635784220662,
stanowisko_8,autumn,20.0,DNA,3.0,53.52817421609682,18.09180493888665,5.0,44.0,649.6201098843856,
stanowisko_8,autumn,20.0,RNA,3.0,53.52817421609682,18.09180493888665,5.0,44.0,752.7335139790348,
stanowisko_8,autumn,50.0,DNA,3.0,53.52817421609682,18.09180493888665,5.0,44.0,125.62818755680274,
stanowisko_8,autumn,50.0,RNA,3.0,53.52817421609682,18.09180493888665,5.0,44.0,301.8169092812973,
stanowisko_8,autumn,80.0,DNA,3.0,53.52817421609682,18.09180493888665,5.0,44.0,620.0295199557343,
stanowisko_8,autumn,80.0,RNA,3.0,53.52817421609682,18.09180493888665,5.0,44.0,585.1931672791188,
stanowisko_8,autumn,20.0,DNA,4.0,53.52817421609682,18.09180493888665,1.0,55.0,492.2387740729347,
stanowisko_8,autumn,20.0,RNA,4.0,53.52817421609682,18.09180493888665,1.0,55.0,468.1022711770991,
stanowisko_8,autumn,50.0,DNA,4.0,53.52817421609682,18.09180493888665,1.0,55.0,653.4016710286481,
stanowisko_8,autumn,50.0,RNA,4.0,53.52817421609682,18.09180493888665,1.0,55.0,154.93086256917292,
stanowisko_8,autumn,80.0,DNA,4.0,53.52817421609682,18.09180493888665,1.0,55.0,304.74505831012,
stanowisko_8,autumn,80.0,RNA,4.0,53.52817421609682,18.09180493888665,1.0,55.0,559.3664748486159,
stanowisko_8,autumn,20.0,DNA,5.0,53.52817421609682,18.09180493888665,2.0,53.0,367.6572721307624,
stanowisko_8,autumn,20.0,RNA,5.0,53.52817421609682,18.09180493888665,2.0,53.0,1052.8810358768008,
stanowisko_8,autumn,50.0,DNA,5.0,53.52817421609682,18.09180493888665,2.0,53.0,65.83293107294776,
stanowisko_8,autumn,50.0,RNA,5.0,53.52817421609682,18.09180493888665,2.0,53.0,565.1147342367165,
stanowisko_8,autumn,80.0,DNA,5.0,53.52817421609682,18.09180493888665,2.0,53.0,676.6211413329564,
stanowisko_8,autumn,80.0,RNA,5.0,53.52817421609682,18.09180493888665,2.0,53.0,843.9415698861442,
stanowisko_9,spring,20.0,DNA,1.0,50.86545993908762,22.822394384023788,17.0,41.0,11.30493859693604,
stanowisko_9,spring,20.0,RNA,1.0,50.86545993908762,22.822394384023788,17.0,41.0,88.77827871013426,
stanowisko_9,spring,50.0,DNA,1.0,50.86545993908762,22.822394384023788,17.0,41.0,500.5756518441284,
stanowisko_9,spring,50.0,RNA,1.0,50.86545993908762,22.822394384023788,17.0,41.0,-134.83356143949493,
stanowisko_9,spring,80.0,DNA,1.0,50.86545993908762,22.822394384023788,17.0,41.0,-67.82189577142117,
stanowisko_9,spring,80.0,RNA,1.0,50.86545993908762,22.822394384023788,17.0,41.0,1162.0076903925935,
stanowisko_9,spring,20.0,DNA,2.0,50.86545993908762,22.822394384023788,18.0,35.0,-131.04667242924847,
stanowisko_9,spring,20.0,RNA,2.0,50.86545993908762,22.822394384023788,18.0,35.0,141.1504313441115,
stanowisko_9,spring,50.0,DNA,2.0,50.86545993908762,22.822394384023788,18.0,35.0,216.12195515927908,
stanowisko_9,spring,50.0,RNA,2.0,50.86545993908762,22.822394384023788,18.0,35.0,197.40825288787238,
stanowisko_9,spring,80.0,DNA,2.0,50.86545993908762,22.822394384023788,18.0,35.0,288.90156540508906,
stanowisko_9,spring,80.0,RNA,2.0,50.86545993908762,22.822394384023788,18.0,35.0,857.0554925474328,
stanowisko_9,spring,20.0,DNA,3.0,50.86545993908762,22.822394384023788,22.0,48.0,421.04095333858373,
stanowisko_9,spring,20.0,RNA,3.0,50.86545993908762,22.822394384023788,22.0,48.0,327.6050815455389,
stanowisko_9,spring,50.0,DNA,3.0,50.86545993908762,22.822394384023788,22.0,48.0,294.4398669956188,
stanowisko_9,,50.0,RNA,3.0,50.86545993908762,22.822394384023788,22.0,48.0,408.7234467497367,
stanowisko_9,spring,80.0,DNA,3.0,50.86545993908762,22.822394384023788,22.0,48.0,509.9560621351179,
stanowisko_9,spring,80.0,RNA,3.0,50.86545993908762,22.822394384023788,22.0,48.0,619.4742658884795,
stanowisko_9,spring,20.0,DNA,4.0,50.86545993908762,22.822394384023788,26.0,53.0,240.9815029854406,
stanowisko_9,spring,20.0,RNA,4.0,50.86545993908762,22.822394384023788,26.0,53.0,1015.4262643313965,
stanowisko_9,spring,50.0,DNA,4.0,50.86545993908762,22.822394384023788,26.0,53.0,359.0209964769615,
stanowisko_9,spring,50.0,RNA,4.0,50.86545993908762,22.822394384023788,26.0,53.0,227.11460201622145,
stanowisko_9,spring,80.0,DNA,4.0,50.86545993908762,22.822394384023788,26.0,53.0,800.9130291573556,
stanowisko_9,spring,80.0,RNA,4.0,50.86545993908762,22.822394384023788,26.0,53.0,407.3507038144288,
stanowisko_9,spring,20.0,DNA,5.0,50.86545993908762,22.822394384023788,27.0,55.0,452.2506637533902,
stanowisko_9,spring,20.0,RNA,5.0,50.86545993908762,22.822394384023788,27.0,55.0,576.4637143588691,
stanowisko_9,spring,50.0,DNA,5.0,50.86545993908762,22.822394384023788,27.0,55.0,1139.8084162934024,
stanowisko_9,spring,50.0,RNA,5.0,50.86545993908762,22.822394384023788,27.0,55.0,562.9679643027672,
stanowisko_9,spring,80.0,DNA,5.0,50.86545993908762,22.822394384023788,27.0,55.0,1059.1782976783852,
stanowisko_9,spring,80.0,RNA,5.0,50.86545993908762,22.822394384023788,27.0,55.0,616.9686009675379,
stanowisko_9,summer,20.0,DNA,1.0,50.86545993908762,22.822394384023788,32.0,28.0,687.7380738602633,Wysoki współczynnik bytności ludzkiej
stanowisko_9,summer,20.0,RNA,1.0,50.86545993908762,22.822394384023788,32.0,28.0,613.7716301845425,Wysoki współczynnik bytności ludzkiej
stanowisko_9,summer,50.0,DNA,1.0,50.86545993908762,22.822394384023788,32.0,28.0,816.4210257885268,
stanowisko_9,summer,50.0,RNA,1.0,50.86545993908762,22.822394384023788,32.0,28.0,609.3720174401878,
stanowisko_9,summer,80.0,DNA,1.0,50.86545993908762,22.822394384023788,32.0,28.0,-373.94420271627143,
stanowisko_9,summer,80.0,RNA,1.0,50.86545993908762,22.822394384023788,32.0,28.0,597.8201956082319,
stanowisko_9,summer,20.0,DNA,2.0,50.86545993908762,22.822394384023788,36.0,30.0,988.8778123158171,
stanowisko_9,summer,20.0,RNA,2.0,50.86545993908762,22.822394384023788,36.0,30.0,50.119774383349636,
stanowisko_9,summer,50.0,DNA,2.0,50.86545993908762,22.822394384023788,36.0,30.0,828.9466504925911,
stanowisko_9,summer,50.0,RNA,2.0,50.86545993908762,22.822394384023788,36.0,30.0,771.2265031824368,
stanowisko_9,summer,80.0,DNA,2.0,50.86545993908762,22.822394384023788,36.0,30.0,382.7100460992667,
stanowisko_9,summer,80.0,RNA,2.0,50.86545993908762,22.822394384023788,36.0,30.0,802.2305600811039,
stanowisko_9,summer,20.0,DNA,3.0,50.86545993908762,22.822394384023788,39.0,28.0,779.4298712229642,
stanowisko_9,summer,20.0,RNA,3.0,50.86545993908762,22.822394384023788,39.0,28.0,475.90132380279914,
stanowisko_9,summer,50.0,DNA,3.0,50.86545993908762,22.822394384023788,39.0,28.0,468.9833851122768,
stanowisko_9,summer,50.0,RNA,3.0,50.86545993908762,22.822394384023788,39.0,28.0,244.009544250957,
stanowisko_9,summer,80.0,DNA,3.0,50.86545993908762,22.822394384023788,39.0,28.0,210.09352529461313,
stanowisko_9,summer,80.0,RNA,3.0,50.86545993908762,22.822394384023788,39.0,28.0,723.644514679893,
stanowisko_9,summer,20.0,DNA,4.0,50.86545993908762,22.822394384023788,38.0,18.0,420.8865583389973,
stanowisko_9,summer,20.0,RNA,4.0,50.86545993908762,22.822394384023788,38.0,18.0,639.4635412570949,
stanowisko_9,summer,50.0,DNA,4.0,50.86545993908762,22.822394384023788,38.0,18.0,305.04129638276663,
stanowisko_9,summer,50.0,RNA,4.0,50.86545993908762,22.822394384023788,38.0,18.0,427.5457960272343,
stanowisko_9,summer,80.0,DNA,4.0,50.86545993908762,22.822394384023788,38.0,18.0,314.1062266237609,
stanowisko_9,summer,80.0,RNA,4.0,50.86545993908762,22.822394384023788,38.0,18.0,386.3392701704341,
stanowisko_9,summer,20.0,DNA,5.0,50.86545993908762,22.822394384023788,39.0,19.0,482.2024309033147,
stanowisko_9,summer,20.0,RNA,5.0,50.86545993908762,22.822394384023788,39.0,19.0,767.3332681701736,
stanowisko_9,summer,50.0,DNA,5.0,50.86545993908762,22.822394384023788,39.0,19.0,129.15089544055485,
stanowisko_9,summer,50.0,RNA,5.0,50.86545993908762,22.822394384023788,39.0,19.0,557.7127535987136,
stanowisko_9,summer,80.0,DNA,5.0,50.86545993908762,22.822394384023788,39.0,19.0,500.70977844147137,
stanowisko_9,summer,80.0,RNA,5.0,50.86545993908762,22.822394384023788,39.0,19.0,383.2148374812118,
stanowisko_9,autumn,20.0,DNA,1.0,50.86545993908762,22.822394384023788,8.0,25.0,525.3274533557448,
stanowisko_9,autumn,20.0,RNA,1.0,50.86545993908762,22.822394384023788,8.0,25.0,748.4422325336827,
stanowisko_9,autumn,50.0,DNA,1.0,50.86545993908762,22.822394384023788,8.0,25.0,843.0166781740411,
stanowisko_9,autumn,50.0,RNA,1.0,50.86545993908762,22.822394384023788,8.0,25.0,425.031438138685,
stanowisko_9,autumn,80.0,DNA,1.0,50.86545993908762,22.822394384023788,8.0,25.0,288.29640130240614,
stanowisko_9,autumn,80.0,RNA,1.0,50.86545993908762,22.822394384023788,8.0,25.0,250.37459083355668,
stanowisko_9,autumn,20.0,DNA,2.0,50.86545993908762,22.822394384023788,9.0,24.0,487.366442943213,
stanowisko_9,autumn,20.0,RNA,2.0,50.86545993908762,22.822394384023788,9.0,24.0,10.946272756951487,
stanowisko_9,autumn,50.0,DNA,2.0,50.86545993908762,22.822394384023788,9.0,24.0,634.5707474834201,
stanowisko_9,autumn,50.0,RNA,2.0,50.86545993908762,22.822394384023788,9.0,24.0,744.1605631665728,
stanowisko_9,autumn,80.0,DNA,2.0,50.86545993908762,22.822394384023788,9.0,24.0,455.25513317119487,
stanowisko_9,autumn,80.0,RNA,2.0,50.86545993908762,22.822394384023788,9.0,24.0,1035.0687302192193,
stanowisko_9,autumn,20.0,DNA,3.0,50.86545993908762,22.822394384023788,11.0,23.0,290.9033734938107,
stanowisko_9,autumn,20.0,RNA,3.0,50.86545993908762,22.822394384023788,11.0,23.0,-130.55475567845997,
stanowisko_9,autumn,50.0,DNA,3.0,50.86545993908762,22.822394384023788,11.0,23.0,325.96772597750817,
stanowisko_9,autumn,50.0,RNA,3.0,50.86545993908762,22.822394384023788,11.0,23.0,-29.817731627731405,
stanowisko_9,autumn,80.0,DNA,3.0,50.86545993908762,22.822394384023788,11.0,23.0,223.75869992280184,
stanowisko_9,autumn,80.0,RNA,3.0,50.86545993908762,22.822394384023788,11.0,23.0,810.262852125094,
stanowisko_9,autumn,20.0,DNA,4.0,50.86545993908762,22.822394384023788,9.0,30.0,1096.2780201872565,
stanowisko_9,autumn,20.0,RNA,4.0,50.86545993908762,22.822394384023788,9.0,30.0,310.7528000451264,
stanowisko_9,autumn,50.0,DNA,4.0,50.86545993908762,22.822394384023788,9.0,30.0,413.8867094932027,
stanowisko_9,autumn,50.0,RNA,4.0,50.86545993908762,22.822394384023788,9.0,30.0,499.38123148518457,
stanowisko_9,autumn,80.0,DNA,4.0,50.86545993908762,22.822394384023788,9.0,30.0,-14.903339297354023,
stanowisko_9,autumn,80.0,RNA,4.0,50.86545993908762,22.822394384023788,9.0,30.0,931.4000456893389,
stanowisko_9,autumn,20.0,DNA,5.0,50.86545993908762,22.822394384023788,9.0,35.0,234.43767018201993,
stanowisko_9,autumn,20.0,RNA,5.0,50.86545993908762,22.822394384023788,9.0,35.0,303.94001175424415,
stanowisko_9,autumn,50.0,DNA,5.0,50.86545993908762,22.822394384023788,9.0,35.0,421.00091377027434,
stanowisko_9,autumn,50.0,RNA,5.0,50.86545993908762,22.822394384023788,9.0,35.0,364.0733274011079,
stanowisko_9,autumn,80.0,DNA,5.0,50.86545993908762,22.822394384023788,9.0,35.0,-295.5097803519393,
stanowisko_9,autumn,80.0,RNA,5.0,50.86545993908762,22.822394384023788,9.0,35.0,576.3447843875867,
stanowisko_10,spring,20.0,DNA,1.0,52.35577032664666,22.077661632727825,8.0,15.0,764.6276252123529,
stanowisko_10,spring,20.0,RNA,1.0,52.35577032664666,22.077661632727825,8.0,15.0,313.47263130048793,
stanowisko_10,spring,50.0,DNA,1.0,52.35577032664666,22.077661632727825,8.0,15.0,617.6594013890967,
stanowisko_10,spring,50.0,RNA,1.0,52.35577032664666,22.077661632727825,8.0,15.0,363.2545656411951,
stanowisko_10,spring,80.0,DNA,1.0,52.35577032664666,22.077661632727825,8.0,15.0,734.5342422758406,
stanowisko_10,spring,80.0,RNA,1.0,52.35577032664666,22.077661632727825,8.0,15.0,790.1013571576227,
stanowisko_10,spring,20.0,DNA,2.0,52.35577032664666,22.077661632727825,12.0,13.0,521.7310193217116,
stanowisko_10,spring,20.0,RNA,2.0,52.35577032664666,22.077661632727825,12.0,13.0,778.2778468212737,
stanowisko_10,spring,50.0,DNA,2.0,52.35577032664666,22.077661632727825,12.0,13.0,981.0471400599696,
stanowisko_10,spring,50.0,RNA,2.0,52.35577032664666,22.077661632727825,12.0,13.0,663.248162909706,
stanowisko_10,spring,80.0,DNA,2.0,52.35577032664666,22.077661632727825,12.0,13.0,388.2134457794673,
stanowisko_10,spring,80.0,RNA,2.0,52.35577032664666,22.077661632727825,12.0,13.0,754.685073971264,
stanowisko_10,spring,20.0,DNA,3.0,52.35577032664666,22.077661632727825,14.0,9.0,407.7436793988299,
stanowisko_10,spring,20.0,RNA,3.0,52.35577032664666,22.077661632727825,14.0,9.0,511.502169205814,
stanowisko_10,spring,50.0,DNA,3.0,52.35577032664666,22.077661632727825,14.0,9.0,606.1388424444275,
stanowisko_10,spring,50.0,RNA,3.0,52.35577032664666,22.077661632727825,14.0,9.0,-51.87324670942155,
stanowisko_10,spring,80.0,DNA,3.0,52.35577032664666,22.077661632727825,14.0,9.0,591.6260020790229,
stanowisko_10,spring,80.0,RNA,3.0,52.35577032664666,22.077661632727825,14.0,9.0,359.6624975947984,
stanowisko_10,spring,20.0,DNA,4.0,52.35577032664666,22.077661632727825,15.0,7.0,611.7171900946205,
stanowisko_10,spring,20.0,RNA,4.0,52.35577032664666,22.077661632727825,15.0,7.0,361.75333867379,
stanowisko_10,spring,50.0,DNA,4.0,52.35577032664666,22.077661632727825,15.0,7.0,648.2659294786758,
stanowisko_10,spring,50.0,RNA,4.0,52.35577032664666,22.077661632727825,15.0,7.0,436.5324135633394,
stanowisko_10,spring,80.0,DNA,4.0,52.35577032664666,22.077661632727825,15.0,7.0,694.0837320443353,
stanowisko_10,spring,80.0,RNA,4.0,52.35577032664666,22.077661632727825,15.0,7.0,130.04073302573823,
stanowisko_10,spring,20.0,DNA,5.0,52.35577032664666,22.077661632727825,16.0,-7.0,615.8188158426813,
stanowisko_10,spring,20.0,RNA,5.0,52.35577032664666,22.077661632727825,16.0,-7.0,-152.389104530125,
stanowisko_10,spring,50.0,DNA,5.0,52.35577032664666,22.077661632727825,16.0,-7.0,123.11772283571105,
stanowisko_10,spring,50.0,RNA,5.0,52.35577032664666,22.077661632727825,16.0,-7.0,475.12371422288936,
stanowisko_10,spring,80.0,DNA,5.0,52.35577032664666,22.077661632727825,16.0,-7.0,-65.70341777357567,
stanowisko_10,spring,80.0,RNA,5.0,52.35577032664666,22.077661632727825,16.0,-7.0,583.2413057658404,
stanowisko_10,summer,20.0,DNA,1.0,52.35577032664666,22.077661632727825,29.0,65.0,1045.7055773053526,
stanowisko_10,summer,20.0,RNA,1.0,52.35577032664666,22.077661632727825,29.0,65.0,626.0202962655075,
stanowisko_10,summer,50.0,DNA,1.0,52.35577032664666,22.077661632727825,29.0,65.0,503.4300518689247,
stanowisko_10,summer,50.0,RNA,1.0,52.35577032664666,22.077661632727825,29.0,65.0,1170.4469781567136,
stanowisko_10,summer,80.0,DNA,1.0,52.35577032664666,22.077661632727825,29.0,65.0,657.5920861361013,
stanowisko_10,summer,80.0,RNA,1.0,52.35577032664666,22.077661632727825,29.0,65.0,495.32072514853064,
stanowisko_10,summer,20.0,DNA,2.0,52.35577032664666,22.077661632727825,25.0,55.0,589.7532626854195,
stanowisko_10,summer,20.0,RNA,2.0,52.35577032664666,22.077661632727825,25.0,55.0,452.74995135970306,
stanowisko_10,summer,50.0,DNA,2.0,52.35577032664666,22.077661632727825,25.0,55.0,228.81699954520252,
stanowisko_10,summer,50.0,RNA,2.0,52.35577032664666,22.077661632727825,25.0,55.0,421.67402349474077,
stanowisko_10,summer,80.0,DNA,2.0,52.35577032664666,22.077661632727825,25.0,55.0,47.76698143062936,
stanowisko_10,summer,80.0,RNA,2.0,52.35577032664666,22.077661632727825,25.0,55.0,591.0858593246949,
stanowisko_10,summer,20.0,DNA,3.0,52.35577032664666,22.077661632727825,28.0,40.0,526.153110936583,
stanowisko_10,summer,20.0,RNA,3.0,52.35577032664666,22.077661632727825,28.0,40.0,396.3071965290046,
stanowisko_10,summer,50.0,DNA,3.0,52.35577032664666,22.077661632727825,28.0,40.0,174.92750032516312,
stanowisko_10,summer,50.0,RNA,3.0,52.35577032664666,22.077661632727825,28.0,40.0,585.2309257664324,
stanowisko_10,summer,80.0,DNA,3.0,52.35577032664666,22.077661632727825,28.0,40.0,610.5348163454648,
stanowisko_10,summer,80.0,RNA,3.0,52.35577032664666,22.077661632727825,28.0,40.0,419.80007408224276,
stanowisko_10,summer,20.0,DNA,4.0,52.35577032664666,22.077661632727825,28.0,49.0,1174.3183218536908,
stanowisko_10,summer,20.0,RNA,4.0,52.35577032664666,22.077661632727825,28.0,49.0,562.791577125219,
stanowisko_10,summer,50.0,DNA,4.0,52.35577032664666,22.077661632727825,28.0,49.0,1150.6739989706682,
stanowisko_10,summer,50.0,RNA,4.0,52.35577032664666,22.077661632727825,28.0,49.0,563.9787685075783,
stanowisko_10,summer,80.0,DNA,4.0,52.35577032664666,22.077661632727825,28.0,49.0,684.2133319122829,
stanowisko_10,summer,80.0,RNA,4.0,52.35577032664666,22.077661632727825,28.0,49.0,304.696026790191,
stanowisko_10,summer,20.0,DNA,5.0,52.35577032664666,22.077661632727825,25.0,61.0,672.0685272897374,
stanowisko_10,summer,20.0,RNA,5.0,52.35577032664666,22.077661632727825,25.0,61.0,236.59476776563747,
stanowisko_10,summer,50.0,DNA,5.0,52.35577032664666,22.077661632727825,25.0,61.0,548.7362886675264,
stanowisko_10,summer,50.0,RNA,5.0,52.35577032664666,22.077661632727825,25.0,61.0,218.72875639813742,
stanowisko_10,summer,80.0,DNA,5.0,52.35577032664666,22.077661632727825,25.0,61.0,684.2184560125263,
stanowisko_10,summer,80.0,RNA,5.0,52.35577032664666,22.077661632727825,25.0,61.0,464.0601785594171,
stanowisko_10,autumn,20.0,DNA,1.0,52.35577032664666,22.077661632727825,16.0,42.0,270.1678245681233,
stanowisko_10,autumn,20.0,RNA,1.0,52.35577032664666,22.077661632727825,16.0,42.0,555.4693717905752,
stanowisko_10,autumn,50.0,DNA,1.0,52.35577032664666,22.077661632727825,16.0,42.0,1018.0887478009336,
stanowisko_10,autumn,50.0,RNA,1.0,52.35577032664666,22.077661632727825,16.0,42.0,674.243549398885,
stanowisko_10,autumn,80.0,DNA,1.0,52.35577032664666,22.077661632727825,16.0,42.0,434.1487203571359,
stanowisko_10,autumn,80.0,RNA,1.0,52.35577032664666,22.077661632727825,16.0,42.0,682.485557925005,
stanowisko_10,autumn,20.0,DNA,2.0,52.35577032664666,22.077661632727825,15.0,51.0,651.7550036277423,
stanowisko_10,autumn,20.0,RNA,2.0,52.35577032664666,22.077661632727825,15.0,51.0,925.51693432777,
stanowisko_10,autumn,50.0,DNA,2.0,52.35577032664666,22.077661632727825,15.0,51.0,507.57172689991023,
stanowisko_10,autumn,50.0,RNA,2.0,52.35577032664666,22.077661632727825,15.0,51.0,844.665867918575,
stanowisko_10,autumn,80.0,DNA,2.0,52.35577032664666,22.077661632727825,15.0,51.0,596.5986968289955,
stanowisko_10,autumn,80.0,RNA,2.0,52.35577032664666,22.077661632727825,15.0,51.0,542.5124707986822,
stanowisko_10,autumn,20.0,DNA,3.0,52.35577032664666,22.077661632727825,14.0,41.0,322.06923431806865,
stanowisko_10,autumn,20.0,RNA,3.0,52.35577032664666,22.077661632727825,14.0,41.0,362.07145229099797,
stanowisko_10,autumn,50.0,DNA,3.0,52.35577032664666,22.077661632727825,14.0,41.0,230.7484650865327,
stanowisko_10,autumn,50.0,RNA,3.0,52.35577032664666,22.077661632727825,14.0,41.0,125.84225982636963,
stanowisko_10,autumn,80.0,DNA,3.0,52.35577032664666,22.077661632727825,14.0,41.0,300.19161645205213,
stanowisko_10,autumn,80.0,RNA,3.0,52.35577032664666,22.077661632727825,14.0,41.0,520.3110733889607,
stanowisko_10,autumn,20.0,DNA,4.0,52.35577032664666,22.077661632727825,16.0,46.0,714.1921490077293,
stanowisko_10,autumn,20.0,RNA,4.0,52.35577032664666,22.077661632727825,16.0,46.0,1022.0325521062267,
stanowisko_10,autumn,50.0,DNA,4.0,52.35577032664666,22.077661632727825,16.0,46.0,572.1997160017456,
stanowisko_10,autumn,50.0,RNA,4.0,52.35577032664666,22.077661632727825,16.0,46.0,637.2481386513545,
stanowisko_10,autumn,80.0,DNA,4.0,52.35577032664666,22.077661632727825,16.0,46.0,445.73603534220615,
stanowisko_10,autumn,80.0,RNA,4.0,52.35577032664666,22.077661632727825,16.0,46.0,591.6618735365704,
stanowisko_10,autumn,20.0,DNA,5.0,52.35577032664666,220.77661632727825,12.0,40.0,1255.429059096925,
stanowisko_10,autumn,20.0,RNA,5.0,52.35577032664666,22.077661632727825,12.0,40.0,406.3749425128271,
stanowisko_10,autumn,50.0,DNA,5.0,52.35577032664666,22.077661632727825,12.0,40.0,1123.7472885019124,
stanowisko_10,autumn,50.0,RNA,5.0,52.35577032664666,22.077661632727825,12.0,40.0,-78.90029287969139,
stanowisko_10,autumn,80.0,DNA,5.0,52.35577032664666,22.077661632727825,12.0,40.0,1055.5979089839066,
stanowisko_10,autumn,80.0,RNA,5.0,52.35577032664666,22.077661632727825,12.0,40.0,275.58694639158557,
stanowisko_11,spring,20.0,DNA,1.0,50.03141868020383,22.355054476047915,10.0,70.0,-42.188815769304256,
stanowisko_11,spring,20.0,RNA,1.0,50.03141868020383,22.355054476047915,10.0,70.0,323.07968853378804,
stanowisko_11,spring,50.0,DNA,1.0,50.03141868020383,22.355054476047915,10.0,70.0,522.965551928371,Woda bardzo brudna
stanowisko_11,spring,50.0,RNA,1.0,50.03141868020383,22.355054476047915,10.0,70.0,677.0182993051942,Woda bardzo brudna
stanowisko_11,spring,80.0,DNA,1.0,50.03141868020383,22.355054476047915,10.0,70.0,335.6598342941767,
stanowisko_11,spring,80.0,RNA,1.0,50.03141868020383,22.355054476047915,10.0,70.0,548.0232306661269,
stanowisko_11,spring,20.0,DNA,2.0,50.03141868020383,22.355054476047915,7.0,78.0,177.28512316855063,
stanowisko_11,spring,20.0,RNA,2.0,50.03141868020383,22.355054476047915,7.0,78.0,800.4041560098786,
stanowisko_11,spring,50.0,DNA,2.0,50.03141868020383,22.355054476047915,7.0,78.0,829.0365202262119,
stanowisko_11,spring,50.0,RNA,2.0,50.03141868020383,22.355054476047915,7.0,78.0,521.9815818014382,
stanowisko_11,spring,80.0,DNA,2.0,50.03141868020383,22.355054476047915,7.0,78.0,466.82365218067696,
stanowisko_11,spring,80.0,RNA,2.0,50.03141868020383,22.355054476047915,7.0,78.0,800.1008933971884,
stanowisko_11,spring,20.0,DNA,3.0,50.03141868020383,22.355054476047915,11.0,70.0,802.4153689189759,
stanowisko_11,spring,20.0,RNA,3.0,50.03141868020383,22.355054476047915,11.0,70.0,707.594680383263,
stanowisko_11,spring,50.0,DNA,3.0,50.03141868020383,22.355054476047915,11.0,70.0,269.2552856122677,
stanowisko_11,spring,50.0,RNA,3.0,50.03141868020383,22.355054476047915,11.0,70.0,384.59219355617256,
stanowisko_11,spring,80.0,DNA,3.0,50.03141868020383,22.355054476047915,11.0,70.0,695.2651961987248,
stanowisko_11,spring,80.0,RNA,3.0,50.03141868020383,22.355054476047915,11.0,70.0,463.77795954609303,
stanowisko_11,spring,20.0,DNA,4.0,50.03141868020383,22.355054476047915,13.0,79.0,699.3468657106388,
stanowisko_11,spring,20.0,RNA,4.0,50.03141868020383,22.355054476047915,13.0,79.0,901.9718297538495,
stanowisko_11,spring,50.0,DNA,4.0,50.03141868020383,22.355054476047915,13.0,79.0,794.5090469852128,
stanowisko_11,spring,50.0,RNA,4.0,50.03141868020383,22.355054476047915,13.0,79.0,1080.5718470328393,
stanowisko_11,spring,80.0,DNA,4.0,50.03141868020383,22.355054476047915,13.0,79.0,196.42106017202076,
stanowisko_11,spring,80.0,RNA,4.0,50.03141868020383,22.355054476047915,13.0,79.0,846.6468024635502,
stanowisko_11,spring,20.0,DNA,5.0,50.03141868020383,22.355054476047915,10.0,87.0,151.9632600976159,
stanowisko_11,spring,20.0,RNA,5.0,50.03141868020383,22.355054476047915,10.0,87.0,619.2638223836518,
stanowisko_11,spring,50.0,DNA,5.0,50.03141868020383,22.355054476047915,10.0,87.0,564.8442958869133,
stanowisko_11,spring,50.0,RNA,5.0,50.03141868020383,22.355054476047915,10.0,87.0,-13.761571104043469,
stanowisko_11,spring,80.0,DNA,5.0,50.03141868020383,22.355054476047915,10.0,87.0,322.3748160263582,
stanowisko_11,spring,80.0,RNA,5.0,50.03141868020383,22.355054476047915,10.0,87.0,868.761632194125,
stanowisko_11,summer,20.0,DNA,1.0,50.03141868020383,22.355054476047915,20.0,69.0,55.45742888851055,
stanowisko_11,summer,20.0,RNA,1.0,50.03141868020383,22.355054476047915,20.0,69.0,349.9698702532065,
stanowisko_11,summer,50.0,DNA,1.0,5.003141868020383,22.355054476047915,20.0,69.0,444.69501249884894,
stanowisko_11,summer,50.0,RNA,1.0,50.03141868020383,22.355054476047915,20.0,69.0,740.2135964115571,
stanowisko_11,summer,80.0,DNA,1.0,50.03141868020383,22.355054476047915,20.0,69.0,476.26576699650127,
stanowisko_11,summer,80.0,RNA,1.0,50.03141868020383,22.355054476047915,20.0,69.0,217.54060439678574,
stanowisko_11,summer,20.0,DNA,2.0,50.03141868020383,22.355054476047915,16.0,67.0,-30.419981525853245,
stanowisko_11,summer,20.0,RNA,2.0,50.03141868020383,22.355054476047915,16.0,67.0,702.2583463575958,
stanowisko_11,summer,50.0,DNA,2.0,50.03141868020383,22.355054476047915,16.0,67.0,30.612670768064163,
stanowisko_11,summer,50.0,RNA,2.0,50.03141868020383,22.355054476047915,16.0,67.0,882.5336677459056,
stanowisko_11,summer,80.0,DNA,2.0,50.03141868020383,22.355054476047915,16.0,67.0,501.3236660791619,
stanowisko_11,summer,80.0,RNA,2.0,50.03141868020383,22.355054476047915,16.0,67.0,171.56175899644415,
stanowisko_11,summer,20.0,DNA,3.0,50.03141868020383,22.355054476047915,20.0,54.0,960.0260653093611,
stanowisko_11,summer,20.0,RNA,3.0,50.03141868020383,22.355054476047915,20.0,54.0,472.5000643437546,
stanowisko_11,summer,50.0,DNA,3.0,50.03141868020383,22.355054476047915,20.0,54.0,152.87239817804436,
stanowisko_11,summer,50.0,RNA,3.0,50.03141868020383,22.355054476047915,20.0,54.0,354.5223715538198,
stanowisko_11,summer,80.0,DNA,3.0,50.03141868020383,22.355054476047915,20.0,54.0,690.1636769155685,
stanowisko_11,summer,80.0,RNA,3.0,50.03141868020383,22.355054476047915,20.0,54.0,222.61627638247188,
stanowisko_11,summer,20.0,DNA,4.0,50.03141868020383,22.355054476047915,21.0,50.0,361.9303542214054,
stanowisko_11,summer,20.0,RNA,4.0,50.03141868020383,22.355054476047915,21.0,50.0,124.99722313942436,
stanowisko_11,summer,50.0,DNA,4.0,50.03141868020383,22.355054476047915,21.0,50.0,625.6803216497093,
stanowisko_11,summer,50.0,RNA,4.0,50.03141868020383,22.355054476047915,21.0,50.0,172.0842932273447,
stanowisko_11,summer,80.0,DNA,4.0,50.03141868020383,22.355054476047915,21.0,50.0,-69.3813308161424,
stanowisko_11,summer,80.0,RNA,4.0,50.03141868020383,22.355054476047915,21.0,50.0,763.0883531099048,
stanowisko_11,summer,20.0,DNA,5.0,50.03141868020383,22.355054476047915,25.0,45.0,637.5998805034423,
stanowisko_11,summer,20.0,RNA,5.0,50.03141868020383,22.355054476047915,25.0,45.0,564.9619766999934,
stanowisko_11,summer,50.0,DNA,5.0,50.03141868020383,22.355054476047915,25.0,45.0,424.3004757271071,
stanowisko_11,summer,50.0,RNA,5.0,50.03141868020383,22.355054476047915,25.0,45.0,185.19037731272527,
stanowisko_11,summer,80.0,DNA,5.0,50.03141868020383,22.355054476047915,25.0,45.0,69.57746099615963,
stanowisko_11,summer,80.0,RNA,5.0,50.03141868020383,22.355054476047915,25.0,45.0,838.1452261868371,
stanowisko_11,autumn,20.0,DNA,1.0,50.03141868020383,22.355054476047915,18.0,52.0,464.3614594206041,
stanowisko_11,autumn,20.0,RNA,1.0,50.03141868020383,22.355054476047915,18.0,52.0,574.7043741624454,
stanowisko_11,autumn,50.0,DNA,1.0,50.03141868020383,22.355054476047915,18.0,52.0,510.1785913205135,
stanowisko_11,autumn,50.0,RNA,1.0,50.03141868020383,22.355054476047915,18.0,52.0,412.40083516567086,
stanowisko_11,autumn,80.0,DNA,1.0,50.03141868020383,22.355054476047915,18.0,52.0,880.3737392506698,
stanowisko_11,autumn,80.0,RNA,1.0,50.03141868020383,22.355054476047915,18.0,52.0,484.87692289498017,
stanowisko_11,autumn,20.0,DNA,2.0,50.03141868020383,22.355054476047915,16.0,65.0,781.4304697162509,
stanowisko_11,autumn,20.0,RNA,2.0,50.03141868020383,22.355054476047915,16.0,65.0,571.0865452532181,
stanowisko_11,autumn,50.0,DNA,2.0,50.03141868020383,22.355054476047915,16.0,65.0,-82.78758718474592,Woda bardzo brudna
stanowisko_11,autumn,50.0,RNA,2.0,50.03141868020383,22.355054476047915,16.0,65.0,444.80190068603963,Woda bardzo brudna
stanowisko_11,autumn,80.0,DNA,2.0,50.03141868020383,22.355054476047915,16.0,65.0,690.0202436625793,
stanowisko_11,autumn,80.0,RNA,2.0,50.03141868020383,22.355054476047915,16.0,65.0,510.6121814161315,
stanowisko_11,autumn,20.0,DNA,3.0,50.03141868020383,22.355054476047915,12.0,67.0,147.34668580599725,
stanowisko_11,autumn,20.0,RNA,3.0,50.03141868020383,22.355054476047915,12.0,67.0,1109.9987533261524,
stanowisko_11,autumn,50.0,DNA,3.0,50.03141868020383,22.355054476047915,12.0,67.0,549.7998729836348,
stanowisko_11,autumn,50.0,RNA,3.0,50.03141868020383,22.355054476047915,12.0,67.0,527.0881437705428,
stanowisko_11,autumn,80.0,DNA,3.0,,22.355054476047915,12.0,67.0,406.5961561225059,
stanowisko_11,autumn,80.0,RNA,3.0,50.03141868020383,22.355054476047915,12.0,67.0,57.80453264386699,
stanowisko_11,autumn,20.0,DNA,4.0,50.03141868020383,22.355054476047915,13.0,55.0,621.8922097945989,
stanowisko_11,autumn,20.0,RNA,4.0,50.03141868020383,22.355054476047915,13.0,55.0,786.1815186299564,
stanowisko_11,autumn,50.0,DNA,4.0,50.03141868020383,22.355054476047915,13.0,55.0,900.938298301588,
stanowisko_11,autumn,50.0,RNA,4.0,50.03141868020383,22.355054476047915,13.0,55.0,601.5945050356306,
stanowisko_11,autumn,80.0,DNA,4.0,50.03141868020383,22.355054476047915,13.0,55.0,267.4665613282224,
stanowisko_11,autumn,80.0,RNA,4.0,50.03141868020383,22.355054476047915,13.0,55.0,653.4616603991642,
stanowisko_11,autumn,20.0,DNA,5.0,50.03141868020383,22.355054476047915,14.0,52.0,424.44125655807255,
stanowisko_11,autumn,20.0,RNA,5.0,50.03141868020383,22.355054476047915,14.0,52.0,259.0223775660445,
stanowisko_11,autumn,50.0,DNA,5.0,50.03141868020383,22.355054476047915,14.0,52.0,109.06405542293214,
stanowisko_11,autumn,50.0,RNA,5.0,50.03141868020383,22.355054476047915,14.0,52.0,637.3039762759063,
stanowisko_11,autumn,80.0,DNA,5.0,50.03141868020383,22.355054476047915,14.0,52.0,735.7396222652935,
stanowisko_11,autumn,80.0,RNA,5.0,50.03141868020383,22.355054476047915,14.0,52.0,-72.89982439030769,
stanowisko_12,spring,20.0,DNA,1.0,50.495823805834206,21.01827394277883,5.0,73.0,828.7598338034347,
stanowisko_12,spring,20.0,RNA,1.0,50.495823805834206,21.01827394277883,5.0,73.0,-25.051956118861426,
stanowisko_12,spring,50.0,DNA,1.0,50.495823805834206,21.01827394277883,5.0,73.0,433.4575613350438,
stanowisko_12,spring,50.0,RNA,1.0,50.495823805834206,21.01827394277883,5.0,73.0,-125.41560169245213,
stanowisko_12,spring,80.0,DNA,1.0,50.495823805834206,21.01827394277883,5.0,73.0,657.2002481220577,
stanowisko_12,spring,80.0,RNA,1.0,50.495823805834206,21.01827394277883,5.0,73.0,98.91477024724958,
stanowisko_12,spring,20.0,DNA,2.0,50.495823805834206,21.01827394277883,9.0,75.0,-45.16955412392201,
stanowisko_12,spring,20.0,RNA,2.0,50.495823805834206,21.01827394277883,9.0,75.0,520.6428489418751,
stanowisko_12,spring,50.0,DNA,2.0,50.495823805834206,21.01827394277883,9.0,75.0,472.091553232454,
stanowisko_12,spring,50.0,RNA,2.0,50.495823805834206,21.01827394277883,9.0,75.0,158.0442074737628,
stanowisko_12,spring,80.0,DNA,2.0,50.495823805834206,21.01827394277883,9.0,75.0,714.9058074535834,
stanowisko_12,spring,80.0,RNA,2.0,50.495823805834206,21.01827394277883,9.0,75.0,597.5464164231643,
stanowisko_12,spring,20.0,DNA,3.0,50.495823805834206,21.01827394277883,6.0,85.0,795.6572522864128,
stanowisko_12,spring,20.0,RNA,3.0,50.495823805834206,21.01827394277883,6.0,85.0,419.8585011721101,
stanowisko_12,spring,50.0,DNA,3.0,50.495823805834206,21.01827394277883,6.0,85.0,655.6599113524424,Woda bardzo brudna
stanowisko_12,spring,50.0,RNA,3.0,50.495823805834206,21.01827394277883,6.0,85.0,453.3262814738986,Woda bardzo brudna
stanowisko_12,spring,80.0,DNA,3.0,50.495823805834206,21.01827394277883,6.0,85.0,1060.3927382243942,
stanowisko_12,spring,80.0,RNA,3.0,50.495823805834206,21.01827394277883,6.0,85.0,782.7263194105433,
stanowisko_12,spring,20.0,DNA,4.0,50.495823805834206,21.01827394277883,6.0,74.0,26.13927114698265,
stanowisko_12,spring,20.0,RNA,4.0,50.495823805834206,21.01827394277883,6.0,74.0,1120.9584200571317,
stanowisko_12,spring,50.0,DNA,4.0,50.495823805834206,21.01827394277883,6.0,74.0,726.6658546759165,
stanowisko_12,spring,50.0,RNA,4.0,50.495823805834206,21.01827394277883,6.0,74.0,507.1823961931989,
stanowisko_12,spring,80.0,DNA,4.0,50.495823805834206,21.01827394277883,6.0,74.0,-293.875634270819,
stanowisko_12,spring,80.0,RNA,4.0,50.495823805834206,21.01827394277883,6.0,74.0,-97.86321122220636,
stanowisko_12,spring,20.0,DNA,5.0,50.495823805834206,21.01827394277883,7.0,85.0,644.6146486672908,
stanowisko_12,spring,20.0,RNA,5.0,50.495823805834206,21.01827394277883,7.0,85.0,1119.6073529601413,
stanowisko_12,spring,50.0,DNA,5.0,50.495823805834206,21.01827394277883,7.0,85.0,245.65769995157407,
stanowisko_12,spring,50.0,RNA,5.0,50.495823805834206,21.01827394277883,7.0,85.0,769.089738343064,
stanowisko_12,spring,80.0,DNA,5.0,50.495823805834206,21.01827394277883,7.0,85.0,583.2743508576708,
stanowisko_12,spring,80.0,RNA,5.0,50.495823805834206,21.01827394277883,7.0,85.0,186.02920114949228,
stanowisko_12,summer,20.0,DNA,1.0,50.495823805834206,21.01827394277883,30.0,62.0,743.6464002853861,
stanowisko_12,summer,20.0,RNA,1.0,50.495823805834206,21.01827394277883,30.0,62.0,457.5408719322821,
stanowisko_12,summer,50.0,DNA,1.0,50.495823805834206,21.01827394277883,30.0,62.0,628.8421207206686,
stanowisko_12,summer,50.0,RNA,1.0,50.495823805834206,21.01827394277883,30.0,62.0,402.4264422877067,
stanowisko_12,summer,80.0,DNA,1.0,50.495823805834206,21.01827394277883,30.0,62.0,481.41694987732217,
stanowisko_12,summer,80.0,RNA,1.0,50.495823805834206,21.01827394277883,30.0,62.0,-148.0900649195272,
stanowisko_12,summer,20.0,DNA,2.0,50.495823805834206,21.01827394277883,34.0,60.0,716.3585220893505,
stanowisko_12,summer,20.0,RNA,2.0,50.495823805834206,21.01827394277883,34.0,60.0,509.50663574937664,
stanowisko_12,summer,50.0,DNA,2.0,50.495823805834206,21.01827394277883,34.0,60.0,66.21051573289674,
stanowisko_12,summer,50.0,RNA,2.0,50.495823805834206,21.01827394277883,34.0,60.0,79.8082686435273,
stanowisko_12,summer,80.0,DNA,2.0,50.495823805834206,21.01827394277883,34.0,60.0,526.746082035749,
stanowisko_12,summer,80.0,RNA,2.0,50.495823805834206,21.01827394277883,34.0,60.0,331.199171900107,
stanowisko_12,summer,20.0,DNA,3.0,50.495823805834206,21.01827394277883,38.0,55.0,1092.8267916465988,
stanowisko_12,summer,20.0,RNA,3.0,50.495823805834206,21.01827394277883,38.0,55.0,605.9794207676507,
stanowisko_12,summer,50.0,DNA,3.0,50.495823805834206,21.01827394277883,311.0,55.0,146.46404992256396,
stanowisko_12,summer,50.0,RNA,3.0,50.495823805834206,21.01827394277883,38.0,55.0,1280.3298863793666,
stanowisko_12,summer,80.0,DNA,3.0,50.495823805834206,21.01827394277883,38.0,55.0,688.8808061439802,
stanowisko_12,summer,80.0,RNA,3.0,50.495823805834206,21.01827394277883,38.0,55.0,154.79003111012833,
stanowisko_12,summer,20.0,DNA,4.0,50.495823805834206,21.01827394277883,38.0,65.0,979.9170795720727,
stanowisko_12,summer,20.0,RNA,4.0,50.495823805834206,21.01827394277883,38.0,65.0,639.290765099168,
stanowisko_12,summer,50.0,DNA,4.0,50.495823805834206,21.01827394277883,38.0,65.0,755.0140304692652,
stanowisko_12,summer,50.0,RNA,4.0,50.495823805834206,21.01827394277883,38.0,65.0,460.9448727349028,
stanowisko_12,summer,80.0,DNA,4.0,50.495823805834206,21.01827394277883,38.0,65.0,1293.2157456585105,
stanowisko_12,summer,80.0,RNA,4.0,50.495823805834206,21.01827394277883,38.0,65.0,1240.958707799262,
stanowisko_12,summer,20.0,DNA,5.0,50.495823805834206,21.01827394277883,34.0,55.0,249.90467338216402,
stanowisko_12,summer,20.0,RNA,5.0,50.495823805834206,21.01827394277883,34.0,55.0,628.4526147562842,
stanowisko_12,summer,50.0,DNA,5.0,50.495823805834206,21.01827394277883,34.0,55.0,718.8437155612144,
stanowisko_12,summer,50.0,RNA,5.0,50.495823805834206,21.01827394277883,34.0,55.0,714.3074649563574,
stanowisko_12,summer,80.0,DNA,5.0,50.495823805834206,21.01827394277883,34.0,55.0,129.94664624009692,
stanowisko_12,summer,80.0,RNA,5.0,50.495823805834206,21.01827394277883,34.0,55.0,469.09239636299196,
stanowisko_12,autumn,20.0,DNA,1.0,50.495823805834206,21.01827394277883,21.0,41.0,453.18293780199093,
stanowisko_12,autumn,20.0,RNA,1.0,50.495823805834206,21.01827394277883,21.0,41.0,-13.221151433452974,
stanowisko_12,autumn,50.0,DNA,1.0,50.495823805834206,21.01827394277883,21.0,41.0,920.984468918439,
stanowisko_12,autumn,50.0,RNA,1.0,50.495823805834206,21.01827394277883,21.0,41.0,13.499092467345406,
stanowisko_12,autumn,80.0,DNA,1.0,50.495823805834206,21.01827394277883,21.0,41.0,632.4513471195671,
stanowisko_12,autumn,80.0,RNA,1.0,50.495823805834206,21.01827394277883,21.0,41.0,700.4650019987643,
stanowisko_12,autumn,20.0,DNA,2.0,50.495823805834206,21.01827394277883,24.0,30.0,635.249433299787,
stanowisko_12,autumn,20.0,RNA,2.0,50.495823805834206,21.01827394277883,24.0,30.0,187.2551323679707,
stanowisko_12,autumn,50.0,DNA,2.0,50.495823805834206,21.01827394277883,24.0,30.0,786.2785249894057,
stanowisko_12,autumn,50.0,RNA,2.0,50.495823805834206,21.01827394277883,24.0,30.0,770.3149029542609,
stanowisko_12,autumn,80.0,DNA,2.0,50.495823805834206,21.01827394277883,24.0,30.0,744.8664307399486,
stanowisko_12,autumn,80.0,RNA,2.0,50.495823805834206,21.01827394277883,24.0,30.0,702.1090001414952,
stanowisko_12,autumn,20.0,DNA,3.0,50.495823805834206,21.01827394277883,27.0,41.0,953.8280262649143,
stanowisko_12,autumn,20.0,RNA,3.0,50.495823805834206,21.01827394277883,27.0,41.0,780.7508550173435,
stanowisko_12,autumn,50.0,DNA,3.0,50.495823805834206,21.01827394277883,27.0,41.0,298.39498444309686,
stanowisko_12,autumn,50.0,RNA,3.0,50.495823805834206,21.01827394277883,27.0,41.0,371.49992404228794,
stanowisko_12,autumn,80.0,DNA,3.0,50.495823805834206,21.01827394277883,27.0,41.0,753.0691973396569,
stanowisko_12,autumn,80.0,RNA,3.0,50.495823805834206,21.01827394277883,27.0,41.0,588.5223180324152,
stanowisko_12,autumn,20.0,DNA,4.0,50.495823805834206,21.01827394277883,31.0,45.0,391.4495912512391,
stanowisko_12,autumn,20.0,RNA,4.0,50.495823805834206,21.01827394277883,31.0,45.0,447.53810875620724,
stanowisko_12,autumn,50.0,DNA,4.0,50.495823805834206,21.01827394277883,31.0,45.0,231.4459471448473,
stanowisko_12,autumn,50.0,RNA,4.0,50.495823805834206,21.01827394277883,31.0,45.0,574.8708306612119,
stanowisko_12,autumn,80.0,DNA,4.0,50.495823805834206,21.01827394277883,31.0,45.0,488.3632369406494,
stanowisko_12,autumn,80.0,RNA,4.0,50.495823805834206,21.01827394277883,31.0,45.0,-155.8811609667215,
stanowisko_12,autumn,20.0,DNA,5.0,50.495823805834206,21.01827394277883,32.0,50.0,290.72260120114026,
stanowisko_12,autumn,20.0,RNA,5.0,50.495823805834206,21.01827394277883,32.0,50.0,507.8919743394817,
stanowisko_12,autumn,50.0,DNA,5.0,50.495823805834206,21.01827394277883,32.0,50.0,835.5822755635536,
stanowisko_12,autumn,50.0,RNA,5.0,50.495823805834206,21.01827394277883,32.0,50.0,536.9672168926637,
stanowisko_12,autumn,80.0,DNA,5.0,50.495823805834206,21.01827394277883,32.0,50.0,121.45178900454994,
stanowisko_12,autumn,80.0,RNA,5.0,50.495823805834206,21.01827394277883,32.0,50.0,985.8784545813614,
stanowisko_13,spring,20.0,DNA,1.0,51.69461164456139,15.468611367158232,21.0,74.0,499.1470363558371,
stanowisko_13,spring,20.0,RNA,1.0,51.69461164456139,15.468611367158232,21.0,74.0,332.22920979384844,
stanowisko_13,spring,50.0,DNA,1.0,51.69461164456139,15.468611367158232,21.0,74.0,692.3848005115565,
stanowisko_13,spring,50.0,RNA,1.0,51.69461164456139,15.468611367158232,21.0,74.0,603.018284641245,
stanowisko_13,spring,80.0,DNA,1.0,51.69461164456139,15.468611367158232,21.0,74.0,136.0515559457698,
stanowisko_13,spring,80.0,RNA,1.0,51.69461164456139,15.468611367158232,21.0,74.0,909.1478016711375,
stanowisko_13,spring,20.0,DNA,2.0,51.69461164456139,15.468611367158232,25.0,62.0,629.9922451204377,
stanowisko_13,spring,20.0,RNA,2.0,51.69461164456139,15.468611367158232,25.0,62.0,312.16489680769666,
stanowisko_13,spring,50.0,DNA,2.0,51.69461164456139,15.468611367158232,25.0,62.0,161.6842648762389,
stanowisko_13,spring,50.0,RNA,2.0,51.69461164456139,15.468611367158232,25.0,62.0,449.76448594163367,
stanowisko_13,spring,80.0,DNA,2.0,51.69461164456139,15.468611367158232,25.0,62.0,417.2070715383401,
stanowisko_13,spring,80.0,RNA,2.0,51.69461164456139,15.468611367158232,25.0,62.0,507.6733104979984,
stanowisko_13,spring,20.0,DNA,3.0,51.69461164456139,15.468611367158232,22.0,55.0,542.4108842200619,
stanowisko_13,spring,20.0,RNA,3.0,51.69461164456139,15.468611367158232,22.0,55.0,550.3270631668277,
stanowisko_13,spring,50.0,DNA,3.0,51.69461164456139,15.468611367158232,22.0,55.0,661.9035085519205,
stanowisko_13,spring,50.0,RNA,3.0,51.69461164456139,15.468611367158232,22.0,55.0,162.10055534435924,
stanowisko_13,spring,80.0,DNA,3.0,51.69461164456139,15.468611367158232,22.0,55.0,385.1617397191894,
stanowisko_13,spring,80.0,RNA,3.0,51.69461164456139,15.468611367158232,22.0,55.0,288.4070868177355,
stanowisko_13,spring,20.0,DNA,4.0,51.69461164456139,15.468611367158232,20.0,65.0,441.5955565490775,
stanowisko_13,spring,20.0,RNA,4.0,51.69461164456139,15.468611367158232,20.0,65.0,960.174109167916,
stanowisko_13,spring,50.0,DNA,4.0,51.69461164456139,15.468611367158232,20.0,65.0,392.10665634194925,
stanowisko_13,spring,50.0,RNA,4.0,51.69461164456139,15.468611367158232,20.0,65.0,429.3315038360997,
stanowisko_13,spring,80.0,DNA,4.0,51.69461164456139,15.468611367158232,20.0,65.0,440.6720017797254,
stanowisko_13,spring,80.0,RNA,4.0,51.69461164456139,15.468611367158232,20.0,65.0,411.33140425249724,
stanowisko_13,spring,20.0,DNA,5.0,51.69461164456139,15.468611367158232,21.0,53.0,566.649403624078,
stanowisko_13,spring,20.0,RNA,5.0,51.69461164456139,15.468611367158232,21.0,53.0,427.4669559335306,
stanowisko_13,spring,50.0,DNA,5.0,51.69461164456139,15.468611367158232,21.0,53.0,644.9100842084622,
stanowisko_13,spring,50.0,RNA,5.0,51.69461164456139,15.468611367158232,21.0,53.0,649.9778186860015,
stanowisko_13,spring,80.0,DNA,5.0,51.69461164456139,15.468611367158232,21.0,53.0,387.34328071460016,
stanowisko_13,spring,80.0,RNA,5.0,51.69461164456139,15.468611367158232,21.0,53.0,-50.8528094098715,
stanowisko_13,summer,20.0,DNA,1.0,51.69461164456139,15.468611367158232,24.0,36.0,1094.7298957702371,
stanowisko_13,summer,20.0,RNA,1.0,51.69461164456139,15.468611367158232,24.0,36.0,675.6507650257842,
stanowisko_13,summer,50.0,DNA,1.0,51.69461164456139,15.468611367158232,24.0,36.0,593.5188399628119,
stanowisko_13,summer,50.0,RNA,1.0,51.69461164456139,15.468611367158232,24.0,36.0,1073.944958506138,
stanowisko_13,summer,80.0,DNA,1.0,51.69461164456139,15.468611367158232,24.0,36.0,924.2013389440518,
stanowisko_13,summer,80.0,RNA,1.0,51.69461164456139,15.468611367158232,24.0,36.0,231.83389694277474,
stanowisko_13,summer,20.0,DNA,2.0,51.69461164456139,15.468611367158232,23.0,30.0,406.232256556237,
stanowisko_13,summer,20.0,RNA,2.0,51.69461164456139,15.468611367158232,23.0,30.0,312.12044762448295,
stanowisko_13,summer,50.0,DNA,2.0,51.69461164456139,15.468611367158232,23.0,30.0,381.51173153189245,
stanowisko_13,summer,50.0,RNA,2.0,51.69461164456139,15.468611367158232,23.0,30.0,615.5029179036299,
stanowisko_13,summer,80.0,DNA,2.0,51.69461164456139,15.468611367158232,23.0,30.0,876.414815984595,
stanowisko_13,summer,80.0,RNA,2.0,516.9461164456139,15.468611367158232,23.0,30.0,419.26665801589826,
stanowisko_13,summer,20.0,DNA,3.0,51.69461164456139,15.468611367158232,24.0,41.0,531.7330573503756,
stanowisko_13,summer,20.0,RNA,3.0,51.69461164456139,15.468611367158232,24.0,41.0,569.565127678306,
stanowisko_13,summer,50.0,DNA,3.0,51.69461164456139,15.468611367158232,24.0,41.0,784.2767624428191,
stanowisko_13,summer,50.0,RNA,3.0,51.69461164456139,15.468611367158232,24.0,41.0,362.55671478597685,
stanowisko_13,summer,80.0,DNA,3.0,51.69461164456139,15.468611367158232,24.0,41.0,630.4181339608284,
stanowisko_13,summer,80.0,RNA,3.0,51.69461164456139,15.468611367158232,24.0,41.0,845.2634572600407,
stanowisko_13,summer,20.0,DNA,4.0,51.69461164456139,15.468611367158232,20.0,55.0,949.3800819563934,
stanowisko_13,summer,20.0,RNA,4.0,51.69461164456139,15.468611367158232,20.0,55.0,445.01189374852737,
stanowisko_13,summer,50.0,DNA,4.0,51.69461164456139,15.468611367158232,20.0,55.0,247.32151073916006,
stanowisko_13,summer,50.0,RNA,4.0,51.69461164456139,,20.0,55.0,760.7694752505427,
stanowisko_13,summer,80.0,DNA,4.0,51.69461164456139,15.468611367158232,20.0,55.0,124.81940812701481,
stanowisko_13,summer,80.0,RNA,4.0,51.69461164456139,15.468611367158232,20.0,55.0,922.3275855525602,
stanowisko_13,summer,20.0,DNA,5.0,51.69461164456139,15.468611367158232,22.0,59.0,1207.110402626448,
stanowisko_13,summer,20.0,RNA,5.0,51.69461164456139,15.468611367158232,22.0,59.0,1176.4384865922495,
stanowisko_13,summer,50.0,DNA,5.0,51.69461164456139,15.468611367158232,22.0,59.0,49.53132928701291,
stanowisko_13,summer,50.0,RNA,5.0,51.69461164456139,15.468611367158232,22.0,59.0,37.30376158567435,
stanowisko_13,summer,80.0,DNA,5.0,51.69461164456139,15.468611367158232,22.0,59.0,443.62340116897155,
stanowisko_13,summer,80.0,RNA,5.0,51.69461164456139,15.468611367158232,22.0,59.0,733.7147128066234,
stanowisko_13,autumn,20.0,DNA,1.0,51.69461164456139,15.468611367158232,8.0,64.0,887.4760657774824,
stanowisko_13,autumn,20.0,RNA,1.0,51.69461164456139,15.468611367158232,8.0,64.0,455.9322440039781,
stanowisko_13,autumn,50.0,DNA,1.0,51.69461164456139,15.468611367158232,8.0,64.0,940.9831508621479,
stanowisko_13,autumn,50.0,RNA,1.0,51.69461164456139,15.468611367158232,8.0,64.0,725.4509198833355,
stanowisko_13,autumn,80.0,DNA,1.0,51.69461164456139,15.468611367158232,8.0,64.0,169.82899253089153,
stanowisko_13,autumn,80.0,RNA,1.0,51.69461164456139,15.468611367158232,8.0,64.0,751.85216362977,
stanowisko_13,autumn,20.0,DNA,2.0,51.69461164456139,15.468611367158232,9.0,54.0,626.8518567069109,
stanowisko_13,autumn,20.0,RNA,2.0,51.69461164456139,15.468611367158232,9.0,54.0,1039.7277343750916,
stanowisko_13,autumn,50.0,DNA,2.0,51.69461164456139,15.468611367158232,9.0,54.0,263.12790547186955,
stanowisko_13,autumn,50.0,RNA,2.0,51.69461164456139,15.468611367158232,9.0,54.0,584.7774430458777,
stanowisko_13,autumn,80.0,DNA,2.0,51.69461164456139,15.468611367158232,9.0,54.0,897.3286391338555,
stanowisko_13,autumn,80.0,RNA,2.0,51.69461164456139,15.468611367158232,9.0,54.0,295.19608572342656,
stanowisko_13,autumn,20.0,DNA,3.0,51.69461164456139,15.468611367158232,8.0,52.0,551.1141718371698,
stanowisko_13,autumn,20.0,RNA,3.0,51.69461164456139,15.468611367158232,8.0,52.0,485.4369147210256,
stanowisko_13,autumn,50.0,DNA,3.0,51.69461164456139,15.468611367158232,8.0,52.0,104.6686662545793,
stanowisko_13,autumn,50.0,RNA,3.0,51.69461164456139,15.468611367158232,8.0,52.0,796.0555809325306,
stanowisko_13,autumn,80.0,DNA,3.0,51.69461164456139,15.468611367158232,8.0,52.0,668.6339268579718,
stanowisko_13,autumn,80.0,RNA,3.0,51.69461164456139,15.468611367158232,8.0,52.0,679.2997087954736,
stanowisko_13,autumn,20.0,DNA,4.0,51.69461164456139,15.468611367158232,9.0,49.0,926.9989100003847,
stanowisko_13,autumn,20.0,RNA,4.0,51.69461164456139,15.468611367158232,9.0,49.0,525.6699763268124,
stanowisko_13,autumn,50.0,DNA,4.0,51.69461164456139,15.468611367158232,9.0,49.0,912.8066799600774,
stanowisko_13,autumn,50.0,RNA,4.0,51.69461164456139,15.468611367158232,9.0,49.0,627.4640297674518,
stanowisko_13,autumn,80.0,DNA,4.0,51.69461164456139,15.468611367158232,9.0,49.0,-2.194041911995498,
stanowisko_13,autumn,80.0,RNA,4.0,51.69461164456139,15.468611367158232,9.0,49.0,824.2450872810608,
stanowisko_13,autumn,20.0,DNA,5.0,51.69461164456139,15.468611367158232,9.0,58.0,128.11934485084913,
stanowisko_13,autumn,20.0,RNA,5.0,51.69461164456139,15.468611367158232,9.0,58.0,-239.61316317166336,
stanowisko_13,autumn,50.0,DNA,5.0,51.69461164456139,15.468611367158232,9.0,58.0,556.5277746997796,
stanowisko_13,autumn,50.0,RNA,5.0,51.69461164456139,15.468611367158232,9.0,58.0,33.7899913341102,
stanowisko_13,autumn,80.0,DNA,5.0,51.69461164456139,15.468611367158232,9.0,58.0,124.71192796751393,
stanowisko_13,autumn,80.0,RNA,5.0,51.69461164456139,15.468611367158232,9.0,58.0,912.2396120147631,
stanowisko_14,spring,20.0,DNA,1.0,52.3149234124798,15.491899555469818,15.0,58.0,688.0411806956392,
stanowisko_14,spring,20.0,RNA,1.0,52.3149234124798,15.491899555469818,15.0,58.0,481.6202520644974,
stanowisko_14,spring,50.0,DNA,1.0,52.3149234124798,15.491899555469818,15.0,58.0,530.7157094327248,
stanowisko_14,spring,50.0,RNA,1.0,52.3149234124798,15.491899555469818,15.0,58.0,308.76029161208015,
stanowisko_14,spring,80.0,DNA,1.0,52.3149234124798,15.491899555469818,15.0,58.0,557.2153828705018,
stanowisko_14,spring,80.0,RNA,1.0,52.3149234124798,15.491899555469818,15.0,58.0,32.399485947591586,
stanowisko_14,spring,20.0,DNA,2.0,52.3149234124798,15.491899555469818,19.0,60.0,330.7086120769313,
stanowisko_14,spring,20.0,RNA,2.0,52.3149234124798,15.491899555469818,19.0,60.0,516.7669419233979,
stanowisko_14,spring,50.0,DNA,2.0,52.3149234124798,15.491899555469818,19.0,60.0,254.39934131072135,
stanowisko_14,spring,50.0,RNA,2.0,52.3149234124798,15.491899555469818,19.0,60.0,567.7796169273031,
stanowisko_14,spring,80.0,DNA,2.0,52.3149234124798,15.491899555469818,19.0,60.0,1253.5477666593947,
stanowisko_14,spring,80.0,RNA,2.0,52.3149234124798,15.491899555469818,19.0,60.0,806.1470627934648,
stanowisko_14,spring,20.0,DNA,3.0,52.3149234124798,15.491899555469818,20.0,70.0,653.4272089611825,
stanowisko_14,spring,20.0,RNA,3.0,52.3149234124798,15.491899555469818,20.0,70.0,510.10951254299675,
stanowisko_14,spring,50.0,DNA,3.0,52.3149234124798,15.491899555469818,20.0,70.0,315.88805751342335,
stanowisko_14,spring,50.0,RNA,3.0,52.3149234124798,15.491899555469818,20.0,70.0,322.4820725583995,
stanowisko_14,spring,80.0,DNA,3.0,52.3149234124798,15.491899555469818,20.0,70.0,621.2510282977053,
stanowisko_14,spring,80.0,RNA,3.0,52.3149234124798,15.491899555469818,20.0,70.0,577.9601264500408,
stanowisko_14,spring,20.0,DNA,4.0,52.3149234124798,15.491899555469818,19.0,69.0,605.6175494029927,
stanowisko_14,spring,20.0,RNA,4.0,52.3149234124798,15.491899555469818,19.0,69.0,1349.1653717489062,
stanowisko_14,spring,50.0,DNA,4.0,52.3149234124798,15.491899555469818,19.0,69.0,-98.24288653032386,
stanowisko_14,spring,50.0,RNA,4.0,52.3149234124798,15.491899555469818,19.0,69.0,295.2395837414983,
stanowisko_14,spring,80.0,DNA,4.0,52.3149234124798,15.491899555469818,19.0,69.0,377.5998726979849,
stanowisko_14,spring,80.0,RNA,4.0,52.3149234124798,15.491899555469818,19.0,69.0,676.5770860050693,
stanowisko_14,spring,20.0,DNA,5.0,52.3149234124798,15.491899555469818,19.0,55.0,342.37725857277707,
stanowisko_14,spring,20.0,RNA,5.0,52.3149234124798,15.491899555469818,19.0,55.0,226.25454460408696,
stanowisko_14,spring,50.0,DNA,5.0,52.3149234124798,15.491899555469818,19.0,55.0,387.1740750384778,
stanowisko_14,spring,50.0,RNA,5.0,52.3149234124798,15.491899555469818,19.0,55.0,712.8344047255307,
stanowisko_14,spring,80.0,DNA,5.0,52.3149234124798,15.491899555469818,19.0,55.0,958.466677193768,
stanowisko_14,spring,80.0,RNA,5.0,52.3149234124798,15.491899555469818,19.0,55.0,829.5072517718877,
stanowisko_14,summer,20.0,DNA,1.0,52.3149234124798,15.491899555469818,19.0,67.0,306.63619646403913,
stanowisko_14,summer,20.0,RNA,1.0,52.3149234124798,15.491899555469818,19.0,67.0,835.3395434092142,
stanowisko_14,summer,50.0,DNA,1.0,52.3149234124798,15.491899555469818,19.0,67.0,1012.4966943216591,
stanowisko_14,summer,50.0,RNA,1.0,52.3149234124798,15.491899555469818,19.0,67.0,400.234370500251,
stanowisko_14,summer,80.0,DNA,1.0,52.3149234124798,15.491899555469818,19.0,67.0,354.40866636063413,
stanowisko_14,summer,80.0,RNA,1.0,52.3149234124798,15.491899555469818,19.0,67.0,45.95387272338496,
stanowisko_14,summer,20.0,DNA,2.0,52.3149234124798,15.491899555469818,20.0,59.0,689.754510858048,
stanowisko_14,summer,20.0,RNA,2.0,52.3149234124798,15.491899555469818,20.0,59.0,424.1123954659846,
stanowisko_14,summer,50.0,DNA,2.0,52.3149234124798,15.491899555469818,20.0,59.0,469.30308260910147,
stanowisko_14,summer,50.0,RNA,2.0,52.3149234124798,15.491899555469818,20.0,59.0,342.4400979636172,
stanowisko_14,summer,80.0,DNA,2.0,52.3149234124798,15.491899555469818,20.0,59.0,798.8397973119061,
stanowisko_14,summer,80.0,RNA,2.0,52.3149234124798,15.491899555469818,20.0,59.0,383.71507578880886,
stanowisko_14,summer,20.0,DNA,3.0,52.3149234124798,15.491899555469818,24.0,66.0,331.76852380613695,
stanowisko_14,summer,20.0,RNA,3.0,52.3149234124798,15.491899555469818,24.0,66.0,516.1207512011212,
stanowisko_14,summer,50.0,DNA,3.0,52.3149234124798,15.491899555469818,24.0,66.0,622.350410698371,
stanowisko_14,summer,50.0,RNA,3.0,52.3149234124798,15.491899555469818,24.0,66.0,178.16900177192218,
stanowisko_14,summer,80.0,DNA,3.0,52.3149234124798,15.491899555469818,24.0,66.0,285.6499977172897,
stanowisko_14,summer,80.0,RNA,3.0,52.3149234124798,15.491899555469818,24.0,66.0,441.2673852396214,
stanowisko_14,summer,20.0,DNA,4.0,52.3149234124798,15.491899555469818,20.0,66.0,586.5365254626792,
stanowisko_14,summer,20.0,RNA,4.0,52.3149234124798,15.491899555469818,20.0,66.0,815.366932736649,
stanowisko_14,summer,50.0,DNA,4.0,52.3149234124798,15.491899555469818,20.0,66.0,68.86062927957437,
stanowisko_14,summer,50.0,RNA,4.0,52.3149234124798,15.491899555469818,20.0,66.0,643.4437929967712,
stanowisko_14,summer,80.0,DNA,4.0,52.3149234124798,15.491899555469818,20.0,66.0,216.56510264493767,
stanowisko_14,summer,80.0,RNA,4.0,52.3149234124798,15.491899555469818,20.0,66.0,966.3608807648445,
stanowisko_14,summer,20.0,DNA,5.0,52.3149234124798,15.491899555469818,20.0,74.0,223.52044212119415,
stanowisko_14,summer,20.0,RNA,5.0,52.3149234124798,15.491899555469818,20.0,74.0,286.27799756673664,
stanowisko_14,summer,50.0,DNA,5.0,52.3149234124798,15.491899555469818,20.0,74.0,405.4947987396753,
stanowisko_14,summer,50.0,RNA,5.0,52.3149234124798,15.491899555469818,20.0,74.0,468.31929794509585,
stanowisko_14,summer,80.0,DNA,5.0,52.3149234124798,15.491899555469818,20.0,74.0,504.44592574894983,
stanowisko_14,summer,80.0,RNA,5.0,52.3149234124798,15.491899555469818,20.0,74.0,453.86994894596154,
stanowisko_14,autumn,20.0,DNA,1.0,52.3149234124798,15.491899555469818,9.0,37.0,204.57780112463774,
stanowisko_14,autumn,20.0,RNA,1.0,52.3149234124798,15.491899555469818,9.0,37.0,631.6920941072535,
stanowisko_14,autumn,50.0,DNA,1.0,52.3149234124798,15.491899555469818,9.0,37.0,935.8904613585939,
stanowisko_14,autumn,50.0,RNA,1.0,52.3149234124798,15.491899555469818,9.0,37.0,321.7053710473115,
stanowisko_14,autumn,80.0,DNA,1.0,52.3149234124798,15.491899555469818,9.0,37.0,415.48115054453996,
stanowisko_14,autumn,80.0,RNA,1.0,52.3149234124798,15.491899555469818,9.0,37.0,245.4313166533597,
stanowisko_14,autumn,20.0,DNA,2.0,52.3149234124798,15.491899555469818,9.0,51.0,531.0672314137078,
stanowisko_14,autumn,20.0,RNA,2.0,52.3149234124798,,9.0,51.0,901.0841789506737,
stanowisko_14,autumn,50.0,DNA,2.0,52.3149234124798,15.491899555469818,9.0,51.0,154.8079897357797,
stanowisko_14,autumn,50.0,RNA,2.0,52.3149234124798,15.491899555469818,9.0,51.0,880.7992128756545,
stanowisko_14,autumn,80.0,DNA,2.0,52.3149234124798,15.491899555469818,9.0,51.0,530.3417177967939,
stanowisko_14,autumn,80.0,RNA,2.0,52.3149234124798,15.491899555469818,9.0,51.0,-130.3665286582525,
stanowisko_14,autumn,20.0,DNA,3.0,52.3149234124798,15.491899555469818,7.0,40.0,273.3041845183043,
stanowisko_14,autumn,20.0,RNA,3.0,52.3149234124798,15.491899555469818,7.0,40.0,464.7400134929019,
stanowisko_14,autumn,50.0,DNA,3.0,52.3149234124798,15.491899555469818,7.0,40.0,239.7034176420808,
stanowisko_14,autumn,50.0,RNA,3.0,52.3149234124798,15.491899555469818,7.0,40.0,663.2715980454726,
stanowisko_14,autumn,80.0,DNA,3.0,52.3149234124798,15.491899555469818,7.0,40.0,756.4644659791059,
stanowisko_14,autumn,80.0,RNA,3.0,52.3149234124798,15.491899555469818,7.0,40.0,261.89418449875967,
stanowisko_14,autumn,20.0,DNA,4.0,52.3149234124798,15.491899555469818,6.0,47.0,459.87804664028295,
stanowisko_14,autumn,20.0,RNA,4.0,52.3149234124798,15.491899555469818,6.0,47.0,585.5602387370891,
stanowisko_14,autumn,50.0,DNA,4.0,52.3149234124798,15.491899555469818,6.0,47.0,-349.18590665363377,
stanowisko_14,autumn,50.0,RNA,4.0,52.3149234124798,15.491899555469818,6.0,47.0,590.4221123170938,
stanowisko_14,autumn,80.0,DNA,4.0,52.3149234124798,15.491899555469818,6.0,47.0,788.6328013324685,
stanowisko_14,autumn,80.0,RNA,4.0,52.3149234124798,15.491899555469818,6.0,47.0,627.8009711406891,
stanowisko_14,autumn,20.0,DNA,5.0,52.3149234124798,15.491899555469818,5.0,39.0,-215.93199891765255,
stanowisko_14,autumn,20.0,RNA,5.0,52.3149234124798,15.491899555469818,5.0,39.0,644.1154940574844,
stanowisko_14,autumn,50.0,DNA,5.0,52.3149234124798,15.491899555469818,5.0,39.0,1026.6578741580668,
stanowisko_14,autumn,50.0,RNA,5.0,52.3149234124798,15.491899555469818,5.0,39.0,618.1208899876038,
stanowisko_14,autumn,80.0,DNA,5.0,52.3149234124798,15.491899555469818,5.0,39.0,169.37876194598613,Wysoki współczynnik bytności ludzkiej
stanowisko_14,autumn,80.0,RNA,5.0,52.3149234124798,15.491899555469818,5.0,39.0,337.48366200702947,Wysoki współczynnik bytności ludzkiej
stanowisko_15,spring,20.0,DNA,1.0,50.361147861413734,15.356903412441696,20.0,87.0,710.8956705316593,
stanowisko_15,spring,20.0,RNA,1.0,50.361147861413734,15.356903412441696,20.0,87.0,841.031053556961,
stanowisko_15,spring,50.0,DNA,1.0,50.361147861413734,15.356903412441696,20.0,87.0,1146.2336436549117,
stanowisko_15,spring,50.0,RNA,1.0,50.361147861413734,15.356903412441696,20.0,87.0,631.2174743544346,
stanowisko_15,spring,80.0,DNA,1.0,50.361147861413734,15.356903412441696,20.0,87.0,142.58514566728388,
stanowisko_15,spring,80.0,RNA,1.0,50.361147861413734,15.356903412441696,20.0,87.0,1057.7359675744117,
stanowisko_15,spring,20.0,DNA,2.0,50.361147861413734,15.356903412441696,22.0,87.0,712.6842132400573,
stanowisko_15,spring,20.0,RNA,2.0,50.361147861413734,15.356903412441696,22.0,87.0,660.586618242152,
stanowisko_15,spring,50.0,DNA,2.0,50.361147861413734,15.356903412441696,22.0,87.0,176.07135006846568,
stanowisko_15,spring,,RNA,2.0,50.361147861413734,15.356903412441696,22.0,87.0,481.55633816673515,
stanowisko_15,spring,80.0,DNA,2.0,50.361147861413734,15.356903412441696,22.0,87.0,252.147411431491,
stanowisko_15,spring,80.0,RNA,2.0,50.361147861413734,15.356903412441696,22.0,87.0,754.7422047148544,
stanowisko_15,spring,20.0,DNA,3.0,50.361147861413734,15.356903412441696,24.0,77.0,722.4746890116701,
stanowisko_15,spring,20.0,RNA,3.0,50.361147861413734,15.356903412441696,24.0,77.0,626.1039309690701,
stanowisko_15,spring,50.0,DNA,3.0,50.361147861413734,15.356903412441696,24.0,77.0,829.0118687945678,
stanowisko_15,spring,50.0,RNA,3.0,50.361147861413734,15.356903412441696,24.0,77.0,438.93723113959965,
stanowisko_15,spring,80.0,DNA,3.0,50.361147861413734,15.356903412441696,24.0,77.0,692.8348253917238,
stanowisko_15,spring,80.0,RNA,3.0,50.361147861413734,15.356903412441696,24.0,77.0,334.96350367542453,
stanowisko_15,spring,20.0,DNA,4.0,50.361147861413734,15.356903412441696,28.0,76.0,383.2398744850818,
stanowisko_15,spring,20.0,RNA,4.0,50.361147861413734,15.356903412441696,28.0,76.0,573.8276999584634,
stanowisko_15,spring,50.0,DNA,4.0,50.361147861413734,15.356903412441696,28.0,76.0,689.7823217518096,
stanowisko_15,spring,50.0,RNA,4.0,50.361147861413734,15.356903412441696,28.0,76.0,334.61401324953346,
stanowisko_15,spring,80.0,DNA,4.0,50.361147861413734,15.356903412441696,28.0,76.0,290.7841101147855,
stanowisko_15,spring,80.0,RNA,4.0,50.361147861413734,15.356903412441696,28.0,76.0,758.7479697745171,
stanowisko_15,spring,20.0,DNA,5.0,50.361147861413734,15.356903412441696,24.0,62.0,628.3242333330245,
stanowisko_15,spring,20.0,RNA,5.0,50.361147861413734,15.356903412441696,24.0,62.0,168.96311933851865,
stanowisko_15,spring,50.0,DNA,5.0,50.361147861413734,15.356903412441696,24.0,62.0,-2.254951485889933,
stanowisko_15,spring,50.0,RNA,5.0,50.361147861413734,15.356903412441696,24.0,62.0,347.5332204754827,
stanowisko_15,spring,80.0,DNA,5.0,50.361147861413734,15.356903412441696,24.0,62.0,731.0860633099453,"Nie można pobrać próby, woda zbyt płytka. Pobieram z dna."
stanowisko_15,spring,80.0,RNA,5.0,50.361147861413734,15.356903412441696,24.0,62.0,305.4401082277748,"Nie można pobrać próby, woda zbyt płytka. Pobieram z dna."
stanowisko_15,summer,20.0,DNA,1.0,50.361147861413734,15.356903412441696,30.0,30.0,666.823626642208,
stanowisko_15,summer,20.0,RNA,1.0,50.361147861413734,15.356903412441696,30.0,30.0,345.40021166552845,
stanowisko_15,summer,50.0,DNA,1.0,50.361147861413734,15.356903412441696,30.0,30.0,1138.4672312871858,
stanowisko_15,summer,50.0,RNA,1.0,50.361147861413734,15.356903412441696,30.0,30.0,715.1922553072642,
stanowisko_15,summer,80.0,DNA,1.0,50.361147861413734,15.356903412441696,30.0,30.0,41.88802429279042,
stanowisko_15,summer,80.0,RNA,1.0,50.361147861413734,15.356903412441696,30.0,30.0,589.0662885437471,
stanowisko_15,summer,20.0,DNA,2.0,50.361147861413734,15.356903412441696,26.0,15.0,366.2188139728453,
stanowisko_15,summer,20.0,RNA,2.0,50.361147861413734,15.356903412441696,26.0,15.0,666.9100545446715,
stanowisko_15,summer,50.0,DNA,2.0,50.361147861413734,15.356903412441696,26.0,15.0,442.5947899900097,
stanowisko_15,summer,50.0,RNA,2.0,50.361147861413734,15.356903412441696,26.0,15.0,577.2568224246617,
stanowisko_15,summer,80.0,DNA,2.0,50.361147861413734,15.356903412441696,26.0,15.0,697.6838193359561,
stanowisko_15,summer,80.0,RNA,2.0,50.361147861413734,15.356903412441696,26.0,15.0,863.9718043682425,
stanowisko_15,summer,20.0,DNA,3.0,50.361147861413734,15.356903412441696,25.0,27.0,517.8034446225205,
stanowisko_15,summer,20.0,RNA,3.0,50.361147861413734,15.356903412441696,25.0,27.0,63.837623035492584,
stanowisko_15,summer,50.0,DNA,3.0,50.361147861413734,15.356903412441696,25.0,27.0,1107.5858044322065,
stanowisko_15,summer,50.0,RNA,3.0,50.361147861413734,15.356903412441696,25.0,27.0,977.385682641331,
stanowisko_15,summer,80.0,DNA,3.0,50.361147861413734,15.356903412441696,25.0,27.0,583.1858411286074,
stanowisko_15,summer,80.0,RNA,3.0,50.361147861413734,15.356903412441696,25.0,27.0,788.5657256443574,
stanowisko_15,summer,20.0,DNA,4.0,50.361147861413734,15.356903412441696,22.0,15.0,699.2397323932214,
stanowisko_15,summer,20.0,RNA,4.0,50.361147861413734,15.356903412441696,22.0,15.0,288.64233807187213,
stanowisko_15,summer,50.0,DNA,4.0,50.361147861413734,15.356903412441696,22.0,15.0,711.8982713149347,
stanowisko_15,summer,50.0,RNA,4.0,50.361147861413734,15.356903412441696,22.0,15.0,561.0872419839038,
stanowisko_15,summer,80.0,DNA,4.0,50.361147861413734,15.356903412441696,22.0,15.0,658.7836366955835,
stanowisko_15,summer,80.0,RNA,4.0,50.361147861413734,15.356903412441696,22.0,15.0,-136.79621610513368,
stanowisko_15,summer,20.0,DNA,5.0,50.361147861413734,15.356903412441696,23.0,9.0,122.75855823686032,
stanowisko_15,summer,20.0,RNA,5.0,50.361147861413734,15.356903412441696,23.0,9.0,797.9028733639404,
stanowisko_15,summer,50.0,DNA,5.0,50.361147861413734,15.356903412441696,23.0,9.0,815.6738442470605,
stanowisko_15,summer,50.0,RNA,5.0,50.361147861413734,15.356903412441696,23.0,9.0,566.1884798997158,
stanowisko_15,summer,80.0,DNA,5.0,50.361147861413734,15.356903412441696,23.0,9.0,384.8439438644622,
stanowisko_15,summer,80.0,RNA,5.0,50.361147861413734,15.356903412441696,23.0,,753.9846388691902,
stanowisko_15,autumn,20.0,DNA,1.0,50.361147861413734,15.356903412441696,17.0,29.0,181.48622769999582,
stanowisko_15,autumn,20.0,RNA,1.0,50.361147861413734,15.356903412441696,17.0,29.0,163.72859828025145,
stanowisko_15,autumn,50.0,DNA,1.0,50.361147861413734,15.356903412441696,17.0,29.0,598.1677468941546,
stanowisko_15,autumn,50.0,RNA,1.0,50.361147861413734,15.356903412441696,17.0,29.0,264.75356022400643,
stanowisko_15,autumn,80.0,DNA,1.0,50.361147861413734,15.356903412441696,17.0,,754.3962551890604,
stanowisko_15,autumn,80.0,RNA,1.0,50.361147861413734,15.356903412441696,17.0,29.0,619.1911079410027,
stanowisko_15,autumn,20.0,DNA,2.0,50.361147861413734,15.356903412441696,18.0,24.0,517.0254469041713,
stanowisko_15,autumn,20.0,RNA,2.0,50.361147861413734,15.356903412441696,18.0,24.0,441.39350670134536,
stanowisko_15,autumn,50.0,DNA,2.0,50.361147861413734,15.356903412441696,18.0,24.0,872.9449540965401,
stanowisko_15,autumn,50.0,RNA,2.0,50.361147861413734,15.356903412441696,18.0,24.0,486.77080649082137,
stanowisko_15,autumn,80.0,DNA,2.0,50.361147861413734,15.356903412441696,18.0,24.0,774.440272048186,
stanowisko_15,autumn,80.0,RNA,2.0,50.361147861413734,15.356903412441696,18.0,24.0,951.4321181351347,
stanowisko_15,autumn,20.0,DNA,3.0,50.361147861413734,15.356903412441696,14.0,23.0,457.7238885092168,
stanowisko_15,autumn,20.0,RNA,3.0,50.361147861413734,15.356903412441696,14.0,23.0,611.7553949226503,
stanowisko_15,autumn,50.0,DNA,3.0,50.361147861413734,15.356903412441696,14.0,23.0,647.1729169584881,
stanowisko_15,autumn,50.0,RNA,3.0,50.361147861413734,15.356903412441696,14.0,23.0,652.7919675230788,
stanowisko_15,autumn,80.0,DNA,3.0,50.361147861413734,15.356903412441696,14.0,23.0,492.01780685656024,
stanowisko_15,autumn,80.0,RNA,3.0,50.361147861413734,15.356903412441696,14.0,23.0,606.4721523228759,
stanowisko_15,autumn,20.0,DNA,4.0,50.361147861413734,15.356903412441696,17.0,8.0,110.73083079606045,
stanowisko_15,autumn,20.0,RNA,4.0,50.361147861413734,15.356903412441696,17.0,8.0,401.09380004458086,
stanowisko_15,autumn,50.0,DNA,4.0,50.361147861413734,15.356903412441696,17.0,8.0,310.7978038366093,
stanowisko_15,autumn,50.0,RNA,4.0,50.361147861413734,15.356903412441696,17.0,8.0,317.4606985400619,
stanowisko_15,autumn,80.0,DNA,4.0,50.361147861413734,15.356903412441696,17.0,8.0,759.3640051151583,
stanowisko_15,autumn,80.0,RNA,4.0,50.361147861413734,15.356903412441696,17.0,8.0,-77.50596050827983,
stanowisko_15,autumn,20.0,DNA,5.0,50.361147861413734,15.356903412441696,18.0,13.0,263.4600197830672,
stanowisko_15,autumn,20.0,RNA,5.0,50.361147861413734,15.356903412441696,18.0,13.0,240.8766231640434,
stanowisko_15,autumn,50.0,DNA,5.0,50.361147861413734,15.356903412441696,18.0,13.0,316.8329600994841,
stanowisko_15,autumn,50.0,RNA,5.0,50.361147861413734,15.356903412441696,18.0,13.0,135.63410241113655,
stanowisko_15,autumn,80.0,DNA,5.0,50.361147861413734,15.356903412441696,18.0,13.0,678.6049510772983,
stanowisko_15,autumn,80.0,RNA,5.0,50.361147861413734,15.356903412441696,18.0,13.0,500.389598718395,
stanowisko_16,spring,20.0,DNA,1.0,53.20420034995348,19.63342250778188,13.0,81.0,606.310278362336,
stanowisko_16,spring,20.0,RNA,1.0,53.20420034995348,19.63342250778188,13.0,81.0,446.1991593039306,
stanowisko_16,spring,50.0,DNA,1.0,53.20420034995348,19.63342250778188,13.0,81.0,262.4434646788635,
stanowisko_16,spring,50.0,RNA,1.0,53.20420034995348,19.63342250778188,13.0,81.0,713.1230780782048,
stanowisko_16,spring,80.0,DNA,1.0,53.20420034995348,196.33422507781881,13.0,81.0,282.9620502403401,
stanowisko_16,spring,80.0,RNA,1.0,53.20420034995348,19.63342250778188,13.0,81.0,-341.6559147599943,
stanowisko_16,spring,20.0,DNA,2.0,53.20420034995348,19.63342250778188,12.0,70.0,279.05949668482776,
stanowisko_16,spring,20.0,RNA,2.0,53.20420034995348,19.63342250778188,12.0,70.0,395.6045301297447,
stanowisko_16,spring,50.0,DNA,2.0,53.20420034995348,19.63342250778188,12.0,70.0,170.06038378494492,
stanowisko_16,spring,50.0,RNA,2.0,53.20420034995348,19.63342250778188,12.0,70.0,462.84986652457366,
stanowisko_16,spring,80.0,DNA,2.0,53.20420034995348,19.63342250778188,12.0,70.0,436.3756356463705,
stanowisko_16,spring,80.0,RNA,2.0,53.20420034995348,19.63342250778188,12.0,70.0,569.3496102349203,
stanowisko_16,spring,20.0,DNA,3.0,53.20420034995348,19.63342250778188,12.0,63.0,343.20718964114997,
stanowisko_16,spring,20.0,RNA,3.0,53.20420034995348,19.63342250778188,12.0,63.0,159.95435937348475,
stanowisko_16,spring,50.0,DNA,3.0,53.20420034995348,19.63342250778188,12.0,63.0,493.02506391207993,
stanowisko_16,spring,50.0,RNA,3.0,53.20420034995348,19.63342250778188,12.0,63.0,571.9063845160917,
stanowisko_16,spring,80.0,DNA,3.0,53.20420034995348,19.63342250778188,12.0,63.0,518.3930274098332,
stanowisko_16,spring,80.0,RNA,3.0,53.20420034995348,19.63342250778188,12.0,63.0,659.9050241559744,
stanowisko_16,spring,20.0,DNA,4.0,53.20420034995348,19.63342250778188,10.0,57.0,420.12584183748095,
stanowisko_16,spring,20.0,RNA,4.0,53.20420034995348,19.63342250778188,10.0,57.0,876.3104982102192,
stanowisko_16,spring,50.0,DNA,4.0,53.20420034995348,19.63342250778188,10.0,57.0,997.9326439368106,Woda bardzo brudna
stanowisko_16,spring,50.0,RNA,4.0,53.20420034995348,19.63342250778188,10.0,57.0,740.1227651460915,Woda bardzo brudna
stanowisko_16,spring,80.0,DNA,4.0,53.20420034995348,19.63342250778188,10.0,57.0,-180.96117028281787,
stanowisko_16,spring,80.0,RNA,4.0,53.20420034995348,19.63342250778188,10.0,57.0,946.7846291135812,
stanowisko_16,spring,20.0,DNA,5.0,53.20420034995348,19.63342250778188,10.0,46.0,402.90197141564784,
stanowisko_16,spring,20.0,RNA,5.0,53.20420034995348,19.63342250778188,10.0,46.0,354.56227082056193,
stanowisko_16,spring,50.0,DNA,5.0,53.20420034995348,19.63342250778188,10.0,46.0,546.420409890315,
stanowisko_16,spring,50.0,RNA,5.0,53.20420034995348,19.63342250778188,10.0,46.0,1103.393849230006,
stanowisko_16,spring,80.0,DNA,5.0,53.20420034995348,19.63342250778188,10.0,46.0,366.3601180328843,
stanowisko_16,spring,80.0,RNA,5.0,53.20420034995348,19.63342250778188,10.0,46.0,543.9931473985637,
stanowisko_16,summer,20.0,DNA,1.0,53.20420034995348,19.63342250778188,23.0,58.0,738.8375661563852,
stanowisko_16,summer,20.0,RNA,1.0,53.20420034995348,19.63342250778188,23.0,58.0,204.29118051586113,
stanowisko_16,summer,50.0,DNA,1.0,53.20420034995348,19.63342250778188,23.0,58.0,639.0305376626197,
stanowisko_16,summer,50.0,RNA,1.0,53.20420034995348,19.63342250778188,23.0,58.0,303.68392857758465,
stanowisko_16,summer,80.0,DNA,1.0,53.20420034995348,19.63342250778188,23.0,58.0,592.747505224818,
stanowisko_16,summer,80.0,RNA,1.0,53.20420034995348,19.63342250778188,23.0,58.0,459.97019697097926,
stanowisko_16,summer,20.0,DNA,2.0,53.20420034995348,19.63342250778188,27.0,56.0,703.0552953079808,
stanowisko_16,summer,20.0,RNA,2.0,53.20420034995348,19.63342250778188,27.0,56.0,863.5405280636605,
stanowisko_16,summer,50.0,DNA,2.0,53.20420034995348,19.63342250778188,27.0,56.0,544.1764769270351,
stanowisko_16,summer,50.0,RNA,2.0,53.20420034995348,19.63342250778188,27.0,56.0,155.52852073268355,
stanowisko_16,summer,80.0,DNA,2.0,53.20420034995348,19.63342250778188,27.0,56.0,420.7419179940557,
stanowisko_16,summer,80.0,RNA,2.0,53.20420034995348,19.63342250778188,27.0,56.0,302.90698650868114,
stanowisko_16,summer,20.0,DNA,3.0,53.20420034995348,19.63342250778188,29.0,55.0,1210.6971986402204,
stanowisko_16,summer,20.0,RNA,3.0,53.20420034995348,19.63342250778188,29.0,55.0,435.70950861580144,
stanowisko_16,summer,50.0,DNA,3.0,53.20420034995348,19.63342250778188,29.0,55.0,388.1300033944516,
stanowisko_16,summer,50.0,RNA,3.0,53.20420034995348,19.63342250778188,29.0,55.0,99.47244214932965,
stanowisko_16,summer,80.0,DNA,3.0,53.20420034995348,19.63342250778188,29.0,55.0,498.72762657605034,
stanowisko_16,summer,80.0,RNA,3.0,53.20420034995348,19.63342250778188,29.0,55.0,78.85086040916207,
stanowisko_16,summer,20.0,DNA,4.0,53.20420034995348,19.63342250778188,31.0,55.0,496.3842903432042,
stanowisko_16,summer,20.0,RNA,4.0,53.20420034995348,19.63342250778188,31.0,55.0,414.470438161911,
stanowisko_16,summer,50.0,DNA,4.0,53.20420034995348,19.63342250778188,31.0,55.0,312.24091734216455,
stanowisko_16,summer,50.0,RNA,4.0,53.20420034995348,19.63342250778188,31.0,55.0,354.6370183440455,
stanowisko_16,summer,80.0,DNA,4.0,53.20420034995348,19.63342250778188,31.0,55.0,-11.159674635916588,
stanowisko_16,summer,80.0,RNA,4.0,53.20420034995348,19.63342250778188,31.0,55.0,390.1411949442031,
stanowisko_16,summer,20.0,DNA,5.0,53.20420034995348,19.63342250778188,32.0,58.0,663.1704125260147,
stanowisko_16,summer,20.0,RNA,5.0,53.20420034995348,19.63342250778188,32.0,58.0,810.6211654234392,
stanowisko_16,summer,50.0,DNA,5.0,53.20420034995348,19.63342250778188,32.0,58.0,644.1799836996358,
stanowisko_16,summer,50.0,RNA,5.0,53.20420034995348,19.63342250778188,32.0,58.0,160.04831655837603,
stanowisko_16,summer,80.0,DNA,5.0,53.20420034995348,19.63342250778188,32.0,58.0,535.700652836087,
stanowisko_16,summer,80.0,RNA,5.0,53.20420034995348,19.63342250778188,32.0,58.0,296.9098345565384,
stanowisko_16,autumn,20.0,DNA,1.0,53.20420034995348,19.63342250778188,10.0,62.0,694.3910514392537,
stanowisko_16,autumn,20.0,RNA,1.0,53.20420034995348,19.63342250778188,10.0,62.0,413.95524474938884,
stanowisko_16,autumn,50.0,DNA,1.0,53.20420034995348,19.63342250778188,10.0,62.0,1353.2971025933984,
stanowisko_16,autumn,50.0,RNA,1.0,53.20420034995348,19.63342250778188,10.0,62.0,948.4452115036682,
stanowisko_16,autumn,80.0,DNA,1.0,53.20420034995348,19.63342250778188,10.0,62.0,1004.6940866515167,
stanowisko_16,autumn,80.0,RNA,1.0,53.20420034995348,19.63342250778188,10.0,62.0,433.42727079710465,
stanowisko_16,autumn,20.0,DNA,2.0,53.20420034995348,19.63342250778188,6.0,61.0,379.1291093626847,
stanowisko_16,autumn,20.0,RNA,2.0,53.20420034995348,19.63342250778188,6.0,61.0,632.6533129390109,
stanowisko_16,autumn,50.0,DNA,2.0,53.20420034995348,19.63342250778188,6.0,61.0,1029.0819246525818,
,autumn,50.0,RNA,2.0,53.20420034995348,19.63342250778188,6.0,61.0,422.0664241741238,
stanowisko_16,autumn,80.0,DNA,2.0,53.20420034995348,19.63342250778188,6.0,61.0,773.7136283720263,
stanowisko_16,autumn,80.0,RNA,2.0,53.20420034995348,19.63342250778188,6.0,61.0,724.6677589705064,
stanowisko_16,autumn,20.0,DNA,3.0,53.20420034995348,19.63342250778188,6.0,74.0,733.8140228233012,
stanowisko_16,autumn,20.0,RNA,3.0,53.20420034995348,19.63342250778188,6.0,74.0,233.5863593743801,
stanowisko_16,autumn,50.0,DNA,3.0,53.20420034995348,19.63342250778188,6.0,74.0,710.2529992391037,
stanowisko_16,autumn,50.0,RNA,3.0,53.20420034995348,19.63342250778188,6.0,74.0,791.0567159271893,
stanowisko_16,autumn,80.0,DNA,3.0,53.20420034995348,19.63342250778188,6.0,74.0,758.5286745208302,
stanowisko_16,autumn,80.0,RNA,3.0,53.20420034995348,19.63342250778188,6.0,74.0,136.67468761084842,
stanowisko_16,autumn,20.0,DNA,4.0,53.20420034995348,19.63342250778188,7.0,73.0,383.1482324577433,
stanowisko_16,autumn,20.0,RNA,4.0,53.20420034995348,19.63342250778188,7.0,73.0,240.4988806148276,
stanowisko_16,autumn,50.0,DNA,4.0,53.20420034995348,19.63342250778188,7.0,73.0,902.2643277681402,
stanowisko_16,autumn,50.0,RNA,4.0,53.20420034995348,19.63342250778188,7.0,73.0,892.1461075241281,
stanowisko_16,autumn,80.0,DNA,4.0,53.20420034995348,19.63342250778188,7.0,73.0,557.4051885963734,
stanowisko_16,autumn,80.0,RNA,4.0,53.20420034995348,19.63342250778188,7.0,73.0,577.6407252858626,
stanowisko_16,autumn,20.0,DNA,5.0,53.20420034995348,19.63342250778188,5.0,87.0,563.8829256438355,
stanowisko_16,autumn,20.0,RNA,5.0,53.20420034995348,19.63342250778188,5.0,87.0,303.4410567037621,
stanowisko_16,autumn,50.0,DNA,5.0,53.20420034995348,19.63342250778188,5.0,87.0,712.8568073707121,
stanowisko_16,autumn,50.0,RNA,5.0,53.20420034995348,19.63342250778188,5.0,87.0,-46.22246843043433,
stanowisko_16,autumn,80.0,DNA,5.0,53.20420034995348,19.63342250778188,5.0,87.0,326.35700414451753,
stanowisko_16,autumn,80.0,RNA,5.0,53.20420034995348,19.63342250778188,5.0,87.0,647.5401505292688,
stanowisko_17,spring,20.0,DNA,1.0,51.32618070813607,19.694105810476596,11.0,85.0,70.05510809034308,
stanowisko_17,spring,20.0,RNA,1.0,51.32618070813607,19.694105810476596,11.0,85.0,1334.851787117359,
stanowisko_17,spring,50.0,DNA,1.0,51.32618070813607,19.694105810476596,11.0,85.0,335.24611324597885,
stanowisko_17,spring,50.0,RNA,1.0,51.32618070813607,19.694105810476596,11.0,85.0,763.923263215321,
stanowisko_17,spring,80.0,DNA,1.0,51.32618070813607,19.694105810476596,11.0,85.0,232.82729663911266,
stanowisko_17,spring,80.0,RNA,1.0,51.32618070813607,19.694105810476596,11.0,85.0,524.9384784241669,
stanowisko_17,spring,20.0,DNA,2.0,51.32618070813607,19.694105810476596,7.0,73.0,553.6591317568051,
stanowisko_17,spring,20.0,RNA,2.0,51.32618070813607,19.694105810476596,7.0,73.0,338.0889169050779,
stanowisko_17,spring,50.0,DNA,2.0,51.32618070813607,19.694105810476596,7.0,73.0,620.7661034681431,
stanowisko_17,spring,50.0,RNA,2.0,51.32618070813607,19.694105810476596,7.0,73.0,587.4576563322902,
stanowisko_17,spring,80.0,DNA,2.0,51.32618070813607,19.694105810476596,7.0,73.0,705.3049181604079,
stanowisko_17,spring,80.0,RNA,2.0,51.32618070813607,19.694105810476596,7.0,73.0,359.7440479387716,
stanowisko_17,spring,20.0,DNA,3.0,51.32618070813607,19.694105810476596,4.0,69.0,721.6604433912289,
stanowisko_17,spring,20.0,RNA,3.0,51.32618070813607,19.694105810476596,4.0,69.0,830.904150480625,
stanowisko_17,spring,50.0,DNA,3.0,51.32618070813607,19.694105810476596,4.0,69.0,171.7369645759183,
stanowisko_17,spring,50.0,RNA,3.0,51.32618070813607,19.694105810476596,4.0,69.0,555.4808572415978,
stanowisko_17,spring,80.0,DNA,3.0,51.32618070813607,19.694105810476596,4.0,69.0,794.8442388557609,
stanowisko_17,spring,80.0,RNA,3.0,51.32618070813607,19.694105810476596,4.0,69.0,665.2016158018738,
stanowisko_17,spring,20.0,DNA,4.0,51.32618070813607,19.694105810476596,3.0,54.0,270.905419961138,
stanowisko_17,spring,20.0,RNA,4.0,51.32618070813607,19.694105810476596,3.0,54.0,519.3167889705087,
stanowisko_17,spring,50.0,DNA,4.0,51.32618070813607,19.694105810476596,3.0,54.0,182.34517584738478,
stanowisko_17,spring,50.0,RNA,4.0,51.32618070813607,19.694105810476596,3.0,54.0,675.4293744205634,
stanowisko_17,spring,80.0,DNA,4.0,51.32618070813607,19.694105810476596,3.0,54.0,55.728031564315756,
stanowisko_17,spring,80.0,RNA,4.0,51.32618070813607,19.694105810476596,3.0,54.0,627.1724028959038,
stanowisko_17,spring,20.0,DNA,5.0,51.32618070813607,19.694105810476596,4.0,68.0,220.80463059648338,
stanowisko_17,spring,20.0,RNA,5.0,51.32618070813607,19.694105810476596,4.0,68.0,1.8655491419737587,
stanowisko_17,spring,50.0,DNA,5.0,51.32618070813607,19.694105810476596,4.0,68.0,927.711208774374,
stanowisko_17,spring,50.0,RNA,5.0,51.32618070813607,19.694105810476596,4.0,68.0,380.26590357321606,
stanowisko_17,spring,80.0,DNA,5.0,51.32618070813607,19.694105810476596,4.0,68.0,543.998934281672,
stanowisko_17,spring,80.0,RNA,5.0,51.32618070813607,19.694105810476596,4.0,68.0,-79.97742502316964,
stanowisko_17,summer,20.0,DNA,1.0,51.32618070813607,19.694105810476596,20.0,52.0,721.4298623041673,
stanowisko_17,summer,20.0,RNA,1.0,51.32618070813607,19.694105810476596,20.0,52.0,615.1035123140416,
stanowisko_17,summer,50.0,DNA,1.0,51.32618070813607,19.694105810476596,20.0,52.0,406.67665208875434,
stanowisko_17,summer,50.0,RNA,1.0,51.32618070813607,19.694105810476596,20.0,52.0,606.512121441182,
stanowisko_17,summer,80.0,DNA,1.0,51.32618070813607,19.694105810476596,20.0,52.0,289.40565008828315,
stanowisko_17,summer,80.0,RNA,1.0,51.32618070813607,19.694105810476596,20.0,52.0,676.162562914701,
stanowisko_17,summer,20.0,DNA,2.0,51.32618070813607,19.694105810476596,19.0,65.0,554.8926118000976,
stanowisko_17,summer,20.0,RNA,2.0,51.32618070813607,19.694105810476596,19.0,65.0,122.34530001537149,
stanowisko_17,summer,50.0,DNA,2.0,51.32618070813607,19.694105810476596,19.0,65.0,578.9197998006681,
stanowisko_17,summer,50.0,RNA,2.0,51.32618070813607,19.694105810476596,19.0,65.0,657.9977290796611,
stanowisko_17,summer,80.0,DNA,2.0,51.32618070813607,19.694105810476596,19.0,65.0,183.88074858508594,
stanowisko_17,summer,80.0,RNA,2.0,51.32618070813607,19.694105810476596,19.0,65.0,825.6831970523808,
stanowisko_17,summer,20.0,DNA,3.0,51.32618070813607,19.694105810476596,16.0,53.0,516.3158837166707,
stanowisko_17,summer,20.0,RNA,3.0,51.32618070813607,19.694105810476596,16.0,53.0,407.00420091915805,
stanowisko_17,summer,50.0,DNA,3.0,51.32618070813607,19.694105810476596,16.0,53.0,375.9913326144856,
stanowisko_17,summer,50.0,RNA,3.0,51.32618070813607,19.694105810476596,16.0,53.0,472.3432864555731,
stanowisko_17,summer,80.0,DNA,3.0,51.32618070813607,19.694105810476596,16.0,53.0,619.7674936631902,
stanowisko_17,summer,80.0,RNA,3.0,51.32618070813607,19.694105810476596,16.0,53.0,686.9869946081681,
stanowisko_17,summer,20.0,DNA,4.0,51.32618070813607,19.694105810476596,12.0,40.0,1180.5116738942106,
stanowisko_17,summer,20.0,RNA,4.0,51.32618070813607,19.694105810476596,12.0,40.0,998.3197246641998,
stanowisko_17,summer,50.0,DNA,4.0,51.32618070813607,19.694105810476596,12.0,40.0,636.9585292449987,
stanowisko_17,summer,50.0,RNA,4.0,51.32618070813607,19.694105810476596,12.0,40.0,473.05799568487896,
stanowisko_17,summer,80.0,DNA,4.0,51.32618070813607,19.694105810476596,12.0,40.0,345.03897079219314,
stanowisko_17,summer,80.0,RNA,4.0,51.32618070813607,19.694105810476596,12.0,40.0,1050.2828500962576,
stanowisko_17,summer,20.0,DNA,5.0,51.32618070813607,19.694105810476596,14.0,38.0,794.678105899736,
stanowisko_17,summer,20.0,RNA,5.0,51.32618070813607,19.694105810476596,14.0,38.0,1080.0304769843701,
stanowisko_17,summer,50.0,DNA,5.0,51.32618070813607,19.694105810476596,14.0,38.0,224.4361121866537,
stanowisko_17,summer,50.0,RNA,5.0,51.32618070813607,19.694105810476596,14.0,38.0,682.4590424646142,
stanowisko_17,summer,80.0,DNA,5.0,51.32618070813607,19.694105810476596,14.0,38.0,753.9116437005138,
stanowisko_17,summer,80.0,RNA,5.0,51.32618070813607,19.694105810476596,14.0,38.0,106.30579140019773,
stanowisko_17,autumn,20.0,DNA,1.0,51.32618070813607,19.694105810476596,7.0,67.0,124.46189278003669,
stanowisko_17,autumn,20.0,RNA,1.0,51.32618070813607,19.694105810476596,7.0,67.0,31.81157116996451,
stanowisko_17,autumn,50.0,DNA,1.0,51.32618070813607,19.694105810476596,7.0,67.0,346.9727101665201,
stanowisko_17,autumn,50.0,RNA,1.0,51.32618070813607,19.694105810476596,7.0,67.0,298.36203883383155,
stanowisko_17,autumn,80.0,DNA,1.0,51.32618070813607,19.694105810476596,7.0,67.0,528.0173745404456,
stanowisko_17,autumn,80.0,RNA,1.0,51.32618070813607,19.694105810476596,7.0,67.0,116.27641893822886,
stanowisko_17,autumn,20.0,DNA,2.0,51.32618070813607,19.694105810476596,8.0,65.0,406.20131063971525,
stanowisko_17,autumn,20.0,RNA,2.0,51.32618070813607,19.694105810476596,8.0,65.0,395.36554009210283,
stanowisko_17,autumn,50.0,DNA,2.0,51.32618070813607,19.694105810476596,8.0,65.0,420.5700487366598,
stanowisko_17,autumn,50.0,RNA,2.0,51.32618070813607,19.694105810476596,8.0,65.0,959.6527969791805,
stanowisko_17,autumn,80.0,DNA,2.0,51.32618070813607,19.694105810476596,8.0,65.0,855.1135435945007,
stanowisko_17,autumn,80.0,RNA,2.0,51.32618070813607,19.694105810476596,8.0,65.0,229.04554429608532,
stanowisko_17,autumn,20.0,DNA,3.0,51.32618070813607,19.694105810476596,6.0,77.0,515.7398560595749,
stanowisko_17,autumn,20.0,RNA,3.0,51.32618070813607,19.694105810476596,6.0,77.0,356.7012476223998,
stanowisko_17,autumn,50.0,DNA,3.0,51.32618070813607,19.694105810476596,6.0,77.0,-233.12568509050664,
stanowisko_17,autumn,50.0,RNA,3.0,51.32618070813607,19.694105810476596,6.0,77.0,942.6959547280294,
stanowisko_17,autumn,80.0,DNA,3.0,51.32618070813607,19.694105810476596,6.0,77.0,916.1396606478472,
stanowisko_17,autumn,80.0,,3.0,51.32618070813607,19.694105810476596,6.0,77.0,16.028082937930435,
stanowisko_17,autumn,20.0,DNA,4.0,51.32618070813607,19.694105810476596,5.0,70.0,325.07526456804555,
stanowisko_17,autumn,20.0,RNA,4.0,51.32618070813607,19.694105810476596,5.0,70.0,168.82632115639223,
stanowisko_17,autumn,50.0,DNA,4.0,51.32618070813607,19.694105810476596,5.0,70.0,398.0553284667641,
stanowisko_17,autumn,50.0,RNA,4.0,51.32618070813607,19.694105810476596,5.0,70.0,247.50665395992831,
stanowisko_17,autumn,80.0,DNA,4.0,51.32618070813607,19.694105810476596,5.0,70.0,886.5140098606965,
stanowisko_17,autumn,80.0,RNA,4.0,51.32618070813607,19.694105810476596,5.0,70.0,318.7870987192415,
stanowisko_17,autumn,20.0,DNA,5.0,51.32618070813607,19.694105810476596,3.0,58.0,339.8624060406125,
stanowisko_17,autumn,20.0,RNA,5.0,51.32618070813607,19.694105810476596,3.0,58.0,396.2705156870043,
stanowisko_17,autumn,50.0,DNA,5.0,51.32618070813607,19.694105810476596,3.0,58.0,638.473940368264,
stanowisko_17,autumn,50.0,RNA,5.0,51.32618070813607,19.694105810476596,3.0,58.0,-18.637813017306712,
stanowisko_17,autumn,80.0,DNA,5.0,51.32618070813607,19.694105810476596,3.0,58.0,38.414461534086,
,autumn,80.0,RNA,5.0,51.32618070813607,19.694105810476596,3.0,58.0,480.5164307777746,
