,site,season,depth,molecule,rep_number,latitude,longitude,temperature,humidity,particles
0,stanowisko_1,spring,20.0,DNA,1,50.5047142755226,15.996063505651012,15.0,65.0,489.6647340979503
1,stanowisko_1,spring,20.0,RNA,1,50.5047142755226,15.996063505651012,15.0,65.0,520.0614909195799
2,stanowisko_1,spring,50.0,DNA,1,50.5047142755226,15.996063505651012,15.0,65.0,215.97093584807865
3,stanowisko_1,spring,50.0,RNA,1,50.5047142755226,15.996063505651012,15.0,65.0,725.3424518151156
4,stanowisko_1,spring,80.0,DNA,1,50.5047142755226,15.996063505651012,15.0,65.0,823.0531145509249
5,stanowisko_1,spring,80.0,RNA,1,50.5047142755226,15.996063505651012,15.0,65.0,237.0296112368447
6,stanowisko_1,spring,20.0,DNA,2,50.5047142755226,15.996063505651012,12.0,76.0,186.02414626454885
7,stanowisko_1,spring,50.0,DNA,2,50.5047142755226,15.996063505651012,12.0,76.0,269.7383567221565
8,stanowisko_1,spring,80.0,DNA,2,50.5047142755226,15.996063505651012,12.0,76.0,447.53527802164376
9,stanowisko_1,spring,80.0,RNA,2,50.5047142755226,15.996063505651012,12.0,76.0,662.715942081152
10,stanowisko_1,spring,20.0,DNA,3,50.5047142755226,15.996063505651012,16.0,75.0,329.1290356300072
11,stanowisko_1,spring,20.0,RNA,3,50.5047142755226,15.996063505651012,16.0,75.0,804.9869294355817
12,stanowisko_1,spring,50.0,DNA,3,50.5047142755226,15.996063505651012,16.0,75.0,252.5302257153709
13,stanowisko_1,spring,50.0,RNA,3,50.5047142755226,15.996063505651012,16.0,75.0,559.5491303356475
14,stanowisko_1,spring,80.0,DNA,3,50.5047142755226,15.996063505651012,16.0,75.0,529.8805348598964
15,stanowisko_1,spring,80.0,RNA,3,50.5047142755226,15.996063505651012,16.0,75.0,671.7600928510103
16,stanowisko_1,spring,20.0,DNA,4,50.5047142755226,15.996063505651012,19.0,67.0,597.064523128541
17,stanowisko_1,spring,20.0,RNA,4,50.5047142755226,15.996063505651012,19.0,67.0,569.8774620017027
18,stanowisko_1,spring,50.0,DNA,4,50.5047142755226,15.996063505651012,19.0,67.0,413.3945718596991
19,stanowisko_1,spring,50.0,RNA,4,50.5047142755226,15.996063505651012,19.0,67.0,558.4090280893329
20,stanowisko_1,spring,80.0,DNA,4,50.5047142755226,15.996063505651012,19.0,67.0,587.4627244657281
21,stanowisko_1,spring,80.0,RNA,4,50.5047142755226,15.996063505651012,19.0,67.0,3.289001615818904
22,stanowisko_1,spring,20.0,DNA,5,50.5047142755226,15.996063505651012,19.0,69.0,640.7661929682516
23,stanowisko_1,spring,20.0,RNA,5,50.5047142755226,15.996063505651012,19.0,69.0,644.8867157582256
24,stanowisko_1,spring,50.0,RNA,5,50.5047142755226,15.996063505651012,19.0,69.0,765.0807488633202
25,stanowisko_1,spring,80.0,DNA,5,50.5047142755226,15.996063505651012,19.0,69.0,602.206821515251
26,stanowisko_1,spring,80.0,RNA,5,50.5047142755226,15.996063505651012,19.0,69.0,253.2560192158905
27,stanowisko_1,summer,20.0,DNA,1,50.5047142755226,15.996063505651012,26.0,39.0,484.8521777934133
28,stanowisko_1,summer,20.0,RNA,1,50.5047142755226,15.996063505651012,26.0,39.0,481.7229512981514
29,stanowisko_1,summer,50.0,DNA,1,50.5047142755226,15.996063505651012,26.0,39.0,660.4152766032045
30,stanowisko_1,summer,50.0,RNA,1,50.5047142755226,15.996063505651012,26.0,39.0,714.7396608755894
31,stanowisko_1,summer,80.0,DNA,1,50.5047142755226,15.996063505651012,26.0,39.0,745.0850111139046
32,stanowisko_1,summer,80.0,RNA,1,50.5047142755226,15.996063505651012,26.0,39.0,576.6706225621277
33,stanowisko_1,summer,20.0,DNA,2,50.5047142755226,15.996063505651012,24.0,40.0,475.684324180782
34,stanowisko_1,summer,20.0,RNA,2,50.5047142755226,15.996063505651012,24.0,40.0,45.59739549937774
35,stanowisko_1,summer,50.0,DNA,2,50.5047142755226,15.996063505651012,24.0,40.0,569.8072093195692
36,stanowisko_1,summer,50.0,RNA,2,50.5047142755226,15.996063505651012,24.0,40.0,1010.230009698082
37,stanowisko_1,summer,80.0,DNA,2,50.5047142755226,15.996063505651012,24.0,40.0,771.2006275838608
38,stanowisko_1,summer,80.0,RNA,2,50.5047142755226,15.996063505651012,24.0,40.0,915.5223424139728
39,stanowisko_1,summer,20.0,DNA,3,50.5047142755226,15.996063505651012,24.0,29.0,389.3777387374497
40,stanowisko_1,summer,20.0,RNA,3,50.5047142755226,15.996063505651012,24.0,29.0,383.22729224951934
41,stanowisko_1,summer,50.0,DNA,3,50.5047142755226,15.996063505651012,24.0,29.0,998.6828194692796
42,stanowisko_1,summer,50.0,RNA,3,50.5047142755226,15.996063505651012,24.0,29.0,365.8052268222156
43,stanowisko_1,summer,80.0,DNA,3,50.5047142755226,15.996063505651012,24.0,29.0,1111.0917362240284
44,stanowisko_1,summer,20.0,DNA,4,50.5047142755226,15.996063505651012,28.0,18.0,413.8407490497445
45,stanowisko_1,summer,20.0,RNA,4,50.5047142755226,15.996063505651012,28.0,18.0,852.5063318737696
46,stanowisko_1,summer,50.0,DNA,4,50.5047142755226,15.996063505651012,28.0,18.0,239.25065074991696
47,stanowisko_1,summer,50.0,RNA,4,50.5047142755226,15.996063505651012,28.0,18.0,399.9991875623328
48,stanowisko_1,summer,80.0,DNA,4,50.5047142755226,15.996063505651012,28.0,18.0,795.9977848683229
49,stanowisko_1,summer,80.0,RNA,4,50.5047142755226,15.996063505651012,28.0,18.0,529.467022241499
50,stanowisko_1,summer,20.0,DNA,5,50.5047142755226,15.996063505651012,28.0,28.0,825.6045333756465
51,stanowisko_1,summer,20.0,RNA,5,50.5047142755226,15.996063505651012,28.0,28.0,887.8280221981197
52,stanowisko_1,summer,50.0,DNA,5,50.5047142755226,15.996063505651012,28.0,28.0,504.35744859568615
53,stanowisko_1,summer,50.0,RNA,5,50.5047142755226,15.996063505651012,28.0,28.0,326.19413178071403
54,stanowisko_1,summer,80.0,DNA,5,50.5047142755226,15.996063505651012,28.0,28.0,631.659789061494
55,stanowisko_1,summer,80.0,RNA,5,50.5047142755226,15.996063505651012,28.0,28.0,1017.0288063945718
56,stanowisko_1,autumn,20.0,DNA,1,50.5047142755226,15.996063505651012,22.0,74.0,442.1115972267664
57,stanowisko_1,autumn,20.0,RNA,1,50.5047142755226,15.996063505651012,22.0,74.0,481.6449577251565
58,stanowisko_1,autumn,50.0,DNA,1,50.5047142755226,15.996063505651012,22.0,74.0,443.4967841029698
59,stanowisko_1,autumn,50.0,RNA,1,50.5047142755226,15.996063505651012,22.0,74.0,202.51928837877583
60,stanowisko_1,autumn,80.0,DNA,1,50.5047142755226,15.996063505651012,22.0,74.0,516.2649154818445
61,stanowisko_1,autumn,80.0,RNA,1,50.5047142755226,15.996063505651012,22.0,74.0,499.31990998433207
62,stanowisko_1,autumn,20.0,DNA,2,50.5047142755226,15.996063505651012,19.0,66.0,584.5636992144205
63,stanowisko_1,autumn,20.0,RNA,2,50.5047142755226,15.996063505651012,19.0,66.0,1386.4923424660265
64,stanowisko_1,autumn,50.0,DNA,2,50.5047142755226,15.996063505651012,19.0,66.0,540.3983912679955
65,stanowisko_1,autumn,50.0,RNA,2,50.5047142755226,15.996063505651012,19.0,66.0,242.75126241306788
66,stanowisko_1,autumn,80.0,DNA,2,50.5047142755226,15.996063505651012,19.0,66.0,152.77341818202285
67,stanowisko_1,autumn,80.0,RNA,2,50.5047142755226,15.996063505651012,19.0,66.0,378.4220473366457
68,stanowisko_1,autumn,20.0,DNA,3,50.5047142755226,15.996063505651012,16.0,73.0,221.3389918905852
69,stanowisko_1,autumn,20.0,RNA,3,50.5047142755226,15.996063505651012,16.0,73.0,341.9106201685864
70,stanowisko_1,autumn,50.0,DNA,3,50.5047142755226,15.996063505651012,16.0,73.0,232.1539838236084
71,stanowisko_1,autumn,80.0,DNA,3,50.5047142755226,15.996063505651012,16.0,73.0,472.1597617112088
72,stanowisko_1,autumn,80.0,RNA,3,50.5047142755226,15.996063505651012,16.0,73.0,274.53921190144285
73,stanowisko_1,autumn,20.0,DNA,4,50.5047142755226,15.996063505651012,13.0,76.0,10.99013732925971
74,stanowisko_1,autumn,20.0,RNA,4,50.5047142755226,15.996063505651012,13.0,76.0,202.28012795220167
75,stanowisko_1,autumn,50.0,DNA,4,50.5047142755226,15.996063505651012,13.0,76.0,686.6817394368227
76,stanowisko_1,autumn,50.0,RNA,4,50.5047142755226,15.996063505651012,13.0,76.0,584.8271792066818
77,stanowisko_1,autumn,80.0,RNA,4,50.5047142755226,15.996063505651012,13.0,76.0,551.5215483209681
78,stanowisko_1,autumn,20.0,DNA,5,50.5047142755226,15.996063505651012,15.0,81.0,1023.8196370672696
79,stanowisko_1,autumn,20.0,RNA,5,50.5047142755226,15.996063505651012,15.0,81.0,556.9070131251906
80,stanowisko_1,autumn,50.0,DNA,5,50.5047142755226,15.996063505651012,15.0,81.0,567.7377581922927
81,stanowisko_1,autumn,50.0,RNA,5,50.5047142755226,15.996063505651012,15.0,81.0,139.63298365901056
82,stanowisko_1,autumn,80.0,DNA,5,50.5047142755226,15.996063505651012,15.0,81.0,290.0702920447265
83,stanowisko_1,autumn,80.0,RNA,5,50.5047142755226,15.996063505651012,15.0,81.0,461.43306196674064
84,stanowisko_2,spring,20.0,DNA,1,50.54821900612056,18.73976354204449,15.0,89.0,450.8056461368408
85,stanowisko_2,spring,50.0,RNA,1,50.54821900612056,18.73976354204449,15.0,89.0,806.9941986249937
86,stanowisko_2,spring,80.0,DNA,1,50.54821900612056,18.73976354204449,15.0,89.0,591.6099795735045
87,stanowisko_2,spring,80.0,RNA,1,50.54821900612056,18.73976354204449,15.0,89.0,659.9872972569231
88,stanowisko_2,spring,20.0,DNA,2,50.54821900612056,18.73976354204449,15.0,96.0,100.6399386495699
89,stanowisko_2,spring,20.0,RNA,2,50.54821900612056,18.73976354204449,15.0,96.0,32.43386723541852
90,stanowisko_2,spring,50.0,DNA,2,50.54821900612056,18.73976354204449,15.0,96.0,215.22300219331063
91,stanowisko_2,spring,50.0,RNA,2,50.54821900612056,18.73976354204449,15.0,96.0,431.4916355190322
92,stanowisko_2,spring,80.0,DNA,2,50.54821900612056,18.73976354204449,15.0,96.0,760.8906397016658
93,stanowisko_2,spring,80.0,RNA,2,50.54821900612056,18.73976354204449,15.0,96.0,516.030756528076
94,stanowisko_2,spring,20.0,DNA,3,50.54821900612056,18.73976354204449,19.0,102.0,798.617482279135
95,stanowisko_2,spring,20.0,RNA,3,50.54821900612056,18.73976354204449,19.0,102.0,128.0299437024928
96,stanowisko_2,spring,50.0,DNA,3,50.54821900612056,18.73976354204449,19.0,102.0,213.9388002316832
97,stanowisko_2,spring,50.0,RNA,3,50.54821900612056,18.73976354204449,19.0,102.0,1076.8079076081326
98,stanowisko_2,spring,80.0,DNA,3,50.54821900612056,18.73976354204449,19.0,102.0,675.5196058262136
99,stanowisko_2,spring,80.0,RNA,3,50.54821900612056,18.73976354204449,19.0,102.0,503.9460864066317
100,stanowisko_2,spring,20.0,DNA,4,50.54821900612056,18.73976354204449,21.0,94.0,674.5897259839165
101,stanowisko_2,spring,50.0,DNA,4,50.54821900612056,18.73976354204449,21.0,94.0,205.05521974875995
102,stanowisko_2,spring,50.0,RNA,4,50.54821900612056,18.73976354204449,21.0,94.0,335.3478985580356
103,stanowisko_2,spring,80.0,DNA,4,50.54821900612056,18.73976354204449,21.0,94.0,856.6483730996356
104,stanowisko_2,spring,80.0,RNA,4,50.54821900612056,18.73976354204449,21.0,94.0,522.3429610505698
105,stanowisko_2,spring,20.0,DNA,5,50.54821900612056,18.73976354204449,18.0,88.0,467.5272062102295
106,stanowisko_2,spring,20.0,RNA,5,50.54821900612056,18.73976354204449,18.0,88.0,1081.3888502190975
107,stanowisko_2,spring,50.0,DNA,5,50.54821900612056,18.73976354204449,18.0,88.0,317.25282404319404
108,stanowisko_2,spring,50.0,RNA,5,50.54821900612056,18.73976354204449,18.0,88.0,512.627264118556
109,stanowisko_2,spring,80.0,DNA,5,50.54821900612056,18.73976354204449,18.0,88.0,76.84719987550739
110,stanowisko_2,spring,80.0,RNA,5,50.54821900612056,18.73976354204449,18.0,88.0,728.1177420756458
111,stanowisko_2,summer,20.0,DNA,1,50.54821900612056,18.73976354204449,33.0,34.0,50.50118193987959
112,stanowisko_2,summer,20.0,RNA,1,50.54821900612056,18.73976354204449,33.0,34.0,361.5748735627252
113,stanowisko_2,summer,50.0,DNA,1,50.54821900612056,18.73976354204449,33.0,34.0,194.38337006798932
114,stanowisko_2,summer,50.0,RNA,1,50.54821900612056,18.73976354204449,33.0,34.0,262.9797985582848
115,stanowisko_2,summer,80.0,DNA,1,50.54821900612056,18.73976354204449,33.0,34.0,815.5794988154719
116,stanowisko_2,summer,20.0,DNA,2,50.54821900612056,18.73976354204449,31.0,26.0,1108.7345929584228
117,stanowisko_2,summer,20.0,RNA,2,50.54821900612056,18.73976354204449,31.0,26.0,549.6914974822115
118,stanowisko_2,summer,50.0,DNA,2,50.54821900612056,18.73976354204449,31.0,26.0,169.74556594985808
119,stanowisko_2,summer,50.0,RNA,2,50.54821900612056,18.73976354204449,31.0,26.0,661.682458030403
120,stanowisko_2,summer,80.0,DNA,2,50.54821900612056,18.73976354204449,31.0,26.0,739.7705608858062
121,stanowisko_2,summer,80.0,RNA,2,50.54821900612056,18.73976354204449,31.0,26.0,101.15396467462244
122,stanowisko_2,summer,20.0,DNA,3,50.54821900612056,18.73976354204449,33.0,11.0,779.0963263054895
123,stanowisko_2,summer,20.0,RNA,3,50.54821900612056,18.73976354204449,33.0,11.0,515.3179731506654
124,stanowisko_2,summer,50.0,DNA,3,50.54821900612056,18.73976354204449,33.0,11.0,1124.480383671474
125,stanowisko_2,summer,50.0,RNA,3,50.54821900612056,18.73976354204449,33.0,11.0,541.5688389596937
126,stanowisko_2,summer,80.0,DNA,3,50.54821900612056,18.73976354204449,33.0,11.0,688.0723349338296
127,stanowisko_2,summer,80.0,RNA,3,50.54821900612056,18.73976354204449,33.0,11.0,108.91684200969875
128,stanowisko_2,summer,20.0,DNA,4,50.54821900612056,18.73976354204449,32.0,15.0,719.6437132288951
129,stanowisko_2,summer,50.0,DNA,4,50.54821900612056,18.73976354204449,32.0,15.0,553.6126470356203
130,stanowisko_2,summer,50.0,RNA,4,50.54821900612056,18.73976354204449,32.0,15.0,944.3436460219276
131,stanowisko_2,summer,80.0,DNA,4,50.54821900612056,18.73976354204449,32.0,15.0,73.71673109594826
132,stanowisko_2,summer,80.0,RNA,4,50.54821900612056,18.73976354204449,32.0,15.0,409.20185923122233
133,stanowisko_2,summer,20.0,DNA,5,50.54821900612056,18.73976354204449,32.0,28.0,244.89762403397404
134,stanowisko_2,summer,20.0,RNA,5,50.54821900612056,18.73976354204449,32.0,28.0,478.88783926517823
135,stanowisko_2,summer,50.0,DNA,5,50.54821900612056,18.73976354204449,32.0,28.0,852.7971547560816
136,stanowisko_2,summer,80.0,DNA,5,50.54821900612056,18.73976354204449,32.0,28.0,399.9399821368608
137,stanowisko_2,summer,80.0,RNA,5,50.54821900612056,18.73976354204449,32.0,28.0,407.879442444168
138,stanowisko_2,autumn,20.0,DNA,1,50.54821900612056,18.73976354204449,12.0,65.0,441.0395905956016
139,stanowisko_2,autumn,20.0,RNA,1,50.54821900612056,18.73976354204449,12.0,65.0,700.842383400885
140,stanowisko_2,autumn,50.0,DNA,1,50.54821900612056,18.73976354204449,12.0,65.0,784.0705053088715
141,stanowisko_2,autumn,50.0,RNA,1,50.54821900612056,18.73976354204449,12.0,65.0,556.1480965588833
142,stanowisko_2,autumn,80.0,DNA,1,50.54821900612056,18.73976354204449,12.0,65.0,279.22194727051755
143,stanowisko_2,autumn,80.0,RNA,1,50.54821900612056,18.73976354204449,12.0,65.0,581.0666222230312
144,stanowisko_2,autumn,20.0,DNA,2,50.54821900612056,18.73976354204449,16.0,54.0,587.5145912295962
145,stanowisko_2,autumn,20.0,RNA,2,50.54821900612056,18.73976354204449,16.0,54.0,748.8231732878738
146,stanowisko_2,autumn,50.0,DNA,2,50.54821900612056,18.73976354204449,16.0,54.0,585.0324793963059
147,stanowisko_2,autumn,50.0,RNA,2,50.54821900612056,18.73976354204449,16.0,54.0,231.56438301493097
148,stanowisko_2,autumn,80.0,DNA,2,50.54821900612056,18.73976354204449,16.0,54.0,643.7233158792939
149,stanowisko_2,autumn,80.0,RNA,2,50.54821900612056,18.73976354204449,16.0,54.0,827.9749598892913
150,stanowisko_2,autumn,20.0,DNA,3,50.54821900612056,18.73976354204449,18.0,40.0,85.5367544376453
151,stanowisko_2,autumn,20.0,RNA,3,50.54821900612056,18.73976354204449,18.0,40.0,680.3261393114716
152,stanowisko_2,autumn,50.0,DNA,3,50.54821900612056,18.73976354204449,18.0,40.0,173.61809431200425
153,stanowisko_2,autumn,50.0,RNA,3,50.54821900612056,18.73976354204449,18.0,40.0,905.4130467413336
154,stanowisko_2,autumn,80.0,DNA,3,50.54821900612056,18.73976354204449,18.0,40.0,735.6107200692313
155,stanowisko_2,autumn,80.0,RNA,3,50.54821900612056,18.73976354204449,18.0,40.0,244.8402536255496
156,stanowisko_2,autumn,20.0,DNA,4,50.54821900612056,18.73976354204449,22.0,30.0,650.3318090516102
157,stanowisko_2,autumn,20.0,RNA,4,50.54821900612056,18.73976354204449,22.0,30.0,595.647606466766
158,stanowisko_2,autumn,50.0,RNA,4,50.54821900612056,18.73976354204449,22.0,30.0,917.0627274749664
159,stanowisko_2,autumn,80.0,DNA,4,50.54821900612056,18.73976354204449,22.0,30.0,1157.2329440340554
160,stanowisko_2,autumn,80.0,RNA,4,50.54821900612056,18.73976354204449,22.0,30.0,694.3751900370946
161,stanowisko_2,autumn,20.0,DNA,5,50.54821900612056,18.73976354204449,18.0,22.0,24.050076214900344
162,stanowisko_2,autumn,20.0,RNA,5,50.54821900612056,18.73976354204449,18.0,22.0,784.6931978819075
163,stanowisko_2,autumn,50.0,DNA,5,50.54821900612056,18.73976354204449,18.0,22.0,528.0174443779516
164,stanowisko_2,autumn,50.0,RNA,5,50.54821900612056,18.73976354204449,18.0,22.0,287.5874326232246
165,stanowisko_2,autumn,80.0,DNA,5,50.54821900612056,18.73976354204449,18.0,22.0,376.8117031502943
166,stanowisko_2,autumn,80.0,RNA,5,50.54821900612056,18.73976354204449,18.0,22.0,457.759032583338
167,stanowisko_3,spring,20.0,DNA,1,50.20628784089974,22.156964140195125,21.0,39.0,409.5562509653124
168,stanowisko_3,spring,20.0,RNA,1,50.20628784089974,22.156964140195125,21.0,39.0,737.0709181569953
169,stanowisko_3,spring,50.0,DNA,1,50.20628784089974,22.156964140195125,21.0,39.0,266.73106717250687
170,stanowisko_3,spring,50.0,RNA,1,50.20628784089974,22.156964140195125,21.0,39.0,879.3918373957738
171,stanowisko_3,spring,20.0,DNA,2,50.20628784089974,22.156964140195125,20.0,46.0,1034.6908399946751
172,stanowisko_3,spring,20.0,RNA,2,50.20628784089974,22.156964140195125,20.0,46.0,534.8933094714477
173,stanowisko_3,spring,50.0,DNA,2,50.20628784089974,22.156964140195125,20.0,46.0,609.3280257251504
174,stanowisko_3,spring,50.0,RNA,2,50.20628784089974,22.156964140195125,20.0,46.0,239.04248840716616
175,stanowisko_3,spring,80.0,DNA,2,50.20628784089974,22.156964140195125,20.0,46.0,173.76301859681593
176,stanowisko_3,spring,80.0,RNA,2,50.20628784089974,22.156964140195125,20.0,46.0,473.134159247814
177,stanowisko_3,spring,20.0,DNA,3,50.20628784089974,22.156964140195125,21.0,33.0,698.9278472139144
178,stanowisko_3,spring,20.0,RNA,3,50.20628784089974,22.156964140195125,21.0,33.0,524.221000496443
179,stanowisko_3,spring,50.0,DNA,3,50.20628784089974,22.156964140195125,21.0,33.0,684.2344383276129
180,stanowisko_3,spring,50.0,RNA,3,50.20628784089974,22.156964140195125,21.0,33.0,899.5044709921748
181,stanowisko_3,spring,80.0,DNA,3,50.20628784089974,22.156964140195125,21.0,33.0,723.4389488027017
182,stanowisko_3,spring,80.0,RNA,3,50.20628784089974,22.156964140195125,21.0,33.0,11.233906814277418
183,stanowisko_3,spring,20.0,DNA,4,50.20628784089974,22.156964140195125,25.0,44.0,166.09783618409892
184,stanowisko_3,spring,20.0,RNA,4,50.20628784089974,22.156964140195125,25.0,44.0,487.838564628696
185,stanowisko_3,spring,50.0,DNA,4,50.20628784089974,22.156964140195125,25.0,44.0,696.8954413475738
186,stanowisko_3,spring,80.0,DNA,4,50.20628784089974,22.156964140195125,25.0,44.0,138.71571361043664
187,stanowisko_3,spring,80.0,RNA,4,50.20628784089974,22.156964140195125,25.0,44.0,954.3954886351124
188,stanowisko_3,spring,20.0,DNA,5,50.20628784089974,22.156964140195125,26.0,51.0,237.41757502074552
189,stanowisko_3,spring,20.0,RNA,5,50.20628784089974,22.156964140195125,26.0,51.0,857.1665304085353
190,stanowisko_3,spring,50.0,DNA,5,50.20628784089974,22.156964140195125,26.0,51.0,542.1259565893163
191,stanowisko_3,spring,50.0,RNA,5,50.20628784089974,22.156964140195125,26.0,51.0,533.6537495386008
192,stanowisko_3,spring,80.0,DNA,5,50.20628784089974,22.156964140195125,26.0,51.0,450.25771619230784
193,stanowisko_3,spring,80.0,RNA,5,50.20628784089974,22.156964140195125,26.0,51.0,433.8157411683667
194,stanowisko_3,summer,20.0,DNA,1,50.20628784089974,22.156964140195125,33.0,92.0,1066.3866912865208
195,stanowisko_3,summer,20.0,RNA,1,50.20628784089974,22.156964140195125,33.0,92.0,710.0941052278165
196,stanowisko_3,summer,50.0,RNA,1,50.20628784089974,22.156964140195125,33.0,92.0,538.576601420461
197,stanowisko_3,summer,80.0,DNA,1,50.20628784089974,22.156964140195125,33.0,92.0,347.1028799782853
198,stanowisko_3,summer,80.0,RNA,1,50.20628784089974,22.156964140195125,33.0,92.0,644.8301651306526
199,stanowisko_3,summer,20.0,DNA,2,50.20628784089974,22.156964140195125,31.0,83.0,263.0938887799696
200,stanowisko_3,summer,20.0,RNA,2,50.20628784089974,22.156964140195125,31.0,83.0,688.6870359393047
201,stanowisko_3,summer,50.0,DNA,2,50.20628784089974,22.156964140195125,31.0,83.0,315.77260924351845
202,stanowisko_3,summer,80.0,DNA,2,50.20628784089974,22.156964140195125,31.0,83.0,938.3239424343026
203,stanowisko_3,summer,80.0,RNA,2,50.20628784089974,22.156964140195125,31.0,83.0,563.7831619575102
204,stanowisko_3,summer,20.0,DNA,3,50.20628784089974,22.156964140195125,30.0,83.0,319.9023976297643
205,stanowisko_3,summer,20.0,RNA,3,50.20628784089974,22.156964140195125,30.0,83.0,551.3097989223164
206,stanowisko_3,summer,50.0,DNA,3,50.20628784089974,22.156964140195125,30.0,83.0,440.5536229683796
207,stanowisko_3,summer,50.0,RNA,3,50.20628784089974,22.156964140195125,30.0,83.0,954.3444166671492
208,stanowisko_3,summer,80.0,DNA,3,50.20628784089974,22.156964140195125,30.0,83.0,793.7863536481618
209,stanowisko_3,summer,80.0,RNA,3,50.20628784089974,22.156964140195125,30.0,83.0,286.727636636786
210,stanowisko_3,summer,20.0,DNA,4,50.20628784089974,22.156964140195125,34.0,96.0,650.9052258233003
211,stanowisko_3,summer,20.0,RNA,4,50.20628784089974,22.156964140195125,34.0,96.0,430.321223211998
212,stanowisko_3,summer,50.0,DNA,4,50.20628784089974,22.156964140195125,34.0,96.0,705.0447658102917
213,stanowisko_3,summer,50.0,RNA,4,50.20628784089974,22.156964140195125,34.0,96.0,556.1049850814043
214,stanowisko_3,summer,80.0,DNA,4,50.20628784089974,22.156964140195125,34.0,96.0,401.12419589966646
215,stanowisko_3,summer,80.0,RNA,4,50.20628784089974,22.156964140195125,34.0,96.0,249.23618976096475
216,stanowisko_3,summer,20.0,DNA,5,50.20628784089974,22.156964140195125,32.0,98.0,393.6302313759897
217,stanowisko_3,summer,20.0,RNA,5,50.20628784089974,22.156964140195125,32.0,98.0,645.6233944050391
218,stanowisko_3,summer,50.0,DNA,5,50.20628784089974,22.156964140195125,32.0,98.0,170.35366162497922
219,stanowisko_3,summer,50.0,RNA,5,50.20628784089974,22.156964140195125,32.0,98.0,673.3675470385133
220,stanowisko_3,summer,80.0,DNA,5,50.20628784089974,22.156964140195125,32.0,98.0,161.23679663874935
221,stanowisko_3,summer,80.0,RNA,5,50.20628784089974,22.156964140195125,32.0,98.0,101.08345334814744
222,stanowisko_3,autumn,20.0,DNA,1,50.20628784089974,22.156964140195125,19.0,63.0,622.5206196898112
223,stanowisko_3,autumn,20.0,RNA,1,50.20628784089974,22.156964140195125,19.0,63.0,1091.5946591689617
224,stanowisko_3,autumn,50.0,DNA,1,50.20628784089974,22.156964140195125,19.0,63.0,349.5995562129216
225,stanowisko_3,autumn,50.0,RNA,1,50.20628784089974,22.156964140195125,19.0,63.0,131.26405856025406
226,stanowisko_3,autumn,80.0,DNA,1,50.20628784089974,22.156964140195125,19.0,63.0,360.77505015924
227,stanowisko_3,autumn,80.0,RNA,1,50.20628784089974,22.156964140195125,19.0,63.0,487.5685938793094
228,stanowisko_3,autumn,20.0,DNA,2,50.20628784089974,22.156964140195125,19.0,54.0,657.8895328801666
229,stanowisko_3,autumn,20.0,RNA,2,50.20628784089974,22.156964140195125,19.0,54.0,452.41220696410494
230,stanowisko_3,autumn,50.0,DNA,2,50.20628784089974,22.156964140195125,19.0,54.0,660.1424239809347
231,stanowisko_3,autumn,50.0,RNA,2,50.20628784089974,22.156964140195125,19.0,54.0,174.41499605357694
232,stanowisko_3,autumn,80.0,DNA,2,50.20628784089974,22.156964140195125,19.0,54.0,868.7482782584545
233,stanowisko_3,autumn,80.0,RNA,2,50.20628784089974,22.156964140195125,19.0,54.0,951.6629209486288
234,stanowisko_3,autumn,20.0,DNA,3,50.20628784089974,22.156964140195125,15.0,60.0,135.47371396871648
235,stanowisko_3,autumn,20.0,RNA,3,50.20628784089974,22.156964140195125,15.0,60.0,777.3979485936886
236,stanowisko_3,autumn,50.0,DNA,3,50.20628784089974,22.156964140195125,15.0,60.0,558.024091275887
237,stanowisko_3,autumn,50.0,RNA,3,50.20628784089974,22.156964140195125,15.0,60.0,735.4314200236499
238,stanowisko_3,autumn,80.0,DNA,3,50.20628784089974,22.156964140195125,15.0,60.0,589.047036067029
239,stanowisko_3,autumn,80.0,RNA,3,50.20628784089974,22.156964140195125,15.0,60.0,634.6011107806676
240,stanowisko_3,autumn,20.0,DNA,4,50.20628784089974,22.156964140195125,11.0,62.0,515.1195045111947
241,stanowisko_3,autumn,20.0,RNA,4,50.20628784089974,22.156964140195125,11.0,62.0,813.7425107188733
242,stanowisko_3,autumn,50.0,DNA,4,50.20628784089974,22.156964140195125,11.0,62.0,1088.479765582676
243,stanowisko_3,autumn,50.0,RNA,4,50.20628784089974,22.156964140195125,11.0,62.0,633.6232012543503
244,stanowisko_3,autumn,80.0,DNA,4,50.20628784089974,22.156964140195125,11.0,62.0,483.4859294744335
245,stanowisko_3,autumn,80.0,RNA,4,50.20628784089974,22.156964140195125,11.0,62.0,239.3677029636279
246,stanowisko_3,autumn,20.0,DNA,5,50.20628784089974,22.156964140195125,13.0,53.0,869.6908391470924
247,stanowisko_3,autumn,20.0,RNA,5,50.20628784089974,22.156964140195125,13.0,53.0,560.2436199074806
248,stanowisko_3,autumn,50.0,RNA,5,50.20628784089974,22.156964140195125,13.0,53.0,439.31676677274834
249,stanowisko_3,autumn,80.0,DNA,5,50.20628784089974,22.156964140195125,13.0,53.0,711.7731278284422
250,stanowisko_3,autumn,80.0,RNA,5,50.20628784089974,22.156964140195125,13.0,53.0,298.6756572446311
251,stanowisko_4,spring,20.0,DNA,1,50.61182593353753,16.9185796586325,5.0,91.0,545.5038593365491
252,stanowisko_4,spring,20.0,RNA,1,50.61182593353753,16.9185796586325,5.0,91.0,653.0130757046322
253,stanowisko_4,spring,50.0,DNA,1,50.61182593353753,16.9185796586325,5.0,91.0,733.2473828204537
254,stanowisko_4,spring,50.0,RNA,1,50.61182593353753,16.9185796586325,5.0,91.0,298.83324134056693
255,stanowisko_4,spring,80.0,DNA,1,50.61182593353753,16.9185796586325,5.0,91.0,813.5269354179018
256,stanowisko_4,spring,80.0,RNA,1,50.61182593353753,16.9185796586325,5.0,91.0,360.4852261903831
257,stanowisko_4,spring,20.0,DNA,2,50.61182593353753,16.9185796586325,2.0,81.0,719.633581033503
258,stanowisko_4,spring,20.0,RNA,2,50.61182593353753,16.9185796586325,2.0,81.0,585.890997588149
259,stanowisko_4,spring,50.0,DNA,2,50.61182593353753,16.9185796586325,2.0,81.0,604.98813569667
260,stanowisko_4,spring,50.0,RNA,2,50.61182593353753,16.9185796586325,2.0,81.0,291.27628939104824
261,stanowisko_4,spring,80.0,DNA,2,50.61182593353753,16.9185796586325,2.0,81.0,450.46134557710815
262,stanowisko_4,spring,80.0,RNA,2,50.61182593353753,16.9185796586325,2.0,81.0,594.2601885773063
263,stanowisko_4,spring,20.0,DNA,3,50.61182593353753,16.9185796586325,2.0,87.0,354.61683848743274
264,stanowisko_4,spring,20.0,RNA,3,50.61182593353753,16.9185796586325,2.0,87.0,615.3672504335534
265,stanowisko_4,spring,50.0,DNA,3,50.61182593353753,16.9185796586325,2.0,87.0,677.4090640961549
266,stanowisko_4,spring,50.0,RNA,3,50.61182593353753,16.9185796586325,2.0,87.0,50.45543256586416
267,stanowisko_4,spring,80.0,DNA,3,50.61182593353753,16.9185796586325,2.0,87.0,389.2984305227424
268,stanowisko_4,spring,20.0,DNA,4,50.61182593353753,16.9185796586325,0.0,98.0,560.9899366215202
269,stanowisko_4,spring,20.0,RNA,4,50.61182593353753,16.9185796586325,0.0,98.0,395.0924045697767
270,stanowisko_4,spring,50.0,DNA,4,50.61182593353753,16.9185796586325,0.0,98.0,546.8404285261782
271,stanowisko_4,spring,50.0,RNA,4,50.61182593353753,16.9185796586325,0.0,98.0,860.5227609845945
272,stanowisko_4,spring,80.0,DNA,4,50.61182593353753,16.9185796586325,0.0,98.0,170.43881945847426
273,stanowisko_4,spring,80.0,RNA,4,50.61182593353753,16.9185796586325,0.0,98.0,369.641271612952
274,stanowisko_4,spring,20.0,RNA,5,50.61182593353753,16.9185796586325,-1.0,88.0,586.1921725727436
275,stanowisko_4,spring,50.0,DNA,5,50.61182593353753,16.9185796586325,-1.0,88.0,593.645259276261
276,stanowisko_4,spring,50.0,RNA,5,50.61182593353753,16.9185796586325,-1.0,88.0,396.14266924839
277,stanowisko_4,spring,80.0,DNA,5,50.61182593353753,16.9185796586325,-1.0,88.0,287.0508155250282
278,stanowisko_4,spring,80.0,RNA,5,50.61182593353753,16.9185796586325,-1.0,88.0,344.7540114170996
279,stanowisko_4,summer,20.0,DNA,1,50.61182593353753,16.9185796586325,30.0,67.0,549.6425986688648
280,stanowisko_4,summer,20.0,RNA,1,50.61182593353753,16.9185796586325,30.0,67.0,508.6637848415296
281,stanowisko_4,summer,50.0,DNA,1,50.61182593353753,16.9185796586325,30.0,67.0,458.9621599905517
282,stanowisko_4,summer,50.0,RNA,1,50.61182593353753,16.9185796586325,30.0,67.0,329.7514143870598
283,stanowisko_4,summer,80.0,DNA,1,50.61182593353753,16.9185796586325,30.0,67.0,1123.1992455838324
284,stanowisko_4,summer,80.0,RNA,1,50.61182593353753,16.9185796586325,30.0,67.0,379.3169327692056
285,stanowisko_4,summer,20.0,DNA,2,50.61182593353753,16.9185796586325,32.0,79.0,858.3748231431784
286,stanowisko_4,summer,20.0,RNA,2,50.61182593353753,16.9185796586325,32.0,79.0,835.9846998578814
287,stanowisko_4,summer,50.0,DNA,2,50.61182593353753,16.9185796586325,32.0,79.0,192.75406938381053
288,stanowisko_4,summer,50.0,RNA,2,50.61182593353753,16.9185796586325,32.0,79.0,486.5158987282728
289,stanowisko_4,summer,80.0,DNA,2,50.61182593353753,16.9185796586325,32.0,79.0,195.3350986429669
290,stanowisko_4,summer,80.0,RNA,2,50.61182593353753,16.9185796586325,32.0,79.0,774.188001962535
291,stanowisko_4,summer,20.0,DNA,3,50.61182593353753,16.9185796586325,34.0,89.0,158.2478900579951
292,stanowisko_4,summer,20.0,RNA,3,50.61182593353753,16.9185796586325,34.0,89.0,457.38526564944726
293,stanowisko_4,summer,50.0,DNA,3,50.61182593353753,16.9185796586325,34.0,89.0,781.2210959485735
294,stanowisko_4,summer,50.0,RNA,3,50.61182593353753,16.9185796586325,34.0,89.0,239.63208125164488
295,stanowisko_4,summer,80.0,DNA,3,50.61182593353753,16.9185796586325,34.0,89.0,811.0963308556686
296,stanowisko_4,summer,80.0,RNA,3,50.61182593353753,16.9185796586325,34.0,89.0,150.23481329089913
297,stanowisko_4,summer,20.0,DNA,4,50.61182593353753,16.9185796586325,35.0,75.0,705.7590981118317
298,stanowisko_4,summer,20.0,RNA,4,50.61182593353753,16.9185796586325,35.0,75.0,719.2204465239388
299,stanowisko_4,summer,50.0,DNA,4,50.61182593353753,16.9185796586325,35.0,75.0,153.62410791555476
300,stanowisko_4,summer,50.0,RNA,4,50.61182593353753,16.9185796586325,35.0,75.0,40.239874492991135
301,stanowisko_4,summer,80.0,DNA,4,50.61182593353753,16.9185796586325,35.0,75.0,12.073006802395868
302,stanowisko_4,summer,80.0,RNA,4,50.61182593353753,16.9185796586325,35.0,75.0,640.0150029020725
303,stanowisko_4,summer,20.0,RNA,5,50.61182593353753,16.9185796586325,35.0,67.0,259.1845197269436
304,stanowisko_4,summer,50.0,DNA,5,50.61182593353753,16.9185796586325,35.0,67.0,126.81451362839982
305,stanowisko_4,summer,50.0,RNA,5,50.61182593353753,16.9185796586325,35.0,67.0,511.6784195604205
306,stanowisko_4,summer,80.0,DNA,5,50.61182593353753,16.9185796586325,35.0,67.0,469.9351067949074
307,stanowisko_4,summer,80.0,RNA,5,50.61182593353753,16.9185796586325,35.0,67.0,499.2885041712855
308,stanowisko_4,autumn,20.0,DNA,1,50.61182593353753,16.9185796586325,2.0,81.0,664.9981207282704
309,stanowisko_4,autumn,20.0,RNA,1,50.61182593353753,16.9185796586325,2.0,81.0,787.4725344130084
310,stanowisko_4,autumn,50.0,DNA,1,50.61182593353753,16.9185796586325,2.0,81.0,84.30805741662317
311,stanowisko_4,autumn,50.0,RNA,1,50.61182593353753,16.9185796586325,2.0,81.0,758.3618567789827
312,stanowisko_4,autumn,80.0,DNA,1,50.61182593353753,16.9185796586325,2.0,81.0,339.7579546680339
313,stanowisko_4,autumn,80.0,RNA,1,50.61182593353753,16.9185796586325,2.0,81.0,626.6725162083494
314,stanowisko_4,autumn,20.0,DNA,2,50.61182593353753,16.9185796586325,-1.0,95.0,747.2722723483075
315,stanowisko_4,autumn,20.0,RNA,2,50.61182593353753,16.9185796586325,-1.0,95.0,801.3070061503938
316,stanowisko_4,autumn,50.0,DNA,2,50.61182593353753,16.9185796586325,-1.0,95.0,862.0882761094159
317,stanowisko_4,autumn,50.0,RNA,2,50.61182593353753,16.9185796586325,-1.0,95.0,336.0050592684533
318,stanowisko_4,autumn,80.0,DNA,2,50.61182593353753,16.9185796586325,-1.0,95.0,608.5772440475528
319,stanowisko_4,autumn,80.0,RNA,2,50.61182593353753,16.9185796586325,-1.0,95.0,400.8725259878569
320,stanowisko_4,autumn,20.0,DNA,3,50.61182593353753,16.9185796586325,1.0,97.0,90.56154674973754
321,stanowisko_4,autumn,20.0,RNA,3,50.61182593353753,16.9185796586325,1.0,97.0,546.6192035541623
322,stanowisko_4,autumn,50.0,DNA,3,50.61182593353753,16.9185796586325,1.0,97.0,664.5034576662559
323,stanowisko_4,autumn,50.0,RNA,3,50.61182593353753,16.9185796586325,1.0,97.0,47.175200943091625
324,stanowisko_4,autumn,80.0,DNA,3,50.61182593353753,16.9185796586325,1.0,97.0,421.3260966892723
325,stanowisko_4,autumn,80.0,RNA,3,50.61182593353753,16.9185796586325,1.0,97.0,335.2424839745188
326,stanowisko_4,autumn,20.0,DNA,4,50.61182593353753,16.9185796586325,-1.0,103.0,503.6963698773522
327,stanowisko_4,autumn,20.0,RNA,4,50.61182593353753,16.9185796586325,-1.0,103.0,499.9263931884366
328,stanowisko_4,autumn,50.0,DNA,4,50.61182593353753,16.9185796586325,-1.0,103.0,286.0956174738794
329,stanowisko_4,autumn,50.0,RNA,4,50.61182593353753,16.9185796586325,-1.0,103.0,147.26712548418843
330,stanowisko_4,autumn,80.0,RNA,4,50.61182593353753,16.9185796586325,-1.0,103.0,321.26587426533547
331,stanowisko_4,autumn,20.0,DNA,5,50.61182593353753,16.9185796586325,1.0,100.0,374.5493057164202
332,stanowisko_4,autumn,20.0,RNA,5,50.61182593353753,16.9185796586325,1.0,100.0,385.0441947104469
333,stanowisko_4,autumn,50.0,DNA,5,50.61182593353753,16.9185796586325,1.0,100.0,14.982807139134138
334,stanowisko_4,autumn,80.0,RNA,5,50.61182593353753,16.9185796586325,1.0,100.0,464.67424749147926
335,stanowisko_5,spring,20.0,DNA,1,50.540663259433344,19.78543769327189,2.0,14.0,493.1690272131692
336,stanowisko_5,spring,20.0,RNA,1,50.540663259433344,19.78543769327189,2.0,14.0,997.6485868060852
337,stanowisko_5,spring,50.0,DNA,1,50.540663259433344,19.78543769327189,2.0,14.0,745.6404969458703
338,stanowisko_5,spring,50.0,RNA,1,50.540663259433344,19.78543769327189,2.0,14.0,1309.7346958207745
339,stanowisko_5,spring,80.0,DNA,1,50.540663259433344,19.78543769327189,2.0,14.0,948.1459915242152
340,stanowisko_5,spring,80.0,RNA,1,50.540663259433344,19.78543769327189,2.0,14.0,276.2986748079526
341,stanowisko_5,spring,20.0,DNA,2,50.540663259433344,19.78543769327189,0.0,26.0,477.1360798198947
342,stanowisko_5,spring,20.0,RNA,2,50.540663259433344,19.78543769327189,0.0,26.0,436.92562872308895
343,stanowisko_5,spring,50.0,DNA,2,50.540663259433344,19.78543769327189,0.0,26.0,747.5652427793655
344,stanowisko_5,spring,50.0,RNA,2,50.540663259433344,19.78543769327189,0.0,26.0,1038.0413640166653
345,stanowisko_5,spring,80.0,DNA,2,50.540663259433344,19.78543769327189,0.0,26.0,925.1099082468812
346,stanowisko_5,spring,80.0,RNA,2,50.540663259433344,19.78543769327189,0.0,26.0,640.1374988541722
347,stanowisko_5,spring,20.0,DNA,3,50.540663259433344,19.78543769327189,-3.0,26.0,594.3742230615139
348,stanowisko_5,spring,20.0,RNA,3,50.540663259433344,19.78543769327189,-3.0,26.0,854.5641147485214
349,stanowisko_5,spring,50.0,DNA,3,50.540663259433344,19.78543769327189,-3.0,26.0,534.7284478448337
350,stanowisko_5,spring,50.0,RNA,3,50.540663259433344,19.78543769327189,-3.0,26.0,1057.8535757048826
351,stanowisko_5,spring,80.0,DNA,3,50.540663259433344,19.78543769327189,-3.0,26.0,928.2470273581272
352,stanowisko_5,spring,80.0,RNA,3,50.540663259433344,19.78543769327189,-3.0,26.0,218.65950858802472
353,stanowisko_5,spring,20.0,DNA,4,50.540663259433344,19.78543769327189,-2.0,33.0,391.34141627210977
354,stanowisko_5,spring,20.0,RNA,4,50.540663259433344,19.78543769327189,-2.0,33.0,652.198707040166
355,stanowisko_5,spring,50.0,DNA,4,50.540663259433344,19.78543769327189,-2.0,33.0,297.3946263365127
356,stanowisko_5,spring,50.0,RNA,4,50.540663259433344,19.78543769327189,-2.0,33.0,281.9643439602372
357,stanowisko_5,spring,80.0,DNA,4,50.540663259433344,19.78543769327189,-2.0,33.0,541.2149742223911
358,stanowisko_5,spring,80.0,RNA,4,50.540663259433344,19.78543769327189,-2.0,33.0,638.8697545639071
359,stanowisko_5,spring,20.0,DNA,5,50.540663259433344,19.78543769327189,-5.0,23.0,392.9274677509805
360,stanowisko_5,spring,20.0,RNA,5,50.540663259433344,19.78543769327189,-5.0,23.0,1175.1921830814254
361,stanowisko_5,spring,50.0,DNA,5,50.540663259433344,19.78543769327189,-5.0,23.0,754.2640438988749
362,stanowisko_5,spring,50.0,RNA,5,50.540663259433344,19.78543769327189,-5.0,23.0,630.6809600827803
363,stanowisko_5,spring,80.0,DNA,5,50.540663259433344,19.78543769327189,-5.0,23.0,899.0186668453109
364,stanowisko_5,spring,80.0,RNA,5,50.540663259433344,19.78543769327189,-5.0,23.0,763.8073628251307
365,stanowisko_5,summer,20.0,DNA,1,50.540663259433344,19.78543769327189,23.0,97.0,611.063244424935
366,stanowisko_5,summer,20.0,RNA,1,50.540663259433344,19.78543769327189,23.0,97.0,87.40527013124847
367,stanowisko_5,summer,50.0,DNA,1,50.540663259433344,19.78543769327189,23.0,97.0,797.5816688918469
368,stanowisko_5,summer,50.0,RNA,1,50.540663259433344,19.78543769327189,23.0,97.0,967.5055408798256
369,stanowisko_5,summer,80.0,DNA,1,50.540663259433344,19.78543769327189,23.0,97.0,557.1995141632972
370,stanowisko_5,summer,80.0,RNA,1,50.540663259433344,19.78543769327189,23.0,97.0,358.2303514813291
371,stanowisko_5,summer,20.0,RNA,2,50.540663259433344,19.78543769327189,26.0,87.0,196.31502381065397
372,stanowisko_5,summer,50.0,RNA,2,50.540663259433344,19.78543769327189,26.0,87.0,862.0258892842534
373,stanowisko_5,summer,80.0,DNA,2,50.540663259433344,19.78543769327189,26.0,87.0,602.382355264932
374,stanowisko_5,summer,80.0,RNA,2,50.540663259433344,19.78543769327189,26.0,87.0,182.14648546879192
375,stanowisko_5,summer,20.0,DNA,3,50.540663259433344,19.78543769327189,29.0,74.0,110.22027760030568
376,stanowisko_5,summer,20.0,RNA,3,50.540663259433344,19.78543769327189,29.0,74.0,405.7915120735323
377,stanowisko_5,summer,50.0,DNA,3,50.540663259433344,19.78543769327189,29.0,74.0,454.79632616212126
378,stanowisko_5,summer,50.0,RNA,3,50.540663259433344,19.78543769327189,29.0,74.0,1208.795315493166
379,stanowisko_5,summer,80.0,RNA,3,50.540663259433344,19.78543769327189,29.0,74.0,274.9610692280201
380,stanowisko_5,summer,20.0,DNA,4,50.540663259433344,19.78543769327189,33.0,66.0,578.4999617269926
381,stanowisko_5,summer,20.0,RNA,4,50.540663259433344,19.78543769327189,33.0,66.0,504.6920658682603
382,stanowisko_5,summer,50.0,DNA,4,50.540663259433344,19.78543769327189,33.0,66.0,959.8159848499018
383,stanowisko_5,summer,50.0,RNA,4,50.540663259433344,19.78543769327189,33.0,66.0,543.5238544206783
384,stanowisko_5,summer,80.0,DNA,4,50.540663259433344,19.78543769327189,33.0,66.0,251.84524203659257
385,stanowisko_5,summer,80.0,RNA,4,50.540663259433344,19.78543769327189,33.0,66.0,588.8492340466414
386,stanowisko_5,summer,20.0,DNA,5,50.540663259433344,19.78543769327189,35.0,81.0,774.1400782507424
387,stanowisko_5,summer,50.0,DNA,5,50.540663259433344,19.78543769327189,35.0,81.0,909.6065995113524
388,stanowisko_5,summer,50.0,RNA,5,50.540663259433344,19.78543769327189,35.0,81.0,521.4398192048711
389,stanowisko_5,summer,80.0,DNA,5,50.540663259433344,19.78543769327189,35.0,81.0,870.8570794362641
390,stanowisko_5,summer,80.0,RNA,5,50.540663259433344,19.78543769327189,35.0,81.0,1001.902087395648
391,stanowisko_5,autumn,20.0,DNA,1,50.540663259433344,19.78543769327189,20.0,85.0,90.39866247017731
392,stanowisko_5,autumn,20.0,RNA,1,50.540663259433344,19.78543769327189,20.0,85.0,288.77416757566056
393,stanowisko_5,autumn,50.0,DNA,1,50.540663259433344,19.78543769327189,20.0,85.0,899.9110423673054
394,stanowisko_5,autumn,50.0,RNA,1,50.540663259433344,19.78543769327189,20.0,85.0,375.9806580381593
395,stanowisko_5,autumn,80.0,DNA,1,50.540663259433344,19.78543769327189,20.0,85.0,539.2594072269874
396,stanowisko_5,autumn,80.0,RNA,1,50.540663259433344,19.78543769327189,20.0,85.0,541.6705853494641
397,stanowisko_5,autumn,20.0,DNA,2,50.540663259433344,19.78543769327189,18.0,97.0,85.63208409239496
398,stanowisko_5,autumn,20.0,RNA,2,50.540663259433344,19.78543769327189,18.0,97.0,1026.4400292059638
399,stanowisko_5,autumn,50.0,DNA,2,50.540663259433344,19.78543769327189,18.0,97.0,480.0148240175228
400,stanowisko_5,autumn,50.0,RNA,2,50.540663259433344,19.78543769327189,18.0,97.0,969.871213784677
401,stanowisko_5,autumn,80.0,DNA,2,50.540663259433344,19.78543769327189,18.0,97.0,586.8288283002007
402,stanowisko_5,autumn,80.0,RNA,2,50.540663259433344,19.78543769327189,18.0,97.0,493.9427973073642
403,stanowisko_5,autumn,20.0,DNA,3,50.540663259433344,19.78543769327189,19.0,111.0,763.3643646356079
404,stanowisko_5,autumn,20.0,RNA,3,50.540663259433344,19.78543769327189,19.0,111.0,927.6599340023402
405,stanowisko_5,autumn,50.0,DNA,3,50.540663259433344,19.78543769327189,19.0,111.0,185.94324481049216
406,stanowisko_5,autumn,50.0,RNA,3,50.540663259433344,19.78543769327189,19.0,111.0,726.8022390602864
407,stanowisko_5,autumn,80.0,DNA,3,50.540663259433344,19.78543769327189,19.0,111.0,799.3657203267915
408,stanowisko_5,autumn,80.0,RNA,3,50.540663259433344,19.78543769327189,19.0,111.0,358.9069449574798
409,stanowisko_5,autumn,20.0,DNA,4,50.540663259433344,19.78543769327189,17.0,109.0,149.25376140413834
410,stanowisko_5,autumn,20.0,RNA,4,50.540663259433344,19.78543769327189,17.0,109.0,700.9471342746914
411,stanowisko_5,autumn,50.0,DNA,4,50.540663259433344,19.78543769327189,17.0,109.0,986.447845177099
412,stanowisko_5,autumn,50.0,RNA,4,50.540663259433344,19.78543769327189,17.0,109.0,724.2964751729803
413,stanowisko_5,autumn,80.0,RNA,4,50.540663259433344,19.78543769327189,17.0,109.0,512.1050413999338
414,stanowisko_5,autumn,20.0,DNA,5,50.540663259433344,19.78543769327189,20.0,117.0,782.9937020418331
415,stanowisko_5,autumn,20.0,RNA,5,50.540663259433344,19.78543769327189,20.0,117.0,290.4944808130285
416,stanowisko_5,autumn,50.0,DNA,5,50.540663259433344,19.78543769327189,20.0,117.0,169.55009628395652
417,stanowisko_5,autumn,50.0,RNA,5,50.540663259433344,19.78543769327189,20.0,117.0,716.328276094697
418,stanowisko_5,autumn,80.0,DNA,5,50.540663259433344,19.78543769327189,20.0,117.0,491.3964305187405
419,stanowisko_5,autumn,80.0,RNA,5,50.540663259433344,19.78543769327189,20.0,117.0,316.696589616332
420,stanowisko_6,spring,20.0,DNA,1,53.66697700744,20.910211196424346,8.0,93.0,781.3531078647527
421,stanowisko_6,spring,20.0,RNA,1,53.66697700744,20.910211196424346,8.0,93.0,503.170100046609
422,stanowisko_6,spring,50.0,DNA,1,53.66697700744,20.910211196424346,8.0,93.0,879.4240052538416
423,stanowisko_6,spring,50.0,RNA,1,53.66697700744,20.910211196424346,8.0,93.0,561.9928394764052
424,stanowisko_6,spring,80.0,DNA,1,53.66697700744,20.910211196424346,8.0,93.0,1135.3882446625294
425,stanowisko_6,spring,80.0,RNA,1,53.66697700744,20.910211196424346,8.0,93.0,596.9607985035649
426,stanowisko_6,spring,20.0,RNA,2,53.66697700744,20.910211196424346,6.0,94.0,45.24459453922509
427,stanowisko_6,spring,50.0,DNA,2,53.66697700744,20.910211196424346,6.0,94.0,619.38804023546
428,stanowisko_6,spring,50.0,RNA,2,53.66697700744,20.910211196424346,6.0,94.0,741.5278973873494
429,stanowisko_6,spring,80.0,DNA,2,53.66697700744,20.910211196424346,6.0,94.0,1102.8111655312794
430,stanowisko_6,spring,80.0,RNA,2,53.66697700744,20.910211196424346,6.0,94.0,705.0062526648524
431,stanowisko_6,spring,20.0,DNA,3,53.66697700744,20.910211196424346,9.0,80.0,747.2357115262901
432,stanowisko_6,spring,20.0,RNA,3,53.66697700744,20.910211196424346,9.0,80.0,992.1980471200486
433,stanowisko_6,spring,50.0,DNA,3,53.66697700744,20.910211196424346,9.0,80.0,868.2626674598296
434,stanowisko_6,spring,50.0,RNA,3,53.66697700744,20.910211196424346,9.0,80.0,243.5830518199728
435,stanowisko_6,spring,80.0,DNA,3,53.66697700744,20.910211196424346,9.0,80.0,441.44100321229126
436,stanowisko_6,spring,80.0,RNA,3,53.66697700744,20.910211196424346,9.0,80.0,238.71173502977348
437,stanowisko_6,spring,20.0,DNA,4,53.66697700744,20.910211196424346,9.0,88.0,727.5600243576143
438,stanowisko_6,spring,20.0,RNA,4,53.66697700744,20.910211196424346,9.0,88.0,323.9562897238727
439,stanowisko_6,spring,50.0,DNA,4,53.66697700744,20.910211196424346,9.0,88.0,605.9411320945736
440,stanowisko_6,spring,50.0,RNA,4,53.66697700744,20.910211196424346,9.0,88.0,952.8971228116944
441,stanowisko_6,spring,80.0,DNA,4,53.66697700744,20.910211196424346,9.0,88.0,192.50416781905665
442,stanowisko_6,spring,20.0,DNA,5,53.66697700744,20.910211196424346,12.0,95.0,426.4075115962272
443,stanowisko_6,spring,20.0,RNA,5,53.66697700744,20.910211196424346,12.0,95.0,863.5865200555863
444,stanowisko_6,spring,50.0,DNA,5,53.66697700744,20.910211196424346,12.0,95.0,696.1598708408252
445,stanowisko_6,spring,50.0,RNA,5,53.66697700744,20.910211196424346,12.0,95.0,890.1946744560736
446,stanowisko_6,spring,80.0,DNA,5,53.66697700744,20.910211196424346,12.0,95.0,682.2510332108795
447,stanowisko_6,spring,80.0,RNA,5,53.66697700744,20.910211196424346,12.0,95.0,17.798293905371054
448,stanowisko_6,summer,20.0,RNA,1,53.66697700744,20.910211196424346,33.0,12.0,209.02958046945596
449,stanowisko_6,summer,50.0,DNA,1,53.66697700744,20.910211196424346,33.0,12.0,338.1245652284987
450,stanowisko_6,summer,50.0,RNA,1,53.66697700744,20.910211196424346,33.0,12.0,472.26053459731
451,stanowisko_6,summer,80.0,DNA,1,53.66697700744,20.910211196424346,33.0,12.0,223.2268293454664
452,stanowisko_6,summer,80.0,RNA,1,53.66697700744,20.910211196424346,33.0,12.0,241.5344896869379
453,stanowisko_6,summer,20.0,DNA,2,53.66697700744,20.910211196424346,32.0,13.0,607.2662928022182
454,stanowisko_6,summer,20.0,RNA,2,53.66697700744,20.910211196424346,32.0,13.0,742.8516933802925
455,stanowisko_6,summer,50.0,DNA,2,53.66697700744,20.910211196424346,32.0,13.0,614.4872956843632
456,stanowisko_6,summer,50.0,RNA,2,53.66697700744,20.910211196424346,32.0,13.0,362.3357314279406
457,stanowisko_6,summer,80.0,DNA,2,53.66697700744,20.910211196424346,32.0,13.0,354.18558236674687
458,stanowisko_6,summer,80.0,RNA,2,53.66697700744,20.910211196424346,32.0,13.0,850.4224300546977
459,stanowisko_6,summer,20.0,DNA,3,53.66697700744,20.910211196424346,35.0,6.0,373.2366407187383
460,stanowisko_6,summer,20.0,RNA,3,53.66697700744,20.910211196424346,35.0,6.0,117.34501908181072
461,stanowisko_6,summer,50.0,DNA,3,53.66697700744,20.910211196424346,35.0,6.0,338.49846105572044
462,stanowisko_6,summer,50.0,RNA,3,53.66697700744,20.910211196424346,35.0,6.0,297.7827771875002
463,stanowisko_6,summer,80.0,DNA,3,53.66697700744,20.910211196424346,35.0,6.0,701.6047066555038
464,stanowisko_6,summer,20.0,DNA,5,53.66697700744,20.910211196424346,37.0,9.0,788.100443944141
465,stanowisko_6,summer,20.0,RNA,5,53.66697700744,20.910211196424346,37.0,9.0,456.4516121353561
466,stanowisko_6,summer,50.0,DNA,5,53.66697700744,20.910211196424346,37.0,9.0,688.1432226571449
467,stanowisko_6,summer,80.0,DNA,5,53.66697700744,20.910211196424346,37.0,9.0,751.6813949746404
468,stanowisko_6,summer,80.0,RNA,5,53.66697700744,20.910211196424346,37.0,9.0,386.3638125102374
469,stanowisko_6,autumn,20.0,DNA,1,53.66697700744,20.910211196424346,8.0,63.0,629.273958500148
470,stanowisko_6,autumn,20.0,RNA,1,53.66697700744,20.910211196424346,8.0,63.0,482.7662209275263
471,stanowisko_6,autumn,50.0,DNA,1,53.66697700744,20.910211196424346,8.0,63.0,543.363495992656
472,stanowisko_6,autumn,50.0,RNA,1,53.66697700744,20.910211196424346,8.0,63.0,212.6743078277455
473,stanowisko_6,autumn,80.0,DNA,1,53.66697700744,20.910211196424346,8.0,63.0,670.6138460359707
474,stanowisko_6,autumn,80.0,RNA,1,53.66697700744,20.910211196424346,8.0,63.0,524.3785892381156
475,stanowisko_6,autumn,20.0,DNA,2,53.66697700744,20.910211196424346,4.0,66.0,764.7144813864236
476,stanowisko_6,autumn,20.0,RNA,2,53.66697700744,20.910211196424346,4.0,66.0,471.3359410489445
477,stanowisko_6,autumn,50.0,DNA,2,53.66697700744,20.910211196424346,4.0,66.0,400.1675301466887
478,stanowisko_6,autumn,50.0,RNA,2,53.66697700744,20.910211196424346,4.0,66.0,463.0016541033845
479,stanowisko_6,autumn,80.0,DNA,2,53.66697700744,20.910211196424346,4.0,66.0,607.4941548149443
480,stanowisko_6,autumn,80.0,RNA,2,53.66697700744,20.910211196424346,4.0,66.0,441.0383655868639
481,stanowisko_6,autumn,20.0,DNA,3,53.66697700744,20.910211196424346,3.0,74.0,884.5028897597919
482,stanowisko_6,autumn,20.0,RNA,3,53.66697700744,20.910211196424346,3.0,74.0,598.7794706355636
483,stanowisko_6,autumn,50.0,DNA,3,53.66697700744,20.910211196424346,3.0,74.0,205.75392108607872
484,stanowisko_6,autumn,50.0,RNA,3,53.66697700744,20.910211196424346,3.0,74.0,434.8748539448477
485,stanowisko_6,autumn,80.0,DNA,3,53.66697700744,20.910211196424346,3.0,74.0,1198.3785521400723
486,stanowisko_6,autumn,80.0,RNA,3,53.66697700744,20.910211196424346,3.0,74.0,771.7842925733119
487,stanowisko_6,autumn,20.0,DNA,4,53.66697700744,20.910211196424346,1.0,85.0,461.13621222121407
488,stanowisko_6,autumn,20.0,RNA,4,53.66697700744,20.910211196424346,1.0,85.0,869.0291447109958
489,stanowisko_6,autumn,50.0,DNA,4,53.66697700744,20.910211196424346,1.0,85.0,380.9062205579454
490,stanowisko_6,autumn,50.0,RNA,4,53.66697700744,20.910211196424346,1.0,85.0,393.6783881139551
491,stanowisko_6,autumn,80.0,DNA,4,53.66697700744,20.910211196424346,1.0,85.0,522.3354119944047
492,stanowisko_6,autumn,80.0,RNA,4,53.66697700744,20.910211196424346,1.0,85.0,204.3603743004561
493,stanowisko_6,autumn,20.0,DNA,5,53.66697700744,20.910211196424346,-1.0,77.0,650.4341006294932
494,stanowisko_6,autumn,20.0,RNA,5,53.66697700744,20.910211196424346,-1.0,77.0,684.6010028357989
495,stanowisko_6,autumn,50.0,DNA,5,53.66697700744,20.910211196424346,-1.0,77.0,1137.918005868967
496,stanowisko_6,autumn,50.0,RNA,5,53.66697700744,20.910211196424346,-1.0,77.0,629.1520545258006
497,stanowisko_6,autumn,80.0,DNA,5,53.66697700744,20.910211196424346,-1.0,77.0,362.0235276584106
498,stanowisko_6,autumn,80.0,RNA,5,53.66697700744,20.910211196424346,-1.0,77.0,397.6159832557231
499,stanowisko_7,spring,20.0,DNA,1,51.2401005420403,20.98517857972764,17.0,52.0,499.3584718735681
500,stanowisko_7,spring,20.0,RNA,1,51.2401005420403,20.98517857972764,17.0,52.0,390.0846535048796
501,stanowisko_7,spring,50.0,DNA,1,51.2401005420403,20.98517857972764,17.0,52.0,365.1305940880344
502,stanowisko_7,spring,50.0,RNA,1,51.2401005420403,20.98517857972764,17.0,52.0,152.4662178247491
503,stanowisko_7,spring,80.0,DNA,1,51.2401005420403,20.98517857972764,17.0,52.0,517.8730814155641
504,stanowisko_7,spring,80.0,RNA,1,51.2401005420403,20.98517857972764,17.0,52.0,368.332667163055
505,stanowisko_7,spring,20.0,DNA,2,51.2401005420403,20.98517857972764,21.0,47.0,41.66234346393867
506,stanowisko_7,spring,20.0,RNA,2,51.2401005420403,20.98517857972764,21.0,47.0,375.8112936565432
507,stanowisko_7,spring,50.0,DNA,2,51.2401005420403,20.98517857972764,21.0,47.0,274.50663944312515
508,stanowisko_7,spring,50.0,RNA,2,51.2401005420403,20.98517857972764,21.0,47.0,175.23722243315922
509,stanowisko_7,spring,80.0,DNA,2,51.2401005420403,20.98517857972764,21.0,47.0,208.4384791097345
510,stanowisko_7,spring,80.0,RNA,2,51.2401005420403,20.98517857972764,21.0,47.0,727.2803542549209
511,stanowisko_7,spring,20.0,DNA,3,51.2401005420403,20.98517857972764,25.0,34.0,363.2470864694312
512,stanowisko_7,spring,20.0,RNA,3,51.2401005420403,20.98517857972764,25.0,34.0,104.103582182977
513,stanowisko_7,spring,50.0,DNA,3,51.2401005420403,20.98517857972764,25.0,34.0,229.09240537682803
514,stanowisko_7,spring,50.0,RNA,3,51.2401005420403,20.98517857972764,25.0,34.0,903.4708492490118
515,stanowisko_7,spring,80.0,DNA,3,51.2401005420403,20.98517857972764,25.0,34.0,223.5973923985075
516,stanowisko_7,spring,80.0,RNA,3,51.2401005420403,20.98517857972764,25.0,34.0,236.69142186096585
517,stanowisko_7,spring,20.0,DNA,4,51.2401005420403,20.98517857972764,21.0,27.0,211.58416069732036
518,stanowisko_7,spring,20.0,RNA,4,51.2401005420403,20.98517857972764,21.0,27.0,670.468627107566
519,stanowisko_7,spring,50.0,DNA,4,51.2401005420403,20.98517857972764,21.0,27.0,286.7998435399257
520,stanowisko_7,spring,50.0,RNA,4,51.2401005420403,20.98517857972764,21.0,27.0,59.15734209861392
521,stanowisko_7,spring,80.0,DNA,4,51.2401005420403,20.98517857972764,21.0,27.0,398.517551324466
522,stanowisko_7,spring,80.0,RNA,4,51.2401005420403,20.98517857972764,21.0,27.0,229.15306886396297
523,stanowisko_7,spring,20.0,DNA,5,51.2401005420403,20.98517857972764,24.0,30.0,322.86889431376176
524,stanowisko_7,spring,20.0,RNA,5,51.2401005420403,20.98517857972764,24.0,30.0,246.5190914853014
525,stanowisko_7,spring,50.0,DNA,5,51.2401005420403,20.98517857972764,24.0,30.0,105.21643312242576
526,stanowisko_7,spring,50.0,RNA,5,51.2401005420403,20.98517857972764,24.0,30.0,712.6272602502518
527,stanowisko_7,spring,80.0,DNA,5,51.2401005420403,20.98517857972764,24.0,30.0,636.9123669749254
528,stanowisko_7,summer,20.0,DNA,1,51.2401005420403,20.98517857972764,29.0,64.0,573.7661859434298
529,stanowisko_7,summer,20.0,RNA,1,51.2401005420403,20.98517857972764,29.0,64.0,633.1141507819846
530,stanowisko_7,summer,50.0,DNA,1,51.2401005420403,20.98517857972764,29.0,64.0,391.69274695010216
531,stanowisko_7,summer,80.0,DNA,1,51.2401005420403,20.98517857972764,29.0,64.0,312.087480395326
532,stanowisko_7,summer,80.0,RNA,1,51.2401005420403,20.98517857972764,29.0,64.0,482.885391850631
533,stanowisko_7,summer,20.0,DNA,2,51.2401005420403,20.98517857972764,26.0,51.0,439.3863809873534
534,stanowisko_7,summer,20.0,RNA,2,51.2401005420403,20.98517857972764,26.0,51.0,254.2009452899109
535,stanowisko_7,summer,50.0,DNA,2,51.2401005420403,20.98517857972764,26.0,51.0,641.8791698774548
536,stanowisko_7,summer,50.0,RNA,2,51.2401005420403,20.98517857972764,26.0,51.0,923.2450701282436
537,stanowisko_7,summer,80.0,DNA,2,51.2401005420403,20.98517857972764,26.0,51.0,403.2629964134105
538,stanowisko_7,summer,80.0,RNA,2,51.2401005420403,20.98517857972764,26.0,51.0,485.2237562994272
539,stanowisko_7,summer,20.0,DNA,3,51.2401005420403,20.98517857972764,27.0,53.0,393.6364532170427
540,stanowisko_7,summer,20.0,RNA,3,51.2401005420403,20.98517857972764,27.0,53.0,285.60994946031525
541,stanowisko_7,summer,50.0,DNA,3,51.2401005420403,20.98517857972764,27.0,53.0,134.21444985934812
542,stanowisko_7,summer,80.0,DNA,3,51.2401005420403,20.98517857972764,27.0,53.0,461.69328120157513
543,stanowisko_7,summer,80.0,RNA,3,51.2401005420403,20.98517857972764,27.0,53.0,683.7027214671265
544,stanowisko_7,summer,20.0,DNA,4,51.2401005420403,20.98517857972764,25.0,60.0,453.6584815004612
545,stanowisko_7,summer,20.0,RNA,4,51.2401005420403,20.98517857972764,25.0,60.0,995.654085068448
546,stanowisko_7,summer,50.0,RNA,4,51.2401005420403,20.98517857972764,25.0,60.0,390.6609263251928
547,stanowisko_7,summer,80.0,DNA,4,51.2401005420403,20.98517857972764,25.0,60.0,582.0428417835316
548,stanowisko_7,summer,80.0,RNA,4,51.2401005420403,20.98517857972764,25.0,60.0,344.7841697856412
549,stanowisko_7,summer,20.0,DNA,5,51.2401005420403,20.98517857972764,21.0,71.0,487.8739002827074
550,stanowisko_7,summer,20.0,RNA,5,51.2401005420403,20.98517857972764,21.0,71.0,382.52394869601954
551,stanowisko_7,summer,50.0,DNA,5,51.2401005420403,20.98517857972764,21.0,71.0,606.9452380669792
552,stanowisko_7,summer,80.0,DNA,5,51.2401005420403,20.98517857972764,21.0,71.0,153.44959975718007
553,stanowisko_7,summer,80.0,RNA,5,51.2401005420403,20.98517857972764,21.0,71.0,312.7618242296204
554,stanowisko_7,autumn,20.0,DNA,1,51.2401005420403,20.98517857972764,12.0,68.0,293.7299303118731
555,stanowisko_7,autumn,20.0,RNA,1,51.2401005420403,20.98517857972764,12.0,68.0,1.7242233774089757
556,stanowisko_7,autumn,50.0,DNA,1,51.2401005420403,20.98517857972764,12.0,68.0,685.7184410895925
557,stanowisko_7,autumn,50.0,RNA,1,51.2401005420403,20.98517857972764,12.0,68.0,1206.6501068771877
558,stanowisko_7,autumn,80.0,DNA,1,51.2401005420403,20.98517857972764,12.0,68.0,444.302544948996
559,stanowisko_7,autumn,80.0,RNA,1,51.2401005420403,20.98517857972764,12.0,68.0,460.2343943076838
560,stanowisko_7,autumn,20.0,RNA,2,51.2401005420403,20.98517857972764,13.0,74.0,730.236975230417
561,stanowisko_7,autumn,50.0,RNA,2,51.2401005420403,20.98517857972764,13.0,74.0,454.4128213952121
562,stanowisko_7,autumn,80.0,DNA,2,51.2401005420403,20.98517857972764,13.0,74.0,793.6339556694796
563,stanowisko_7,autumn,80.0,RNA,2,51.2401005420403,20.98517857972764,13.0,74.0,118.29067758244008
564,stanowisko_7,autumn,20.0,DNA,3,51.2401005420403,20.98517857972764,10.0,89.0,250.85112100542509
565,stanowisko_7,autumn,20.0,RNA,3,51.2401005420403,20.98517857972764,10.0,89.0,351.74166087858816
566,stanowisko_7,autumn,50.0,DNA,3,51.2401005420403,20.98517857972764,10.0,89.0,137.2002891346342
567,stanowisko_7,autumn,50.0,RNA,3,51.2401005420403,20.98517857972764,10.0,89.0,351.2026037613848
568,stanowisko_7,autumn,80.0,DNA,3,51.2401005420403,20.98517857972764,10.0,89.0,863.6468927857861
569,stanowisko_7,autumn,80.0,RNA,3,51.2401005420403,20.98517857972764,10.0,89.0,838.9695219431824
570,stanowisko_7,autumn,20.0,DNA,4,51.2401005420403,20.98517857972764,12.0,76.0,603.2226330689625
571,stanowisko_7,autumn,20.0,RNA,4,51.2401005420403,20.98517857972764,12.0,76.0,593.7883739280412
572,stanowisko_7,autumn,50.0,DNA,4,51.2401005420403,20.98517857972764,12.0,76.0,708.1659306332907
573,stanowisko_7,autumn,50.0,RNA,4,51.2401005420403,20.98517857972764,12.0,76.0,671.1837282331443
574,stanowisko_7,autumn,80.0,DNA,4,51.2401005420403,20.98517857972764,12.0,76.0,739.4587710765904
575,stanowisko_7,autumn,80.0,RNA,4,51.2401005420403,20.98517857972764,12.0,76.0,576.8278140921273
576,stanowisko_7,autumn,20.0,DNA,5,51.2401005420403,20.98517857972764,13.0,90.0,357.12805004086823
577,stanowisko_7,autumn,20.0,RNA,5,51.2401005420403,20.98517857972764,13.0,90.0,337.5560487915778
578,stanowisko_7,autumn,50.0,DNA,5,51.2401005420403,20.98517857972764,13.0,90.0,1172.7918977866743
579,stanowisko_7,autumn,50.0,RNA,5,51.2401005420403,20.98517857972764,13.0,90.0,1089.1461655334897
580,stanowisko_7,autumn,80.0,DNA,5,51.2401005420403,20.98517857972764,13.0,90.0,500.5567187802541
581,stanowisko_7,autumn,80.0,RNA,5,51.2401005420403,20.98517857972764,13.0,90.0,164.60196272644214
582,stanowisko_8,spring,20.0,DNA,1,53.52817421609682,18.09180493888665,10.0,41.0,834.1956685003438
583,stanowisko_8,spring,20.0,RNA,1,53.52817421609682,18.09180493888665,10.0,41.0,310.40111944350406
584,stanowisko_8,spring,50.0,DNA,1,53.52817421609682,18.09180493888665,10.0,41.0,506.94635648512383
585,stanowisko_8,spring,50.0,RNA,1,53.52817421609682,18.09180493888665,10.0,41.0,893.5593351551225
586,stanowisko_8,spring,80.0,DNA,1,53.52817421609682,18.09180493888665,10.0,41.0,725.6180042093916
587,stanowisko_8,spring,80.0,RNA,1,53.52817421609682,18.09180493888665,10.0,41.0,393.1563942848163
588,stanowisko_8,spring,20.0,DNA,2,53.52817421609682,18.09180493888665,12.0,39.0,667.0462444053886
589,stanowisko_8,spring,20.0,RNA,2,53.52817421609682,18.09180493888665,12.0,39.0,735.7972132518935
590,stanowisko_8,spring,50.0,DNA,2,53.52817421609682,18.09180493888665,12.0,39.0,482.9785450971261
591,stanowisko_8,spring,50.0,RNA,2,53.52817421609682,18.09180493888665,12.0,39.0,369.3255407280865
592,stanowisko_8,spring,80.0,DNA,2,53.52817421609682,18.09180493888665,12.0,39.0,752.2041471456661
593,stanowisko_8,spring,80.0,RNA,2,53.52817421609682,18.09180493888665,12.0,39.0,374.5845254399085
594,stanowisko_8,spring,20.0,DNA,3,53.52817421609682,18.09180493888665,13.0,24.0,490.4959804834537
595,stanowisko_8,spring,20.0,RNA,3,53.52817421609682,18.09180493888665,13.0,24.0,336.1245804444921
596,stanowisko_8,spring,50.0,DNA,3,53.52817421609682,18.09180493888665,13.0,24.0,189.5549392214152
597,stanowisko_8,spring,50.0,RNA,3,53.52817421609682,18.09180493888665,13.0,24.0,764.9595510555057
598,stanowisko_8,spring,80.0,DNA,3,53.52817421609682,18.09180493888665,13.0,24.0,678.4026761947548
599,stanowisko_8,spring,80.0,RNA,3,53.52817421609682,18.09180493888665,13.0,24.0,326.58467122091014
600,stanowisko_8,spring,20.0,DNA,4,53.52817421609682,18.09180493888665,11.0,32.0,403.7629398938018
601,stanowisko_8,spring,20.0,RNA,4,53.52817421609682,18.09180493888665,11.0,32.0,682.7817600913805
602,stanowisko_8,spring,50.0,DNA,4,53.52817421609682,18.09180493888665,11.0,32.0,199.31277931678608
603,stanowisko_8,spring,50.0,RNA,4,53.52817421609682,18.09180493888665,11.0,32.0,1062.2449049899217
604,stanowisko_8,spring,80.0,DNA,4,53.52817421609682,18.09180493888665,11.0,32.0,714.8624909972675
605,stanowisko_8,spring,80.0,RNA,4,53.52817421609682,18.09180493888665,11.0,32.0,260.61733626063364
606,stanowisko_8,spring,20.0,DNA,5,53.52817421609682,18.09180493888665,9.0,40.0,1232.005380569825
607,stanowisko_8,spring,20.0,RNA,5,53.52817421609682,18.09180493888665,9.0,40.0,717.7067941155963
608,stanowisko_8,spring,50.0,DNA,5,53.52817421609682,18.09180493888665,9.0,40.0,514.3231732413911
609,stanowisko_8,spring,50.0,RNA,5,53.52817421609682,18.09180493888665,9.0,40.0,681.7345962317879
610,stanowisko_8,spring,80.0,DNA,5,53.52817421609682,18.09180493888665,9.0,40.0,156.91482197351144
611,stanowisko_8,spring,80.0,RNA,5,53.52817421609682,18.09180493888665,9.0,40.0,237.02664834268825
612,stanowisko_8,summer,20.0,DNA,1,53.52817421609682,18.09180493888665,30.0,91.0,97.94425892415734
613,stanowisko_8,summer,20.0,RNA,1,53.52817421609682,18.09180493888665,30.0,91.0,353.27644645413204
614,stanowisko_8,summer,50.0,DNA,1,53.52817421609682,18.09180493888665,30.0,91.0,0.3739576344892157
615,stanowisko_8,summer,50.0,RNA,1,53.52817421609682,18.09180493888665,30.0,91.0,325.48169323088246
616,stanowisko_8,summer,80.0,DNA,1,53.52817421609682,18.09180493888665,30.0,91.0,863.1703064360506
617,stanowisko_8,summer,80.0,RNA,1,53.52817421609682,18.09180493888665,30.0,91.0,669.8196714028815
618,stanowisko_8,summer,20.0,DNA,2,53.52817421609682,18.09180493888665,28.0,104.0,963.893506932383
619,stanowisko_8,summer,20.0,RNA,2,53.52817421609682,18.09180493888665,28.0,104.0,349.3043948120344
620,stanowisko_8,summer,50.0,DNA,2,53.52817421609682,18.09180493888665,28.0,104.0,251.2393568824384
621,stanowisko_8,summer,50.0,RNA,2,53.52817421609682,18.09180493888665,28.0,104.0,332.8497099584962
622,stanowisko_8,summer,80.0,DNA,2,53.52817421609682,18.09180493888665,28.0,104.0,877.4981773842153
623,stanowisko_8,summer,80.0,RNA,2,53.52817421609682,18.09180493888665,28.0,104.0,421.6839177970053
624,stanowisko_8,summer,20.0,DNA,3,53.52817421609682,18.09180493888665,32.0,108.0,602.5131020740926
625,stanowisko_8,summer,20.0,RNA,3,53.52817421609682,18.09180493888665,32.0,108.0,827.0618895654794
626,stanowisko_8,summer,50.0,DNA,3,53.52817421609682,18.09180493888665,32.0,108.0,628.75737223233
627,stanowisko_8,summer,50.0,RNA,3,53.52817421609682,18.09180493888665,32.0,108.0,519.3843292442181
628,stanowisko_8,summer,80.0,DNA,3,53.52817421609682,18.09180493888665,32.0,108.0,1027.893238394112
629,stanowisko_8,summer,80.0,RNA,3,53.52817421609682,18.09180493888665,32.0,108.0,574.0128266500299
630,stanowisko_8,summer,20.0,DNA,4,53.52817421609682,18.09180493888665,30.0,98.0,208.4817406968388
631,stanowisko_8,summer,20.0,RNA,4,53.52817421609682,18.09180493888665,30.0,98.0,419.61423376422056
632,stanowisko_8,summer,50.0,DNA,4,53.52817421609682,18.09180493888665,30.0,98.0,732.5938869028349
633,stanowisko_8,summer,50.0,RNA,4,53.52817421609682,18.09180493888665,30.0,98.0,406.5187207234616
634,stanowisko_8,summer,80.0,DNA,4,53.52817421609682,18.09180493888665,30.0,98.0,358.2985551776235
635,stanowisko_8,summer,80.0,RNA,4,53.52817421609682,18.09180493888665,30.0,98.0,571.7292197294298
636,stanowisko_8,summer,20.0,DNA,5,53.52817421609682,18.09180493888665,27.0,98.0,1043.6944132745907
637,stanowisko_8,summer,20.0,RNA,5,53.52817421609682,18.09180493888665,27.0,98.0,631.9587587565306
638,stanowisko_8,summer,50.0,DNA,5,53.52817421609682,18.09180493888665,27.0,98.0,635.2597668435276
639,stanowisko_8,summer,50.0,RNA,5,53.52817421609682,18.09180493888665,27.0,98.0,600.5718843092629
640,stanowisko_8,summer,80.0,DNA,5,53.52817421609682,18.09180493888665,27.0,98.0,731.3255483653522
641,stanowisko_8,summer,80.0,RNA,5,53.52817421609682,18.09180493888665,27.0,98.0,770.9579493199562
642,stanowisko_8,autumn,20.0,DNA,1,53.52817421609682,18.09180493888665,7.0,66.0,487.5660719591269
643,stanowisko_8,autumn,20.0,RNA,1,53.52817421609682,18.09180493888665,7.0,66.0,656.665854967498
644,stanowisko_8,autumn,50.0,DNA,1,53.52817421609682,18.09180493888665,7.0,66.0,470.1022533135471
645,stanowisko_8,autumn,50.0,RNA,1,53.52817421609682,18.09180493888665,7.0,66.0,836.7114219822561
646,stanowisko_8,autumn,80.0,DNA,1,53.52817421609682,18.09180493888665,7.0,66.0,810.2346401677455
647,stanowisko_8,autumn,80.0,RNA,1,53.52817421609682,18.09180493888665,7.0,66.0,703.2657992394936
648,stanowisko_8,autumn,20.0,DNA,2,53.52817421609682,18.09180493888665,4.0,53.0,303.7341475725317
649,stanowisko_8,autumn,20.0,RNA,2,53.52817421609682,18.09180493888665,4.0,53.0,809.9275091751014
650,stanowisko_8,autumn,50.0,DNA,2,53.52817421609682,18.09180493888665,4.0,53.0,585.13635258703
651,stanowisko_8,autumn,50.0,RNA,2,53.52817421609682,18.09180493888665,4.0,53.0,730.0239792957175
652,stanowisko_8,autumn,80.0,DNA,2,53.52817421609682,18.09180493888665,4.0,53.0,338.9442937883041
653,stanowisko_8,autumn,80.0,RNA,2,53.52817421609682,18.09180493888665,4.0,53.0,688.9635784220662
654,stanowisko_8,autumn,20.0,DNA,3,53.52817421609682,18.09180493888665,5.0,44.0,649.6201098843856
655,stanowisko_8,autumn,20.0,RNA,3,53.52817421609682,18.09180493888665,5.0,44.0,752.7335139790348
656,stanowisko_8,autumn,50.0,DNA,3,53.52817421609682,18.09180493888665,5.0,44.0,125.62818755680274
657,stanowisko_8,autumn,50.0,RNA,3,53.52817421609682,18.09180493888665,5.0,44.0,301.8169092812973
658,stanowisko_8,autumn,80.0,DNA,3,53.52817421609682,18.09180493888665,5.0,44.0,620.0295199557343
659,stanowisko_8,autumn,80.0,RNA,3,53.52817421609682,18.09180493888665,5.0,44.0,585.1931672791188
660,stanowisko_8,autumn,20.0,DNA,4,53.52817421609682,18.09180493888665,1.0,55.0,492.2387740729347
661,stanowisko_8,autumn,20.0,RNA,4,53.52817421609682,18.09180493888665,1.0,55.0,468.1022711770991
662,stanowisko_8,autumn,50.0,DNA,4,53.52817421609682,18.09180493888665,1.0,55.0,653.4016710286481
663,stanowisko_8,autumn,50.0,RNA,4,53.52817421609682,18.09180493888665,1.0,55.0,154.93086256917292
664,stanowisko_8,autumn,80.0,DNA,4,53.52817421609682,18.09180493888665,1.0,55.0,304.74505831012
665,stanowisko_8,autumn,80.0,RNA,4,53.52817421609682,18.09180493888665,1.0,55.0,559.3664748486159
666,stanowisko_8,autumn,20.0,DNA,5,53.52817421609682,18.09180493888665,2.0,53.0,367.6572721307624
667,stanowisko_8,autumn,20.0,RNA,5,53.52817421609682,18.09180493888665,2.0,53.0,1052.8810358768008
668,stanowisko_8,autumn,50.0,DNA,5,53.52817421609682,18.09180493888665,2.0,53.0,65.83293107294776
669,stanowisko_8,autumn,50.0,RNA,5,53.52817421609682,18.09180493888665,2.0,53.0,565.1147342367165
670,stanowisko_8,autumn,80.0,DNA,5,53.52817421609682,18.09180493888665,2.0,53.0,676.6211413329564
671,stanowisko_8,autumn,80.0,RNA,5,53.52817421609682,18.09180493888665,2.0,53.0,843.9415698861442
672,stanowisko_9,spring,20.0,DNA,1,50.86545993908762,22.822394384023788,17.0,41.0,11.30493859693604
673,stanowisko_9,spring,20.0,RNA,1,50.86545993908762,22.822394384023788,17.0,41.0,88.77827871013426
674,stanowisko_9,spring,50.0,DNA,1,50.86545993908762,22.822394384023788,17.0,41.0,500.5756518441284
675,stanowisko_9,spring,80.0,RNA,1,50.86545993908762,22.822394384023788,17.0,41.0,1162.0076903925935
676,stanowisko_9,spring,20.0,RNA,2,50.86545993908762,22.822394384023788,18.0,35.0,141.1504313441115
677,stanowisko_9,spring,50.0,DNA,2,50.86545993908762,22.822394384023788,18.0,35.0,216.12195515927908
678,stanowisko_9,spring,50.0,RNA,2,50.86545993908762,22.822394384023788,18.0,35.0,197.4082528878724
679,stanowisko_9,spring,80.0,DNA,2,50.86545993908762,22.822394384023788,18.0,35.0,288.90156540508906
680,stanowisko_9,spring,80.0,RNA,2,50.86545993908762,22.822394384023788,18.0,35.0,857.0554925474328
681,stanowisko_9,spring,20.0,DNA,3,50.86545993908762,22.822394384023788,22.0,48.0,421.0409533385837
682,stanowisko_9,spring,20.0,RNA,3,50.86545993908762,22.822394384023788,22.0,48.0,327.6050815455389
683,stanowisko_9,spring,50.0,DNA,3,50.86545993908762,22.822394384023788,22.0,48.0,294.4398669956188
684,stanowisko_9,spring,80.0,DNA,3,50.86545993908762,22.822394384023788,22.0,48.0,509.9560621351179
685,stanowisko_9,spring,80.0,RNA,3,50.86545993908762,22.822394384023788,22.0,48.0,619.4742658884795
686,stanowisko_9,spring,20.0,DNA,4,50.86545993908762,22.822394384023788,26.0,53.0,240.9815029854406
687,stanowisko_9,spring,20.0,RNA,4,50.86545993908762,22.822394384023788,26.0,53.0,1015.4262643313964
688,stanowisko_9,spring,50.0,DNA,4,50.86545993908762,22.822394384023788,26.0,53.0,359.0209964769615
689,stanowisko_9,spring,50.0,RNA,4,50.86545993908762,22.822394384023788,26.0,53.0,227.11460201622145
690,stanowisko_9,spring,80.0,DNA,4,50.86545993908762,22.822394384023788,26.0,53.0,800.9130291573556
691,stanowisko_9,spring,80.0,RNA,4,50.86545993908762,22.822394384023788,26.0,53.0,407.3507038144288
692,stanowisko_9,spring,20.0,DNA,5,50.86545993908762,22.822394384023788,27.0,55.0,452.2506637533902
693,stanowisko_9,spring,20.0,RNA,5,50.86545993908762,22.822394384023788,27.0,55.0,576.4637143588691
694,stanowisko_9,spring,50.0,DNA,5,50.86545993908762,22.822394384023788,27.0,55.0,1139.8084162934024
695,stanowisko_9,spring,50.0,RNA,5,50.86545993908762,22.822394384023788,27.0,55.0,562.9679643027672
696,stanowisko_9,spring,80.0,DNA,5,50.86545993908762,22.822394384023788,27.0,55.0,1059.1782976783852
697,stanowisko_9,spring,80.0,RNA,5,50.86545993908762,22.822394384023788,27.0,55.0,616.9686009675379
698,stanowisko_9,summer,20.0,DNA,1,50.86545993908762,22.822394384023788,32.0,28.0,687.7380738602633
699,stanowisko_9,summer,20.0,RNA,1,50.86545993908762,22.822394384023788,32.0,28.0,613.7716301845425
700,stanowisko_9,summer,50.0,DNA,1,50.86545993908762,22.822394384023788,32.0,28.0,816.4210257885268
701,stanowisko_9,summer,50.0,RNA,1,50.86545993908762,22.822394384023788,32.0,28.0,609.3720174401878
702,stanowisko_9,summer,80.0,RNA,1,50.86545993908762,22.822394384023788,32.0,28.0,597.8201956082319
703,stanowisko_9,summer,20.0,DNA,2,50.86545993908762,22.822394384023788,36.0,30.0,988.8778123158172
704,stanowisko_9,summer,20.0,RNA,2,50.86545993908762,22.822394384023788,36.0,30.0,50.11977438334964
705,stanowisko_9,summer,50.0,DNA,2,50.86545993908762,22.822394384023788,36.0,30.0,828.9466504925911
706,stanowisko_9,summer,50.0,RNA,2,50.86545993908762,22.822394384023788,36.0,30.0,771.2265031824368
707,stanowisko_9,summer,80.0,DNA,2,50.86545993908762,22.822394384023788,36.0,30.0,382.7100460992667
708,stanowisko_9,summer,80.0,RNA,2,50.86545993908762,22.822394384023788,36.0,30.0,802.2305600811039
709,stanowisko_9,summer,20.0,DNA,3,50.86545993908762,22.822394384023788,39.0,28.0,779.4298712229642
710,stanowisko_9,summer,20.0,RNA,3,50.86545993908762,22.822394384023788,39.0,28.0,475.9013238027992
711,stanowisko_9,summer,50.0,DNA,3,50.86545993908762,22.822394384023788,39.0,28.0,468.9833851122768
712,stanowisko_9,summer,50.0,RNA,3,50.86545993908762,22.822394384023788,39.0,28.0,244.009544250957
713,stanowisko_9,summer,80.0,DNA,3,50.86545993908762,22.822394384023788,39.0,28.0,210.09352529461316
714,stanowisko_9,summer,80.0,RNA,3,50.86545993908762,22.822394384023788,39.0,28.0,723.644514679893
715,stanowisko_9,summer,20.0,DNA,4,50.86545993908762,22.822394384023788,38.0,18.0,420.8865583389973
716,stanowisko_9,summer,20.0,RNA,4,50.86545993908762,22.822394384023788,38.0,18.0,639.4635412570949
717,stanowisko_9,summer,50.0,DNA,4,50.86545993908762,22.822394384023788,38.0,18.0,305.04129638276663
718,stanowisko_9,summer,50.0,RNA,4,50.86545993908762,22.822394384023788,38.0,18.0,427.5457960272343
719,stanowisko_9,summer,80.0,DNA,4,50.86545993908762,22.822394384023788,38.0,18.0,314.1062266237609
720,stanowisko_9,summer,80.0,RNA,4,50.86545993908762,22.822394384023788,38.0,18.0,386.3392701704341
721,stanowisko_9,summer,20.0,DNA,5,50.86545993908762,22.822394384023788,39.0,19.0,482.2024309033147
722,stanowisko_9,summer,20.0,RNA,5,50.86545993908762,22.822394384023788,39.0,19.0,767.3332681701736
723,stanowisko_9,summer,50.0,DNA,5,50.86545993908762,22.822394384023788,39.0,19.0,129.15089544055485
724,stanowisko_9,summer,50.0,RNA,5,50.86545993908762,22.822394384023788,39.0,19.0,557.7127535987136
725,stanowisko_9,summer,80.0,DNA,5,50.86545993908762,22.822394384023788,39.0,19.0,500.70977844147137
726,stanowisko_9,summer,80.0,RNA,5,50.86545993908762,22.822394384023788,39.0,19.0,383.2148374812118
727,stanowisko_9,autumn,20.0,DNA,1,50.86545993908762,22.822394384023788,8.0,25.0,525.3274533557448
728,stanowisko_9,autumn,20.0,RNA,1,50.86545993908762,22.822394384023788,8.0,25.0,748.4422325336827
729,stanowisko_9,autumn,50.0,DNA,1,50.86545993908762,22.822394384023788,8.0,25.0,843.0166781740411
730,stanowisko_9,autumn,50.0,RNA,1,50.86545993908762,22.822394384023788,8.0,25.0,425.031438138685
731,stanowisko_9,autumn,80.0,DNA,1,50.86545993908762,22.822394384023788,8.0,25.0,288.29640130240614
732,stanowisko_9,autumn,80.0,RNA,1,50.86545993908762,22.822394384023788,8.0,25.0,250.37459083355668
733,stanowisko_9,autumn,20.0,DNA,2,50.86545993908762,22.822394384023788,9.0,24.0,487.366442943213
734,stanowisko_9,autumn,20.0,RNA,2,50.86545993908762,22.822394384023788,9.0,24.0,10.946272756951489
735,stanowisko_9,autumn,50.0,DNA,2,50.86545993908762,22.822394384023788,9.0,24.0,634.5707474834201
736,stanowisko_9,autumn,50.0,RNA,2,50.86545993908762,22.822394384023788,9.0,24.0,744.1605631665728
737,stanowisko_9,autumn,80.0,DNA,2,50.86545993908762,22.822394384023788,9.0,24.0,455.25513317119487
738,stanowisko_9,autumn,80.0,RNA,2,50.86545993908762,22.822394384023788,9.0,24.0,1035.068730219219
739,stanowisko_9,autumn,20.0,DNA,3,50.86545993908762,22.822394384023788,11.0,23.0,290.9033734938107
740,stanowisko_9,autumn,50.0,DNA,3,50.86545993908762,22.822394384023788,11.0,23.0,325.96772597750817
741,stanowisko_9,autumn,80.0,DNA,3,50.86545993908762,22.822394384023788,11.0,23.0,223.75869992280184
742,stanowisko_9,autumn,80.0,RNA,3,50.86545993908762,22.822394384023788,11.0,23.0,810.262852125094
743,stanowisko_9,autumn,20.0,DNA,4,50.86545993908762,22.822394384023788,9.0,30.0,1096.2780201872563
744,stanowisko_9,autumn,20.0,RNA,4,50.86545993908762,22.822394384023788,9.0,30.0,310.7528000451264
745,stanowisko_9,autumn,50.0,DNA,4,50.86545993908762,22.822394384023788,9.0,30.0,413.8867094932027
746,stanowisko_9,autumn,50.0,RNA,4,50.86545993908762,22.822394384023788,9.0,30.0,499.38123148518457
747,stanowisko_9,autumn,80.0,RNA,4,50.86545993908762,22.822394384023788,9.0,30.0,931.4000456893388
748,stanowisko_9,autumn,20.0,DNA,5,50.86545993908762,22.822394384023788,9.0,35.0,234.43767018201996
749,stanowisko_9,autumn,20.0,RNA,5,50.86545993908762,22.822394384023788,9.0,35.0,303.9400117542441
750,stanowisko_9,autumn,50.0,DNA,5,50.86545993908762,22.822394384023788,9.0,35.0,421.0009137702744
751,stanowisko_9,autumn,50.0,RNA,5,50.86545993908762,22.822394384023788,9.0,35.0,364.0733274011079
752,stanowisko_9,autumn,80.0,RNA,5,50.86545993908762,22.822394384023788,9.0,35.0,576.3447843875867
753,stanowisko_10,spring,20.0,DNA,1,52.35577032664666,22.077661632727825,8.0,15.0,764.6276252123529
754,stanowisko_10,spring,20.0,RNA,1,52.35577032664666,22.077661632727825,8.0,15.0,313.47263130048793
755,stanowisko_10,spring,50.0,DNA,1,52.35577032664666,22.077661632727825,8.0,15.0,617.6594013890967
756,stanowisko_10,spring,50.0,RNA,1,52.35577032664666,22.077661632727825,8.0,15.0,363.2545656411951
757,stanowisko_10,spring,80.0,DNA,1,52.35577032664666,22.077661632727825,8.0,15.0,734.5342422758406
758,stanowisko_10,spring,80.0,RNA,1,52.35577032664666,22.077661632727825,8.0,15.0,790.1013571576227
759,stanowisko_10,spring,20.0,DNA,2,52.35577032664666,22.077661632727825,12.0,13.0,521.7310193217116
760,stanowisko_10,spring,20.0,RNA,2,52.35577032664666,22.077661632727825,12.0,13.0,778.2778468212737
761,stanowisko_10,spring,50.0,DNA,2,52.35577032664666,22.077661632727825,12.0,13.0,981.0471400599696
762,stanowisko_10,spring,50.0,RNA,2,52.35577032664666,22.077661632727825,12.0,13.0,663.248162909706
763,stanowisko_10,spring,80.0,DNA,2,52.35577032664666,22.077661632727825,12.0,13.0,388.2134457794673
764,stanowisko_10,spring,80.0,RNA,2,52.35577032664666,22.077661632727825,12.0,13.0,754.685073971264
765,stanowisko_10,spring,20.0,DNA,3,52.35577032664666,22.077661632727825,14.0,9.0,407.7436793988299
766,stanowisko_10,spring,20.0,RNA,3,52.35577032664666,22.077661632727825,14.0,9.0,511.502169205814
767,stanowisko_10,spring,50.0,DNA,3,52.35577032664666,22.077661632727825,14.0,9.0,606.1388424444275
768,stanowisko_10,spring,80.0,DNA,3,52.35577032664666,22.077661632727825,14.0,9.0,591.6260020790229
769,stanowisko_10,spring,80.0,RNA,3,52.35577032664666,22.077661632727825,14.0,9.0,359.6624975947984
770,stanowisko_10,spring,20.0,DNA,4,52.35577032664666,22.077661632727825,15.0,7.0,611.7171900946205
771,stanowisko_10,spring,20.0,RNA,4,52.35577032664666,22.077661632727825,15.0,7.0,361.75333867379
772,stanowisko_10,spring,50.0,DNA,4,52.35577032664666,22.077661632727825,15.0,7.0,648.2659294786758
773,stanowisko_10,spring,50.0,RNA,4,52.35577032664666,22.077661632727825,15.0,7.0,436.5324135633394
774,stanowisko_10,spring,80.0,DNA,4,52.35577032664666,22.077661632727825,15.0,7.0,694.0837320443353
775,stanowisko_10,spring,80.0,RNA,4,52.35577032664666,22.077661632727825,15.0,7.0,130.04073302573823
776,stanowisko_10,summer,20.0,DNA,1,52.35577032664666,22.077661632727825,29.0,65.0,1045.7055773053526
777,stanowisko_10,summer,20.0,RNA,1,52.35577032664666,22.077661632727825,29.0,65.0,626.0202962655075
778,stanowisko_10,summer,50.0,DNA,1,52.35577032664666,22.077661632727825,29.0,65.0,503.4300518689247
779,stanowisko_10,summer,50.0,RNA,1,52.35577032664666,22.077661632727825,29.0,65.0,1170.4469781567136
780,stanowisko_10,summer,80.0,DNA,1,52.35577032664666,22.077661632727825,29.0,65.0,657.5920861361013
781,stanowisko_10,summer,80.0,RNA,1,52.35577032664666,22.077661632727825,29.0,65.0,495.3207251485306
782,stanowisko_10,summer,20.0,DNA,2,52.35577032664666,22.077661632727825,25.0,55.0,589.7532626854195
783,stanowisko_10,summer,20.0,RNA,2,52.35577032664666,22.077661632727825,25.0,55.0,452.7499513597031
784,stanowisko_10,summer,50.0,DNA,2,52.35577032664666,22.077661632727825,25.0,55.0,228.8169995452025
785,stanowisko_10,summer,50.0,RNA,2,52.35577032664666,22.077661632727825,25.0,55.0,421.6740234947408
786,stanowisko_10,summer,80.0,DNA,2,52.35577032664666,22.077661632727825,25.0,55.0,47.76698143062936
787,stanowisko_10,summer,80.0,RNA,2,52.35577032664666,22.077661632727825,25.0,55.0,591.0858593246949
788,stanowisko_10,summer,20.0,DNA,3,52.35577032664666,22.077661632727825,28.0,40.0,526.153110936583
789,stanowisko_10,summer,20.0,RNA,3,52.35577032664666,22.077661632727825,28.0,40.0,396.3071965290046
790,stanowisko_10,summer,50.0,DNA,3,52.35577032664666,22.077661632727825,28.0,40.0,174.92750032516312
791,stanowisko_10,summer,50.0,RNA,3,52.35577032664666,22.077661632727825,28.0,40.0,585.2309257664324
792,stanowisko_10,summer,80.0,DNA,3,52.35577032664666,22.077661632727825,28.0,40.0,610.5348163454648
793,stanowisko_10,summer,80.0,RNA,3,52.35577032664666,22.077661632727825,28.0,40.0,419.8000740822428
794,stanowisko_10,summer,20.0,DNA,4,52.35577032664666,22.077661632727825,28.0,49.0,1174.3183218536908
795,stanowisko_10,summer,20.0,RNA,4,52.35577032664666,22.077661632727825,28.0,49.0,562.791577125219
796,stanowisko_10,summer,50.0,DNA,4,52.35577032664666,22.077661632727825,28.0,49.0,1150.6739989706682
797,stanowisko_10,summer,50.0,RNA,4,52.35577032664666,22.077661632727825,28.0,49.0,563.9787685075783
798,stanowisko_10,summer,80.0,DNA,4,52.35577032664666,22.077661632727825,28.0,49.0,684.2133319122829
799,stanowisko_10,summer,80.0,RNA,4,52.35577032664666,22.077661632727825,28.0,49.0,304.696026790191
800,stanowisko_10,summer,20.0,DNA,5,52.35577032664666,22.077661632727825,25.0,61.0,672.0685272897374
801,stanowisko_10,summer,20.0,RNA,5,52.35577032664666,22.077661632727825,25.0,61.0,236.59476776563747
802,stanowisko_10,summer,50.0,DNA,5,52.35577032664666,22.077661632727825,25.0,61.0,548.7362886675264
803,stanowisko_10,summer,50.0,RNA,5,52.35577032664666,22.077661632727825,25.0,61.0,218.72875639813745
804,stanowisko_10,summer,80.0,DNA,5,52.35577032664666,22.077661632727825,25.0,61.0,684.2184560125263
805,stanowisko_10,summer,80.0,RNA,5,52.35577032664666,22.077661632727825,25.0,61.0,464.0601785594171
806,stanowisko_10,autumn,20.0,DNA,1,52.35577032664666,22.077661632727825,16.0,42.0,270.1678245681233
807,stanowisko_10,autumn,20.0,RNA,1,52.35577032664666,22.077661632727825,16.0,42.0,555.4693717905752
808,stanowisko_10,autumn,50.0,DNA,1,52.35577032664666,22.077661632727825,16.0,42.0,1018.0887478009336
809,stanowisko_10,autumn,50.0,RNA,1,52.35577032664666,22.077661632727825,16.0,42.0,674.243549398885
810,stanowisko_10,autumn,80.0,DNA,1,52.35577032664666,22.077661632727825,16.0,42.0,434.1487203571359
811,stanowisko_10,autumn,80.0,RNA,1,52.35577032664666,22.077661632727825,16.0,42.0,682.485557925005
812,stanowisko_10,autumn,20.0,DNA,2,52.35577032664666,22.077661632727825,15.0,51.0,651.7550036277423
813,stanowisko_10,autumn,20.0,RNA,2,52.35577032664666,22.077661632727825,15.0,51.0,925.51693432777
814,stanowisko_10,autumn,50.0,DNA,2,52.35577032664666,22.077661632727825,15.0,51.0,507.57172689991023
815,stanowisko_10,autumn,50.0,RNA,2,52.35577032664666,22.077661632727825,15.0,51.0,844.665867918575
816,stanowisko_10,autumn,80.0,DNA,2,52.35577032664666,22.077661632727825,15.0,51.0,596.5986968289955
817,stanowisko_10,autumn,80.0,RNA,2,52.35577032664666,22.077661632727825,15.0,51.0,542.5124707986822
818,stanowisko_10,autumn,20.0,DNA,3,52.35577032664666,22.077661632727825,14.0,41.0,322.06923431806865
819,stanowisko_10,autumn,20.0,RNA,3,52.35577032664666,22.077661632727825,14.0,41.0,362.071452290998
820,stanowisko_10,autumn,50.0,RNA,3,52.35577032664666,22.077661632727825,14.0,41.0,125.84225982636964
821,stanowisko_10,autumn,80.0,DNA,3,52.35577032664666,22.077661632727825,14.0,41.0,300.19161645205213
822,stanowisko_10,autumn,80.0,RNA,3,52.35577032664666,22.077661632727825,14.0,41.0,520.3110733889607
823,stanowisko_10,autumn,20.0,DNA,4,52.35577032664666,22.077661632727825,16.0,46.0,714.1921490077293
824,stanowisko_10,autumn,20.0,RNA,4,52.35577032664666,22.077661632727825,16.0,46.0,1022.0325521062268
825,stanowisko_10,autumn,50.0,DNA,4,52.35577032664666,22.077661632727825,16.0,46.0,572.1997160017456
826,stanowisko_10,autumn,50.0,RNA,4,52.35577032664666,22.077661632727825,16.0,46.0,637.2481386513545
827,stanowisko_10,autumn,80.0,DNA,4,52.35577032664666,22.077661632727825,16.0,46.0,445.73603534220615
828,stanowisko_10,autumn,80.0,RNA,4,52.35577032664666,22.077661632727825,16.0,46.0,591.6618735365704
829,stanowisko_10,autumn,20.0,DNA,5,52.35577032664666,220.77661632727825,12.0,40.0,1255.429059096925
830,stanowisko_10,autumn,20.0,RNA,5,52.35577032664666,22.077661632727825,12.0,40.0,406.3749425128271
831,stanowisko_10,autumn,50.0,DNA,5,52.35577032664666,22.077661632727825,12.0,40.0,1123.7472885019124
832,stanowisko_10,autumn,80.0,DNA,5,52.35577032664666,22.077661632727825,12.0,40.0,1055.5979089839066
833,stanowisko_10,autumn,80.0,RNA,5,52.35577032664666,22.077661632727825,12.0,40.0,275.5869463915856
834,stanowisko_11,spring,20.0,RNA,1,50.03141868020383,22.355054476047915,10.0,70.0,323.07968853378804
835,stanowisko_11,spring,50.0,DNA,1,50.03141868020383,22.355054476047915,10.0,70.0,522.965551928371
836,stanowisko_11,spring,50.0,RNA,1,50.03141868020383,22.355054476047915,10.0,70.0,677.0182993051942
837,stanowisko_11,spring,80.0,DNA,1,50.03141868020383,22.355054476047915,10.0,70.0,335.6598342941767
838,stanowisko_11,spring,80.0,RNA,1,50.03141868020383,22.355054476047915,10.0,70.0,548.0232306661269
839,stanowisko_11,spring,20.0,DNA,2,50.03141868020383,22.355054476047915,7.0,78.0,177.28512316855063
840,stanowisko_11,spring,20.0,RNA,2,50.03141868020383,22.355054476047915,7.0,78.0,800.4041560098786
841,stanowisko_11,spring,50.0,DNA,2,50.03141868020383,22.355054476047915,7.0,78.0,829.0365202262119
842,stanowisko_11,spring,50.0,RNA,2,50.03141868020383,22.355054476047915,7.0,78.0,521.9815818014382
843,stanowisko_11,spring,80.0,DNA,2,50.03141868020383,22.355054476047915,7.0,78.0,466.82365218067696
844,stanowisko_11,spring,80.0,RNA,2,50.03141868020383,22.355054476047915,7.0,78.0,800.1008933971884
845,stanowisko_11,spring,20.0,DNA,3,50.03141868020383,22.355054476047915,11.0,70.0,802.4153689189759
846,stanowisko_11,spring,20.0,RNA,3,50.03141868020383,22.355054476047915,11.0,70.0,707.594680383263
847,stanowisko_11,spring,50.0,DNA,3,50.03141868020383,22.355054476047915,11.0,70.0,269.2552856122677
848,stanowisko_11,spring,50.0,RNA,3,50.03141868020383,22.355054476047915,11.0,70.0,384.59219355617256
849,stanowisko_11,spring,80.0,DNA,3,50.03141868020383,22.355054476047915,11.0,70.0,695.2651961987248
850,stanowisko_11,spring,80.0,RNA,3,50.03141868020383,22.355054476047915,11.0,70.0,463.777959546093
851,stanowisko_11,spring,20.0,DNA,4,50.03141868020383,22.355054476047915,13.0,79.0,699.3468657106388
852,stanowisko_11,spring,20.0,RNA,4,50.03141868020383,22.355054476047915,13.0,79.0,901.9718297538496
853,stanowisko_11,spring,50.0,DNA,4,50.03141868020383,22.355054476047915,13.0,79.0,794.5090469852128
854,stanowisko_11,spring,50.0,RNA,4,50.03141868020383,22.355054476047915,13.0,79.0,1080.5718470328393
855,stanowisko_11,spring,80.0,DNA,4,50.03141868020383,22.355054476047915,13.0,79.0,196.4210601720208
856,stanowisko_11,spring,80.0,RNA,4,50.03141868020383,22.355054476047915,13.0,79.0,846.6468024635502
857,stanowisko_11,spring,20.0,DNA,5,50.03141868020383,22.355054476047915,10.0,87.0,151.9632600976159
858,stanowisko_11,spring,20.0,RNA,5,50.03141868020383,22.355054476047915,10.0,87.0,619.2638223836518
859,stanowisko_11,spring,50.0,DNA,5,50.03141868020383,22.355054476047915,10.0,87.0,564.8442958869133
860,stanowisko_11,spring,80.0,DNA,5,50.03141868020383,22.355054476047915,10.0,87.0,322.3748160263582
861,stanowisko_11,spring,80.0,RNA,5,50.03141868020383,22.355054476047915,10.0,87.0,868.761632194125
862,stanowisko_11,summer,20.0,DNA,1,50.03141868020383,22.355054476047915,20.0,69.0,55.45742888851055
863,stanowisko_11,summer,20.0,RNA,1,50.03141868020383,22.355054476047915,20.0,69.0,349.9698702532065
864,stanowisko_11,summer,50.0,RNA,1,50.03141868020383,22.355054476047915,20.0,69.0,740.2135964115571
865,stanowisko_11,summer,80.0,DNA,1,50.03141868020383,22.355054476047915,20.0,69.0,476.26576699650127
866,stanowisko_11,summer,80.0,RNA,1,50.03141868020383,22.355054476047915,20.0,69.0,217.5406043967857
867,stanowisko_11,summer,20.0,RNA,2,50.03141868020383,22.355054476047915,16.0,67.0,702.2583463575958
868,stanowisko_11,summer,50.0,DNA,2,50.03141868020383,22.355054476047915,16.0,67.0,30.612670768064163
869,stanowisko_11,summer,50.0,RNA,2,50.03141868020383,22.355054476047915,16.0,67.0,882.5336677459056
870,stanowisko_11,summer,80.0,DNA,2,50.03141868020383,22.355054476047915,16.0,67.0,501.3236660791619
871,stanowisko_11,summer,80.0,RNA,2,50.03141868020383,22.355054476047915,16.0,67.0,171.56175899644415
872,stanowisko_11,summer,20.0,DNA,3,50.03141868020383,22.355054476047915,20.0,54.0,960.0260653093612
873,stanowisko_11,summer,20.0,RNA,3,50.03141868020383,22.355054476047915,20.0,54.0,472.5000643437546
874,stanowisko_11,summer,50.0,DNA,3,50.03141868020383,22.355054476047915,20.0,54.0,152.87239817804436
875,stanowisko_11,summer,50.0,RNA,3,50.03141868020383,22.355054476047915,20.0,54.0,354.5223715538198
876,stanowisko_11,summer,80.0,DNA,3,50.03141868020383,22.355054476047915,20.0,54.0,690.1636769155685
877,stanowisko_11,summer,80.0,RNA,3,50.03141868020383,22.355054476047915,20.0,54.0,222.61627638247188
878,stanowisko_11,summer,20.0,DNA,4,50.03141868020383,22.355054476047915,21.0,50.0,361.9303542214054
879,stanowisko_11,summer,20.0,RNA,4,50.03141868020383,22.355054476047915,21.0,50.0,124.99722313942436
880,stanowisko_11,summer,50.0,DNA,4,50.03141868020383,22.355054476047915,21.0,50.0,625.6803216497093
881,stanowisko_11,summer,50.0,RNA,4,50.03141868020383,22.355054476047915,21.0,50.0,172.0842932273447
882,stanowisko_11,summer,80.0,RNA,4,50.03141868020383,22.355054476047915,21.0,50.0,763.0883531099048
883,stanowisko_11,summer,20.0,DNA,5,50.03141868020383,22.355054476047915,25.0,45.0,637.5998805034423
884,stanowisko_11,summer,20.0,RNA,5,50.03141868020383,22.355054476047915,25.0,45.0,564.9619766999934
885,stanowisko_11,summer,50.0,DNA,5,50.03141868020383,22.355054476047915,25.0,45.0,424.3004757271071
886,stanowisko_11,summer,50.0,RNA,5,50.03141868020383,22.355054476047915,25.0,45.0,185.19037731272527
887,stanowisko_11,summer,80.0,DNA,5,50.03141868020383,22.355054476047915,25.0,45.0,69.57746099615963
888,stanowisko_11,summer,80.0,RNA,5,50.03141868020383,22.355054476047915,25.0,45.0,838.1452261868371
889,stanowisko_11,autumn,20.0,DNA,1,50.03141868020383,22.355054476047915,18.0,52.0,464.3614594206041
890,stanowisko_11,autumn,20.0,RNA,1,50.03141868020383,22.355054476047915,18.0,52.0,574.7043741624454
891,stanowisko_11,autumn,50.0,DNA,1,50.03141868020383,22.355054476047915,18.0,52.0,510.1785913205135
892,stanowisko_11,autumn,50.0,RNA,1,50.03141868020383,22.355054476047915,18.0,52.0,412.40083516567086
893,stanowisko_11,autumn,80.0,DNA,1,50.03141868020383,22.355054476047915,18.0,52.0,880.3737392506698
894,stanowisko_11,autumn,80.0,RNA,1,50.03141868020383,22.355054476047915,18.0,52.0,484.87692289498017
895,stanowisko_11,autumn,20.0,DNA,2,50.03141868020383,22.355054476047915,16.0,65.0,781.4304697162509
896,stanowisko_11,autumn,20.0,RNA,2,50.03141868020383,22.355054476047915,16.0,65.0,571.0865452532181
897,stanowisko_11,autumn,50.0,RNA,2,50.03141868020383,22.355054476047915,16.0,65.0,444.8019006860396
898,stanowisko_11,autumn,80.0,DNA,2,50.03141868020383,22.355054476047915,16.0,65.0,690.0202436625793
899,stanowisko_11,autumn,80.0,RNA,2,50.03141868020383,22.355054476047915,16.0,65.0,510.6121814161315
900,stanowisko_11,autumn,20.0,DNA,3,50.03141868020383,22.355054476047915,12.0,67.0,147.34668580599725
901,stanowisko_11,autumn,20.0,RNA,3,50.03141868020383,22.355054476047915,12.0,67.0,1109.9987533261524
902,stanowisko_11,autumn,50.0,DNA,3,50.03141868020383,22.355054476047915,12.0,67.0,549.7998729836348
903,stanowisko_11,autumn,50.0,RNA,3,50.03141868020383,22.355054476047915,12.0,67.0,527.0881437705428
904,stanowisko_11,autumn,80.0,RNA,3,50.03141868020383,22.355054476047915,12.0,67.0,57.80453264386699
905,stanowisko_11,autumn,20.0,DNA,4,50.03141868020383,22.355054476047915,13.0,55.0,621.8922097945989
906,stanowisko_11,autumn,20.0,RNA,4,50.03141868020383,22.355054476047915,13.0,55.0,786.1815186299564
907,stanowisko_11,autumn,50.0,DNA,4,50.03141868020383,22.355054476047915,13.0,55.0,900.938298301588
908,stanowisko_11,autumn,50.0,RNA,4,50.03141868020383,22.355054476047915,13.0,55.0,601.5945050356306
909,stanowisko_11,autumn,80.0,DNA,4,50.03141868020383,22.355054476047915,13.0,55.0,267.4665613282224
910,stanowisko_11,autumn,80.0,RNA,4,50.03141868020383,22.355054476047915,13.0,55.0,653.4616603991642
911,stanowisko_11,autumn,20.0,DNA,5,50.03141868020383,22.355054476047915,14.0,52.0,424.44125655807255
912,stanowisko_11,autumn,20.0,RNA,5,50.03141868020383,22.355054476047915,14.0,52.0,259.0223775660445
913,stanowisko_11,autumn,50.0,DNA,5,50.03141868020383,22.355054476047915,14.0,52.0,109.06405542293214
914,stanowisko_11,autumn,50.0,RNA,5,50.03141868020383,22.355054476047915,14.0,52.0,637.3039762759063
915,stanowisko_11,autumn,80.0,DNA,5,50.03141868020383,22.355054476047915,14.0,52.0,735.7396222652935
916,stanowisko_12,spring,20.0,DNA,1,50.495823805834206,21.01827394277883,5.0,73.0,828.7598338034347
917,stanowisko_12,spring,50.0,DNA,1,50.495823805834206,21.01827394277883,5.0,73.0,433.4575613350438
918,stanowisko_12,spring,80.0,DNA,1,50.495823805834206,21.01827394277883,5.0,73.0,657.2002481220577
919,stanowisko_12,spring,80.0,RNA,1,50.495823805834206,21.01827394277883,5.0,73.0,98.91477024724958
920,stanowisko_12,spring,20.0,RNA,2,50.495823805834206,21.01827394277883,9.0,75.0,520.6428489418751
921,stanowisko_12,spring,50.0,DNA,2,50.495823805834206,21.01827394277883,9.0,75.0,472.091553232454
922,stanowisko_12,spring,50.0,RNA,2,50.495823805834206,21.01827394277883,9.0,75.0,158.0442074737628
923,stanowisko_12,spring,80.0,DNA,2,50.495823805834206,21.01827394277883,9.0,75.0,714.9058074535834
924,stanowisko_12,spring,80.0,RNA,2,50.495823805834206,21.01827394277883,9.0,75.0,597.5464164231643
925,stanowisko_12,spring,20.0,DNA,3,50.495823805834206,21.01827394277883,6.0,85.0,795.6572522864128
926,stanowisko_12,spring,20.0,RNA,3,50.495823805834206,21.01827394277883,6.0,85.0,419.8585011721101
927,stanowisko_12,spring,50.0,DNA,3,50.495823805834206,21.01827394277883,6.0,85.0,655.6599113524424
928,stanowisko_12,spring,50.0,RNA,3,50.495823805834206,21.01827394277883,6.0,85.0,453.3262814738986
929,stanowisko_12,spring,80.0,DNA,3,50.495823805834206,21.01827394277883,6.0,85.0,1060.3927382243942
930,stanowisko_12,spring,80.0,RNA,3,50.495823805834206,21.01827394277883,6.0,85.0,782.7263194105433
931,stanowisko_12,spring,20.0,DNA,4,50.495823805834206,21.01827394277883,6.0,74.0,26.13927114698265
932,stanowisko_12,spring,20.0,RNA,4,50.495823805834206,21.01827394277883,6.0,74.0,1120.9584200571317
933,stanowisko_12,spring,50.0,DNA,4,50.495823805834206,21.01827394277883,6.0,74.0,726.6658546759165
934,stanowisko_12,spring,50.0,RNA,4,50.495823805834206,21.01827394277883,6.0,74.0,507.1823961931989
935,stanowisko_12,spring,20.0,DNA,5,50.495823805834206,21.01827394277883,7.0,85.0,644.6146486672908
936,stanowisko_12,spring,20.0,RNA,5,50.495823805834206,21.01827394277883,7.0,85.0,1119.6073529601413
937,stanowisko_12,spring,50.0,DNA,5,50.495823805834206,21.01827394277883,7.0,85.0,245.65769995157407
938,stanowisko_12,spring,50.0,RNA,5,50.495823805834206,21.01827394277883,7.0,85.0,769.089738343064
939,stanowisko_12,spring,80.0,DNA,5,50.495823805834206,21.01827394277883,7.0,85.0,583.2743508576708
940,stanowisko_12,spring,80.0,RNA,5,50.495823805834206,21.01827394277883,7.0,85.0,186.02920114949228
941,stanowisko_12,summer,20.0,DNA,1,50.495823805834206,21.01827394277883,30.0,62.0,743.6464002853861
942,stanowisko_12,summer,20.0,RNA,1,50.495823805834206,21.01827394277883,30.0,62.0,457.5408719322821
943,stanowisko_12,summer,50.0,DNA,1,50.495823805834206,21.01827394277883,30.0,62.0,628.8421207206686
944,stanowisko_12,summer,50.0,RNA,1,50.495823805834206,21.01827394277883,30.0,62.0,402.4264422877067
945,stanowisko_12,summer,80.0,DNA,1,50.495823805834206,21.01827394277883,30.0,62.0,481.41694987732217
946,stanowisko_12,summer,20.0,DNA,2,50.495823805834206,21.01827394277883,34.0,60.0,716.3585220893505
947,stanowisko_12,summer,20.0,RNA,2,50.495823805834206,21.01827394277883,34.0,60.0,509.50663574937664
948,stanowisko_12,summer,50.0,DNA,2,50.495823805834206,21.01827394277883,34.0,60.0,66.21051573289674
949,stanowisko_12,summer,50.0,RNA,2,50.495823805834206,21.01827394277883,34.0,60.0,79.8082686435273
950,stanowisko_12,summer,80.0,DNA,2,50.495823805834206,21.01827394277883,34.0,60.0,526.746082035749
951,stanowisko_12,summer,80.0,RNA,2,50.495823805834206,21.01827394277883,34.0,60.0,331.199171900107
952,stanowisko_12,summer,20.0,DNA,3,50.495823805834206,21.01827394277883,38.0,55.0,1092.8267916465988
953,stanowisko_12,summer,20.0,RNA,3,50.495823805834206,21.01827394277883,38.0,55.0,605.9794207676507
954,stanowisko_12,summer,50.0,RNA,3,50.495823805834206,21.01827394277883,38.0,55.0,1280.3298863793666
955,stanowisko_12,summer,80.0,DNA,3,50.495823805834206,21.01827394277883,38.0,55.0,688.8808061439802
956,stanowisko_12,summer,80.0,RNA,3,50.495823805834206,21.01827394277883,38.0,55.0,154.79003111012833
957,stanowisko_12,summer,20.0,DNA,4,50.495823805834206,21.01827394277883,38.0,65.0,979.9170795720728
958,stanowisko_12,summer,20.0,RNA,4,50.495823805834206,21.01827394277883,38.0,65.0,639.290765099168
959,stanowisko_12,summer,50.0,DNA,4,50.495823805834206,21.01827394277883,38.0,65.0,755.0140304692652
960,stanowisko_12,summer,50.0,RNA,4,50.495823805834206,21.01827394277883,38.0,65.0,460.9448727349028
961,stanowisko_12,summer,80.0,DNA,4,50.495823805834206,21.01827394277883,38.0,65.0,1293.2157456585103
962,stanowisko_12,summer,80.0,RNA,4,50.495823805834206,21.01827394277883,38.0,65.0,1240.958707799262
963,stanowisko_12,summer,20.0,DNA,5,50.495823805834206,21.01827394277883,34.0,55.0,249.904673382164
964,stanowisko_12,summer,20.0,RNA,5,50.495823805834206,21.01827394277883,34.0,55.0,628.4526147562842
965,stanowisko_12,summer,50.0,DNA,5,50.495823805834206,21.01827394277883,34.0,55.0,718.8437155612144
966,stanowisko_12,summer,50.0,RNA,5,50.495823805834206,21.01827394277883,34.0,55.0,714.3074649563574
967,stanowisko_12,summer,80.0,DNA,5,50.495823805834206,21.01827394277883,34.0,55.0,129.94664624009692
968,stanowisko_12,summer,80.0,RNA,5,50.495823805834206,21.01827394277883,34.0,55.0,469.092396362992
969,stanowisko_12,autumn,20.0,DNA,1,50.495823805834206,21.01827394277883,21.0,41.0,453.1829378019909
970,stanowisko_12,autumn,50.0,DNA,1,50.495823805834206,21.01827394277883,21.0,41.0,920.984468918439
971,stanowisko_12,autumn,50.0,RNA,1,50.495823805834206,21.01827394277883,21.0,41.0,13.499092467345406
972,stanowisko_12,autumn,80.0,DNA,1,50.495823805834206,21.01827394277883,21.0,41.0,632.4513471195671
973,stanowisko_12,autumn,80.0,RNA,1,50.495823805834206,21.01827394277883,21.0,41.0,700.4650019987643
974,stanowisko_12,autumn,20.0,DNA,2,50.495823805834206,21.01827394277883,24.0,30.0,635.249433299787
975,stanowisko_12,autumn,20.0,RNA,2,50.495823805834206,21.01827394277883,24.0,30.0,187.2551323679707
976,stanowisko_12,autumn,50.0,DNA,2,50.495823805834206,21.01827394277883,24.0,30.0,786.2785249894057
977,stanowisko_12,autumn,50.0,RNA,2,50.495823805834206,21.01827394277883,24.0,30.0,770.3149029542609
978,stanowisko_12,autumn,80.0,DNA,2,50.495823805834206,21.01827394277883,24.0,30.0,744.8664307399486
979,stanowisko_12,autumn,80.0,RNA,2,50.495823805834206,21.01827394277883,24.0,30.0,702.1090001414952
980,stanowisko_12,autumn,20.0,DNA,3,50.495823805834206,21.01827394277883,27.0,41.0,953.8280262649145
981,stanowisko_12,autumn,20.0,RNA,3,50.495823805834206,21.01827394277883,27.0,41.0,780.7508550173435
982,stanowisko_12,autumn,50.0,DNA,3,50.495823805834206,21.01827394277883,27.0,41.0,298.39498444309686
983,stanowisko_12,autumn,50.0,RNA,3,50.495823805834206,21.01827394277883,27.0,41.0,371.499924042288
984,stanowisko_12,autumn,80.0,DNA,3,50.495823805834206,21.01827394277883,27.0,41.0,753.0691973396569
985,stanowisko_12,autumn,80.0,RNA,3,50.495823805834206,21.01827394277883,27.0,41.0,588.5223180324152
986,stanowisko_12,autumn,20.0,DNA,4,50.495823805834206,21.01827394277883,31.0,45.0,391.4495912512391
987,stanowisko_12,autumn,20.0,RNA,4,50.495823805834206,21.01827394277883,31.0,45.0,447.5381087562072
988,stanowisko_12,autumn,50.0,DNA,4,50.495823805834206,21.01827394277883,31.0,45.0,231.4459471448473
989,stanowisko_12,autumn,50.0,RNA,4,50.495823805834206,21.01827394277883,31.0,45.0,574.8708306612119
990,stanowisko_12,autumn,80.0,DNA,4,50.495823805834206,21.01827394277883,31.0,45.0,488.3632369406494
991,stanowisko_12,autumn,20.0,DNA,5,50.495823805834206,21.01827394277883,32.0,50.0,290.72260120114026
992,stanowisko_12,autumn,20.0,RNA,5,50.495823805834206,21.01827394277883,32.0,50.0,507.8919743394817
993,stanowisko_12,autumn,50.0,DNA,5,50.495823805834206,21.01827394277883,32.0,50.0,835.5822755635536
994,stanowisko_12,autumn,50.0,RNA,5,50.495823805834206,21.01827394277883,32.0,50.0,536.9672168926637
995,stanowisko_12,autumn,80.0,DNA,5,50.495823805834206,21.01827394277883,32.0,50.0,121.45178900454994
996,stanowisko_12,autumn,80.0,RNA,5,50.495823805834206,21.01827394277883,32.0,50.0,985.8784545813614
997,stanowisko_13,spring,20.0,DNA,1,51.69461164456139,15.468611367158232,21.0,74.0,499.1470363558371
998,stanowisko_13,spring,20.0,RNA,1,51.69461164456139,15.468611367158232,21.0,74.0,332.22920979384844
999,stanowisko_13,spring,50.0,DNA,1,51.69461164456139,15.468611367158232,21.0,74.0,692.3848005115565
1000,stanowisko_13,spring,50.0,RNA,1,51.69461164456139,15.468611367158232,21.0,74.0,603.018284641245
1001,stanowisko_13,spring,80.0,DNA,1,51.69461164456139,15.468611367158232,21.0,74.0,136.0515559457698
1002,stanowisko_13,spring,80.0,RNA,1,51.69461164456139,15.468611367158232,21.0,74.0,909.1478016711376
1003,stanowisko_13,spring,20.0,DNA,2,51.69461164456139,15.468611367158232,25.0,62.0,629.9922451204377
1004,stanowisko_13,spring,20.0,RNA,2,51.69461164456139,15.468611367158232,25.0,62.0,312.16489680769666
1005,stanowisko_13,spring,50.0,DNA,2,51.69461164456139,15.468611367158232,25.0,62.0,161.6842648762389
1006,stanowisko_13,spring,50.0,RNA,2,51.69461164456139,15.468611367158232,25.0,62.0,449.76448594163367
1007,stanowisko_13,spring,80.0,DNA,2,51.69461164456139,15.468611367158232,25.0,62.0,417.2070715383401
1008,stanowisko_13,spring,80.0,RNA,2,51.69461164456139,15.468611367158232,25.0,62.0,507.6733104979984
1009,stanowisko_13,spring,20.0,DNA,3,51.69461164456139,15.468611367158232,22.0,55.0,542.4108842200619
1010,stanowisko_13,spring,20.0,RNA,3,51.69461164456139,15.468611367158232,22.0,55.0,550.3270631668277
1011,stanowisko_13,spring,50.0,DNA,3,51.69461164456139,15.468611367158232,22.0,55.0,661.9035085519205
1012,stanowisko_13,spring,50.0,RNA,3,51.69461164456139,15.468611367158232,22.0,55.0,162.10055534435924
1013,stanowisko_13,spring,80.0,DNA,3,51.69461164456139,15.468611367158232,22.0,55.0,385.1617397191894
1014,stanowisko_13,spring,80.0,RNA,3,51.69461164456139,15.468611367158232,22.0,55.0,288.4070868177355
1015,stanowisko_13,spring,20.0,DNA,4,51.69461164456139,15.468611367158232,20.0,65.0,441.5955565490775
1016,stanowisko_13,spring,20.0,RNA,4,51.69461164456139,15.468611367158232,20.0,65.0,960.174109167916
1017,stanowisko_13,spring,50.0,DNA,4,51.69461164456139,15.468611367158232,20.0,65.0,392.1066563419493
1018,stanowisko_13,spring,50.0,RNA,4,51.69461164456139,15.468611367158232,20.0,65.0,429.3315038360997
1019,stanowisko_13,spring,80.0,DNA,4,51.69461164456139,15.468611367158232,20.0,65.0,440.6720017797254
1020,stanowisko_13,spring,80.0,RNA,4,51.69461164456139,15.468611367158232,20.0,65.0,411.3314042524973
1021,stanowisko_13,spring,20.0,DNA,5,51.69461164456139,15.468611367158232,21.0,53.0,566.649403624078
1022,stanowisko_13,spring,20.0,RNA,5,51.69461164456139,15.468611367158232,21.0,53.0,427.4669559335306
1023,stanowisko_13,spring,50.0,DNA,5,51.69461164456139,15.468611367158232,21.0,53.0,644.9100842084622
1024,stanowisko_13,spring,50.0,RNA,5,51.69461164456139,15.468611367158232,21.0,53.0,649.9778186860015
1025,stanowisko_13,spring,80.0,DNA,5,51.69461164456139,15.468611367158232,21.0,53.0,387.34328071460016
1026,stanowisko_13,summer,20.0,DNA,1,51.69461164456139,15.468611367158232,24.0,36.0,1094.7298957702371
1027,stanowisko_13,summer,20.0,RNA,1,51.69461164456139,15.468611367158232,24.0,36.0,675.6507650257842
1028,stanowisko_13,summer,50.0,DNA,1,51.69461164456139,15.468611367158232,24.0,36.0,593.5188399628119
1029,stanowisko_13,summer,50.0,RNA,1,51.69461164456139,15.468611367158232,24.0,36.0,1073.944958506138
1030,stanowisko_13,summer,80.0,DNA,1,51.69461164456139,15.468611367158232,24.0,36.0,924.2013389440518
1031,stanowisko_13,summer,80.0,RNA,1,51.69461164456139,15.468611367158232,24.0,36.0,231.83389694277477
1032,stanowisko_13,summer,20.0,DNA,2,51.69461164456139,15.468611367158232,23.0,30.0,406.232256556237
1033,stanowisko_13,summer,20.0,RNA,2,51.69461164456139,15.468611367158232,23.0,30.0,312.1204476244829
1034,stanowisko_13,summer,50.0,DNA,2,51.69461164456139,15.468611367158232,23.0,30.0,381.5117315318925
1035,stanowisko_13,summer,50.0,RNA,2,51.69461164456139,15.468611367158232,23.0,30.0,615.5029179036299
1036,stanowisko_13,summer,80.0,DNA,2,51.69461164456139,15.468611367158232,23.0,30.0,876.414815984595
1037,stanowisko_13,summer,20.0,DNA,3,51.69461164456139,15.468611367158232,24.0,41.0,531.7330573503756
1038,stanowisko_13,summer,20.0,RNA,3,51.69461164456139,15.468611367158232,24.0,41.0,569.565127678306
1039,stanowisko_13,summer,50.0,DNA,3,51.69461164456139,15.468611367158232,24.0,41.0,784.2767624428191
1040,stanowisko_13,summer,50.0,RNA,3,51.69461164456139,15.468611367158232,24.0,41.0,362.5567147859769
1041,stanowisko_13,summer,80.0,DNA,3,51.69461164456139,15.468611367158232,24.0,41.0,630.4181339608284
1042,stanowisko_13,summer,80.0,RNA,3,51.69461164456139,15.468611367158232,24.0,41.0,845.2634572600407
1043,stanowisko_13,summer,20.0,DNA,4,51.69461164456139,15.468611367158232,20.0,55.0,949.3800819563934
1044,stanowisko_13,summer,20.0,RNA,4,51.69461164456139,15.468611367158232,20.0,55.0,445.01189374852737
1045,stanowisko_13,summer,50.0,DNA,4,51.69461164456139,15.468611367158232,20.0,55.0,247.3215107391601
1046,stanowisko_13,summer,80.0,DNA,4,51.69461164456139,15.468611367158232,20.0,55.0,124.8194081270148
1047,stanowisko_13,summer,80.0,RNA,4,51.69461164456139,15.468611367158232,20.0,55.0,922.3275855525602
1048,stanowisko_13,summer,20.0,DNA,5,51.69461164456139,15.468611367158232,22.0,59.0,1207.110402626448
1049,stanowisko_13,summer,20.0,RNA,5,51.69461164456139,15.468611367158232,22.0,59.0,1176.4384865922495
1050,stanowisko_13,summer,50.0,DNA,5,51.69461164456139,15.468611367158232,22.0,59.0,49.53132928701291
1051,stanowisko_13,summer,50.0,RNA,5,51.69461164456139,15.468611367158232,22.0,59.0,37.30376158567435
1052,stanowisko_13,summer,80.0,DNA,5,51.69461164456139,15.468611367158232,22.0,59.0,443.6234011689716
1053,stanowisko_13,summer,80.0,RNA,5,51.69461164456139,15.468611367158232,22.0,59.0,733.7147128066234
1054,stanowisko_13,autumn,20.0,DNA,1,51.69461164456139,15.468611367158232,8.0,64.0,887.4760657774824
1055,stanowisko_13,autumn,20.0,RNA,1,51.69461164456139,15.468611367158232,8.0,64.0,455.9322440039781
1056,stanowisko_13,autumn,50.0,DNA,1,51.69461164456139,15.468611367158232,8.0,64.0,940.983150862148
1057,stanowisko_13,autumn,50.0,RNA,1,51.69461164456139,15.468611367158232,8.0,64.0,725.4509198833355
1058,stanowisko_13,autumn,80.0,DNA,1,51.69461164456139,15.468611367158232,8.0,64.0,169.82899253089153
1059,stanowisko_13,autumn,80.0,RNA,1,51.69461164456139,15.468611367158232,8.0,64.0,751.85216362977
1060,stanowisko_13,autumn,20.0,DNA,2,51.69461164456139,15.468611367158232,9.0,54.0,626.8518567069109
1061,stanowisko_13,autumn,20.0,RNA,2,51.69461164456139,15.468611367158232,9.0,54.0,1039.7277343750916
1062,stanowisko_13,autumn,50.0,DNA,2,51.69461164456139,15.468611367158232,9.0,54.0,263.12790547186955
1063,stanowisko_13,autumn,50.0,RNA,2,51.69461164456139,15.468611367158232,9.0,54.0,584.7774430458777
1064,stanowisko_13,autumn,80.0,DNA,2,51.69461164456139,15.468611367158232,9.0,54.0,897.3286391338555
1065,stanowisko_13,autumn,80.0,RNA,2,51.69461164456139,15.468611367158232,9.0,54.0,295.19608572342656
1066,stanowisko_13,autumn,20.0,DNA,3,51.69461164456139,15.468611367158232,8.0,52.0,551.1141718371698
1067,stanowisko_13,autumn,20.0,RNA,3,51.69461164456139,15.468611367158232,8.0,52.0,485.4369147210256
1068,stanowisko_13,autumn,50.0,DNA,3,51.69461164456139,15.468611367158232,8.0,52.0,104.6686662545793
1069,stanowisko_13,autumn,50.0,RNA,3,51.69461164456139,15.468611367158232,8.0,52.0,796.0555809325306
1070,stanowisko_13,autumn,80.0,DNA,3,51.69461164456139,15.468611367158232,8.0,52.0,668.6339268579718
1071,stanowisko_13,autumn,80.0,RNA,3,51.69461164456139,15.468611367158232,8.0,52.0,679.2997087954736
1072,stanowisko_13,autumn,20.0,DNA,4,51.69461164456139,15.468611367158232,9.0,49.0,926.9989100003849
1073,stanowisko_13,autumn,20.0,RNA,4,51.69461164456139,15.468611367158232,9.0,49.0,525.6699763268124
1074,stanowisko_13,autumn,50.0,DNA,4,51.69461164456139,15.468611367158232,9.0,49.0,912.8066799600774
1075,stanowisko_13,autumn,50.0,RNA,4,51.69461164456139,15.468611367158232,9.0,49.0,627.4640297674518
1076,stanowisko_13,autumn,80.0,RNA,4,51.69461164456139,15.468611367158232,9.0,49.0,824.2450872810608
1077,stanowisko_13,autumn,20.0,DNA,5,51.69461164456139,15.468611367158232,9.0,58.0,128.11934485084913
1078,stanowisko_13,autumn,50.0,DNA,5,51.69461164456139,15.468611367158232,9.0,58.0,556.5277746997796
1079,stanowisko_13,autumn,50.0,RNA,5,51.69461164456139,15.468611367158232,9.0,58.0,33.7899913341102
1080,stanowisko_13,autumn,80.0,DNA,5,51.69461164456139,15.468611367158232,9.0,58.0,124.71192796751392
1081,stanowisko_13,autumn,80.0,RNA,5,51.69461164456139,15.468611367158232,9.0,58.0,912.2396120147632
1082,stanowisko_14,spring,20.0,DNA,1,52.3149234124798,15.491899555469818,15.0,58.0,688.0411806956392
1083,stanowisko_14,spring,20.0,RNA,1,52.3149234124798,15.491899555469818,15.0,58.0,481.6202520644974
1084,stanowisko_14,spring,50.0,DNA,1,52.3149234124798,15.491899555469818,15.0,58.0,530.7157094327248
1085,stanowisko_14,spring,50.0,RNA,1,52.3149234124798,15.491899555469818,15.0,58.0,308.7602916120801
1086,stanowisko_14,spring,80.0,DNA,1,52.3149234124798,15.491899555469818,15.0,58.0,557.2153828705018
1087,stanowisko_14,spring,80.0,RNA,1,52.3149234124798,15.491899555469818,15.0,58.0,32.399485947591586
1088,stanowisko_14,spring,20.0,DNA,2,52.3149234124798,15.491899555469818,19.0,60.0,330.7086120769313
1089,stanowisko_14,spring,20.0,RNA,2,52.3149234124798,15.491899555469818,19.0,60.0,516.7669419233979
1090,stanowisko_14,spring,50.0,DNA,2,52.3149234124798,15.491899555469818,19.0,60.0,254.39934131072133
1091,stanowisko_14,spring,50.0,RNA,2,52.3149234124798,15.491899555469818,19.0,60.0,567.7796169273031
1092,stanowisko_14,spring,80.0,DNA,2,52.3149234124798,15.491899555469818,19.0,60.0,1253.5477666593947
1093,stanowisko_14,spring,80.0,RNA,2,52.3149234124798,15.491899555469818,19.0,60.0,806.1470627934648
1094,stanowisko_14,spring,20.0,DNA,3,52.3149234124798,15.491899555469818,20.0,70.0,653.4272089611825
1095,stanowisko_14,spring,20.0,RNA,3,52.3149234124798,15.491899555469818,20.0,70.0,510.1095125429968
1096,stanowisko_14,spring,50.0,DNA,3,52.3149234124798,15.491899555469818,20.0,70.0,315.88805751342335
1097,stanowisko_14,spring,50.0,RNA,3,52.3149234124798,15.491899555469818,20.0,70.0,322.4820725583995
1098,stanowisko_14,spring,80.0,DNA,3,52.3149234124798,15.491899555469818,20.0,70.0,621.2510282977053
1099,stanowisko_14,spring,80.0,RNA,3,52.3149234124798,15.491899555469818,20.0,70.0,577.9601264500408
1100,stanowisko_14,spring,20.0,DNA,4,52.3149234124798,15.491899555469818,19.0,69.0,605.6175494029927
1101,stanowisko_14,spring,20.0,RNA,4,52.3149234124798,15.491899555469818,19.0,69.0,1349.1653717489062
1102,stanowisko_14,spring,50.0,RNA,4,52.3149234124798,15.491899555469818,19.0,69.0,295.2395837414983
1103,stanowisko_14,spring,80.0,DNA,4,52.3149234124798,15.491899555469818,19.0,69.0,377.5998726979849
1104,stanowisko_14,spring,80.0,RNA,4,52.3149234124798,15.491899555469818,19.0,69.0,676.5770860050693
1105,stanowisko_14,spring,20.0,DNA,5,52.3149234124798,15.491899555469818,19.0,55.0,342.37725857277707
1106,stanowisko_14,spring,20.0,RNA,5,52.3149234124798,15.491899555469818,19.0,55.0,226.25454460408696
1107,stanowisko_14,spring,50.0,DNA,5,52.3149234124798,15.491899555469818,19.0,55.0,387.1740750384778
1108,stanowisko_14,spring,50.0,RNA,5,52.3149234124798,15.491899555469818,19.0,55.0,712.8344047255307
1109,stanowisko_14,spring,80.0,DNA,5,52.3149234124798,15.491899555469818,19.0,55.0,958.466677193768
1110,stanowisko_14,spring,80.0,RNA,5,52.3149234124798,15.491899555469818,19.0,55.0,829.5072517718877
1111,stanowisko_14,summer,20.0,DNA,1,52.3149234124798,15.491899555469818,19.0,67.0,306.6361964640392
1112,stanowisko_14,summer,20.0,RNA,1,52.3149234124798,15.491899555469818,19.0,67.0,835.3395434092142
1113,stanowisko_14,summer,50.0,DNA,1,52.3149234124798,15.491899555469818,19.0,67.0,1012.4966943216592
1114,stanowisko_14,summer,50.0,RNA,1,52.3149234124798,15.491899555469818,19.0,67.0,400.234370500251
1115,stanowisko_14,summer,80.0,DNA,1,52.3149234124798,15.491899555469818,19.0,67.0,354.40866636063413
1116,stanowisko_14,summer,80.0,RNA,1,52.3149234124798,15.491899555469818,19.0,67.0,45.95387272338496
1117,stanowisko_14,summer,20.0,DNA,2,52.3149234124798,15.491899555469818,20.0,59.0,689.754510858048
1118,stanowisko_14,summer,20.0,RNA,2,52.3149234124798,15.491899555469818,20.0,59.0,424.1123954659846
1119,stanowisko_14,summer,50.0,DNA,2,52.3149234124798,15.491899555469818,20.0,59.0,469.3030826091015
1120,stanowisko_14,summer,50.0,RNA,2,52.3149234124798,15.491899555469818,20.0,59.0,342.4400979636172
1121,stanowisko_14,summer,80.0,DNA,2,52.3149234124798,15.491899555469818,20.0,59.0,798.8397973119061
1122,stanowisko_14,summer,80.0,RNA,2,52.3149234124798,15.491899555469818,20.0,59.0,383.71507578880886
1123,stanowisko_14,summer,20.0,DNA,3,52.3149234124798,15.491899555469818,24.0,66.0,331.7685238061369
1124,stanowisko_14,summer,20.0,RNA,3,52.3149234124798,15.491899555469818,24.0,66.0,516.1207512011212
1125,stanowisko_14,summer,50.0,DNA,3,52.3149234124798,15.491899555469818,24.0,66.0,622.350410698371
1126,stanowisko_14,summer,50.0,RNA,3,52.3149234124798,15.491899555469818,24.0,66.0,178.16900177192218
1127,stanowisko_14,summer,80.0,DNA,3,52.3149234124798,15.491899555469818,24.0,66.0,285.6499977172897
1128,stanowisko_14,summer,80.0,RNA,3,52.3149234124798,15.491899555469818,24.0,66.0,441.2673852396214
1129,stanowisko_14,summer,20.0,DNA,4,52.3149234124798,15.491899555469818,20.0,66.0,586.5365254626792
1130,stanowisko_14,summer,20.0,RNA,4,52.3149234124798,15.491899555469818,20.0,66.0,815.366932736649
1131,stanowisko_14,summer,50.0,DNA,4,52.3149234124798,15.491899555469818,20.0,66.0,68.86062927957437
1132,stanowisko_14,summer,50.0,RNA,4,52.3149234124798,15.491899555469818,20.0,66.0,643.4437929967712
1133,stanowisko_14,summer,80.0,DNA,4,52.3149234124798,15.491899555469818,20.0,66.0,216.56510264493767
1134,stanowisko_14,summer,80.0,RNA,4,52.3149234124798,15.491899555469818,20.0,66.0,966.3608807648444
1135,stanowisko_14,summer,20.0,DNA,5,52.3149234124798,15.491899555469818,20.0,74.0,223.52044212119412
1136,stanowisko_14,summer,20.0,RNA,5,52.3149234124798,15.491899555469818,20.0,74.0,286.27799756673664
1137,stanowisko_14,summer,50.0,DNA,5,52.3149234124798,15.491899555469818,20.0,74.0,405.4947987396753
1138,stanowisko_14,summer,50.0,RNA,5,52.3149234124798,15.491899555469818,20.0,74.0,468.3192979450959
1139,stanowisko_14,summer,80.0,DNA,5,52.3149234124798,15.491899555469818,20.0,74.0,504.4459257489498
1140,stanowisko_14,summer,80.0,RNA,5,52.3149234124798,15.491899555469818,20.0,74.0,453.8699489459616
1141,stanowisko_14,autumn,20.0,DNA,1,52.3149234124798,15.491899555469818,9.0,37.0,204.57780112463772
1142,stanowisko_14,autumn,20.0,RNA,1,52.3149234124798,15.491899555469818,9.0,37.0,631.6920941072535
1143,stanowisko_14,autumn,50.0,DNA,1,52.3149234124798,15.491899555469818,9.0,37.0,935.890461358594
1144,stanowisko_14,autumn,50.0,RNA,1,52.3149234124798,15.491899555469818,9.0,37.0,321.7053710473115
1145,stanowisko_14,autumn,80.0,DNA,1,52.3149234124798,15.491899555469818,9.0,37.0,415.48115054454
1146,stanowisko_14,autumn,80.0,RNA,1,52.3149234124798,15.491899555469818,9.0,37.0,245.4313166533597
1147,stanowisko_14,autumn,20.0,DNA,2,52.3149234124798,15.491899555469818,9.0,51.0,531.0672314137078
1148,stanowisko_14,autumn,50.0,DNA,2,52.3149234124798,15.491899555469818,9.0,51.0,154.8079897357797
1149,stanowisko_14,autumn,50.0,RNA,2,52.3149234124798,15.491899555469818,9.0,51.0,880.7992128756545
1150,stanowisko_14,autumn,80.0,DNA,2,52.3149234124798,15.491899555469818,9.0,51.0,530.3417177967939
1151,stanowisko_14,autumn,20.0,DNA,3,52.3149234124798,15.491899555469818,7.0,40.0,273.3041845183043
1152,stanowisko_14,autumn,20.0,RNA,3,52.3149234124798,15.491899555469818,7.0,40.0,464.7400134929019
1153,stanowisko_14,autumn,50.0,DNA,3,52.3149234124798,15.491899555469818,7.0,40.0,239.7034176420808
1154,stanowisko_14,autumn,50.0,RNA,3,52.3149234124798,15.491899555469818,7.0,40.0,663.2715980454726
1155,stanowisko_14,autumn,80.0,DNA,3,52.3149234124798,15.491899555469818,7.0,40.0,756.4644659791059
1156,stanowisko_14,autumn,80.0,RNA,3,52.3149234124798,15.491899555469818,7.0,40.0,261.89418449875967
1157,stanowisko_14,autumn,20.0,DNA,4,52.3149234124798,15.491899555469818,6.0,47.0,459.87804664028295
1158,stanowisko_14,autumn,20.0,RNA,4,52.3149234124798,15.491899555469818,6.0,47.0,585.5602387370891
1159,stanowisko_14,autumn,50.0,RNA,4,52.3149234124798,15.491899555469818,6.0,47.0,590.4221123170938
1160,stanowisko_14,autumn,80.0,DNA,4,52.3149234124798,15.491899555469818,6.0,47.0,788.6328013324685
1161,stanowisko_14,autumn,80.0,RNA,4,52.3149234124798,15.491899555469818,6.0,47.0,627.8009711406891
1162,stanowisko_14,autumn,20.0,RNA,5,52.3149234124798,15.491899555469818,5.0,39.0,644.1154940574844
1163,stanowisko_14,autumn,50.0,DNA,5,52.3149234124798,15.491899555469818,5.0,39.0,1026.6578741580668
1164,stanowisko_14,autumn,50.0,RNA,5,52.3149234124798,15.491899555469818,5.0,39.0,618.1208899876038
1165,stanowisko_14,autumn,80.0,DNA,5,52.3149234124798,15.491899555469818,5.0,39.0,169.37876194598613
1166,stanowisko_14,autumn,80.0,RNA,5,52.3149234124798,15.491899555469818,5.0,39.0,337.48366200702947
1167,stanowisko_15,spring,20.0,DNA,1,50.36114786141373,15.356903412441696,20.0,87.0,710.8956705316593
1168,stanowisko_15,spring,20.0,RNA,1,50.36114786141373,15.356903412441696,20.0,87.0,841.031053556961
1169,stanowisko_15,spring,50.0,DNA,1,50.36114786141373,15.356903412441696,20.0,87.0,1146.2336436549117
1170,stanowisko_15,spring,50.0,RNA,1,50.36114786141373,15.356903412441696,20.0,87.0,631.2174743544346
1171,stanowisko_15,spring,80.0,DNA,1,50.36114786141373,15.356903412441696,20.0,87.0,142.58514566728388
1172,stanowisko_15,spring,80.0,RNA,1,50.36114786141373,15.356903412441696,20.0,87.0,1057.7359675744117
1173,stanowisko_15,spring,20.0,DNA,2,50.36114786141373,15.356903412441696,22.0,87.0,712.6842132400573
1174,stanowisko_15,spring,20.0,RNA,2,50.36114786141373,15.356903412441696,22.0,87.0,660.586618242152
1175,stanowisko_15,spring,50.0,DNA,2,50.36114786141373,15.356903412441696,22.0,87.0,176.07135006846568
1176,stanowisko_15,spring,80.0,DNA,2,50.36114786141373,15.356903412441696,22.0,87.0,252.147411431491
1177,stanowisko_15,spring,80.0,RNA,2,50.36114786141373,15.356903412441696,22.0,87.0,754.7422047148544
1178,stanowisko_15,spring,20.0,DNA,3,50.36114786141373,15.356903412441696,24.0,77.0,722.4746890116701
1179,stanowisko_15,spring,20.0,RNA,3,50.36114786141373,15.356903412441696,24.0,77.0,626.1039309690701
1180,stanowisko_15,spring,50.0,DNA,3,50.36114786141373,15.356903412441696,24.0,77.0,829.0118687945678
1181,stanowisko_15,spring,50.0,RNA,3,50.36114786141373,15.356903412441696,24.0,77.0,438.9372311395997
1182,stanowisko_15,spring,80.0,DNA,3,50.36114786141373,15.356903412441696,24.0,77.0,692.8348253917238
1183,stanowisko_15,spring,80.0,RNA,3,50.36114786141373,15.356903412441696,24.0,77.0,334.96350367542453
1184,stanowisko_15,spring,20.0,DNA,4,50.36114786141373,15.356903412441696,28.0,76.0,383.2398744850818
1185,stanowisko_15,spring,20.0,RNA,4,50.36114786141373,15.356903412441696,28.0,76.0,573.8276999584634
1186,stanowisko_15,spring,50.0,DNA,4,50.36114786141373,15.356903412441696,28.0,76.0,689.7823217518096
1187,stanowisko_15,spring,50.0,RNA,4,50.36114786141373,15.356903412441696,28.0,76.0,334.61401324953346
1188,stanowisko_15,spring,80.0,DNA,4,50.36114786141373,15.356903412441696,28.0,76.0,290.7841101147855
1189,stanowisko_15,spring,80.0,RNA,4,50.36114786141373,15.356903412441696,28.0,76.0,758.7479697745171
1190,stanowisko_15,spring,20.0,DNA,5,50.36114786141373,15.356903412441696,24.0,62.0,628.3242333330245
1191,stanowisko_15,spring,20.0,RNA,5,50.36114786141373,15.356903412441696,24.0,62.0,168.96311933851865
1192,stanowisko_15,spring,50.0,RNA,5,50.36114786141373,15.356903412441696,24.0,62.0,347.5332204754827
1193,stanowisko_15,spring,80.0,DNA,5,50.36114786141373,15.356903412441696,24.0,62.0,731.0860633099453
1194,stanowisko_15,spring,80.0,RNA,5,50.36114786141373,15.356903412441696,24.0,62.0,305.4401082277748
1195,stanowisko_15,summer,20.0,DNA,1,50.36114786141373,15.356903412441696,30.0,30.0,666.823626642208
1196,stanowisko_15,summer,20.0,RNA,1,50.36114786141373,15.356903412441696,30.0,30.0,345.40021166552845
1197,stanowisko_15,summer,50.0,DNA,1,50.36114786141373,15.356903412441696,30.0,30.0,1138.4672312871858
1198,stanowisko_15,summer,50.0,RNA,1,50.36114786141373,15.356903412441696,30.0,30.0,715.1922553072642
1199,stanowisko_15,summer,80.0,DNA,1,50.36114786141373,15.356903412441696,30.0,30.0,41.88802429279042
1200,stanowisko_15,summer,80.0,RNA,1,50.36114786141373,15.356903412441696,30.0,30.0,589.0662885437471
1201,stanowisko_15,summer,20.0,DNA,2,50.36114786141373,15.356903412441696,26.0,15.0,366.2188139728453
1202,stanowisko_15,summer,20.0,RNA,2,50.36114786141373,15.356903412441696,26.0,15.0,666.9100545446715
1203,stanowisko_15,summer,50.0,DNA,2,50.36114786141373,15.356903412441696,26.0,15.0,442.5947899900097
1204,stanowisko_15,summer,50.0,RNA,2,50.36114786141373,15.356903412441696,26.0,15.0,577.2568224246617
1205,stanowisko_15,summer,80.0,DNA,2,50.36114786141373,15.356903412441696,26.0,15.0,697.6838193359561
1206,stanowisko_15,summer,80.0,RNA,2,50.36114786141373,15.356903412441696,26.0,15.0,863.9718043682425
1207,stanowisko_15,summer,20.0,DNA,3,50.36114786141373,15.356903412441696,25.0,27.0,517.8034446225205
1208,stanowisko_15,summer,20.0,RNA,3,50.36114786141373,15.356903412441696,25.0,27.0,63.83762303549258
1209,stanowisko_15,summer,50.0,DNA,3,50.36114786141373,15.356903412441696,25.0,27.0,1107.5858044322065
1210,stanowisko_15,summer,50.0,RNA,3,50.36114786141373,15.356903412441696,25.0,27.0,977.385682641331
1211,stanowisko_15,summer,80.0,DNA,3,50.36114786141373,15.356903412441696,25.0,27.0,583.1858411286074
1212,stanowisko_15,summer,80.0,RNA,3,50.36114786141373,15.356903412441696,25.0,27.0,788.5657256443574
1213,stanowisko_15,summer,20.0,DNA,4,50.36114786141373,15.356903412441696,22.0,15.0,699.2397323932214
1214,stanowisko_15,summer,20.0,RNA,4,50.36114786141373,15.356903412441696,22.0,15.0,288.64233807187213
1215,stanowisko_15,summer,50.0,DNA,4,50.36114786141373,15.356903412441696,22.0,15.0,711.8982713149347
1216,stanowisko_15,summer,50.0,RNA,4,50.36114786141373,15.356903412441696,22.0,15.0,561.0872419839038
1217,stanowisko_15,summer,80.0,DNA,4,50.36114786141373,15.356903412441696,22.0,15.0,658.7836366955835
1218,stanowisko_15,summer,20.0,DNA,5,50.36114786141373,15.356903412441696,23.0,9.0,122.75855823686032
1219,stanowisko_15,summer,20.0,RNA,5,50.36114786141373,15.356903412441696,23.0,9.0,797.9028733639404
1220,stanowisko_15,summer,50.0,DNA,5,50.36114786141373,15.356903412441696,23.0,9.0,815.6738442470605
1221,stanowisko_15,summer,50.0,RNA,5,50.36114786141373,15.356903412441696,23.0,9.0,566.1884798997158
1222,stanowisko_15,summer,80.0,DNA,5,50.36114786141373,15.356903412441696,23.0,9.0,384.8439438644622
1223,stanowisko_15,autumn,20.0,DNA,1,50.36114786141373,15.356903412441696,17.0,29.0,181.48622769999585
1224,stanowisko_15,autumn,20.0,RNA,1,50.36114786141373,15.356903412441696,17.0,29.0,163.72859828025145
1225,stanowisko_15,autumn,50.0,DNA,1,50.36114786141373,15.356903412441696,17.0,29.0,598.1677468941546
1226,stanowisko_15,autumn,50.0,RNA,1,50.36114786141373,15.356903412441696,17.0,29.0,264.75356022400643
1227,stanowisko_15,autumn,80.0,RNA,1,50.36114786141373,15.356903412441696,17.0,29.0,619.1911079410027
1228,stanowisko_15,autumn,20.0,DNA,2,50.36114786141373,15.356903412441696,18.0,24.0,517.0254469041713
1229,stanowisko_15,autumn,20.0,RNA,2,50.36114786141373,15.356903412441696,18.0,24.0,441.39350670134536
1230,stanowisko_15,autumn,50.0,DNA,2,50.36114786141373,15.356903412441696,18.0,24.0,872.9449540965401
1231,stanowisko_15,autumn,50.0,RNA,2,50.36114786141373,15.356903412441696,18.0,24.0,486.77080649082137
1232,stanowisko_15,autumn,80.0,DNA,2,50.36114786141373,15.356903412441696,18.0,24.0,774.440272048186
1233,stanowisko_15,autumn,80.0,RNA,2,50.36114786141373,15.356903412441696,18.0,24.0,951.4321181351348
1234,stanowisko_15,autumn,20.0,DNA,3,50.36114786141373,15.356903412441696,14.0,23.0,457.7238885092168
1235,stanowisko_15,autumn,20.0,RNA,3,50.36114786141373,15.356903412441696,14.0,23.0,611.7553949226503
1236,stanowisko_15,autumn,50.0,DNA,3,50.36114786141373,15.356903412441696,14.0,23.0,647.1729169584881
1237,stanowisko_15,autumn,50.0,RNA,3,50.36114786141373,15.356903412441696,14.0,23.0,652.7919675230788
1238,stanowisko_15,autumn,80.0,DNA,3,50.36114786141373,15.356903412441696,14.0,23.0,492.0178068565602
1239,stanowisko_15,autumn,80.0,RNA,3,50.36114786141373,15.356903412441696,14.0,23.0,606.4721523228759
1240,stanowisko_15,autumn,20.0,DNA,4,50.36114786141373,15.356903412441696,17.0,8.0,110.73083079606045
1241,stanowisko_15,autumn,20.0,RNA,4,50.36114786141373,15.356903412441696,17.0,8.0,401.09380004458086
1242,stanowisko_15,autumn,50.0,DNA,4,50.36114786141373,15.356903412441696,17.0,8.0,310.7978038366093
1243,stanowisko_15,autumn,50.0,RNA,4,50.36114786141373,15.356903412441696,17.0,8.0,317.4606985400619
1244,stanowisko_15,autumn,80.0,DNA,4,50.36114786141373,15.356903412441696,17.0,8.0,759.3640051151583
1245,stanowisko_15,autumn,20.0,DNA,5,50.36114786141373,15.356903412441696,18.0,13.0,263.4600197830672
1246,stanowisko_15,autumn,20.0,RNA,5,50.36114786141373,15.356903412441696,18.0,13.0,240.8766231640434
1247,stanowisko_15,autumn,50.0,DNA,5,50.36114786141373,15.356903412441696,18.0,13.0,316.8329600994841
1248,stanowisko_15,autumn,50.0,RNA,5,50.36114786141373,15.356903412441696,18.0,13.0,135.63410241113655
1249,stanowisko_15,autumn,80.0,DNA,5,50.36114786141373,15.356903412441696,18.0,13.0,678.6049510772983
1250,stanowisko_15,autumn,80.0,RNA,5,50.36114786141373,15.356903412441696,18.0,13.0,500.389598718395
1251,stanowisko_16,spring,20.0,DNA,1,53.20420034995348,19.63342250778188,13.0,81.0,606.310278362336
1252,stanowisko_16,spring,20.0,RNA,1,53.20420034995348,19.63342250778188,13.0,81.0,446.1991593039306
1253,stanowisko_16,spring,50.0,DNA,1,53.20420034995348,19.63342250778188,13.0,81.0,262.4434646788635
1254,stanowisko_16,spring,50.0,RNA,1,53.20420034995348,19.63342250778188,13.0,81.0,713.1230780782048
1255,stanowisko_16,spring,20.0,DNA,2,53.20420034995348,19.63342250778188,12.0,70.0,279.05949668482776
1256,stanowisko_16,spring,20.0,RNA,2,53.20420034995348,19.63342250778188,12.0,70.0,395.6045301297447
1257,stanowisko_16,spring,50.0,DNA,2,53.20420034995348,19.63342250778188,12.0,70.0,170.06038378494492
1258,stanowisko_16,spring,50.0,RNA,2,53.20420034995348,19.63342250778188,12.0,70.0,462.84986652457366
1259,stanowisko_16,spring,80.0,DNA,2,53.20420034995348,19.63342250778188,12.0,70.0,436.3756356463705
1260,stanowisko_16,spring,80.0,RNA,2,53.20420034995348,19.63342250778188,12.0,70.0,569.3496102349203
1261,stanowisko_16,spring,20.0,DNA,3,53.20420034995348,19.63342250778188,12.0,63.0,343.20718964115
1262,stanowisko_16,spring,20.0,RNA,3,53.20420034995348,19.63342250778188,12.0,63.0,159.95435937348475
1263,stanowisko_16,spring,50.0,DNA,3,53.20420034995348,19.63342250778188,12.0,63.0,493.02506391207993
1264,stanowisko_16,spring,50.0,RNA,3,53.20420034995348,19.63342250778188,12.0,63.0,571.9063845160917
1265,stanowisko_16,spring,80.0,DNA,3,53.20420034995348,19.63342250778188,12.0,63.0,518.3930274098332
1266,stanowisko_16,spring,80.0,RNA,3,53.20420034995348,19.63342250778188,12.0,63.0,659.9050241559744
1267,stanowisko_16,spring,20.0,DNA,4,53.20420034995348,19.63342250778188,10.0,57.0,420.12584183748095
1268,stanowisko_16,spring,20.0,RNA,4,53.20420034995348,19.63342250778188,10.0,57.0,876.3104982102192
1269,stanowisko_16,spring,50.0,DNA,4,53.20420034995348,19.63342250778188,10.0,57.0,997.9326439368106
1270,stanowisko_16,spring,50.0,RNA,4,53.20420034995348,19.63342250778188,10.0,57.0,740.1227651460915
1271,stanowisko_16,spring,80.0,RNA,4,53.20420034995348,19.63342250778188,10.0,57.0,946.7846291135812
1272,stanowisko_16,spring,20.0,DNA,5,53.20420034995348,19.63342250778188,10.0,46.0,402.90197141564784
1273,stanowisko_16,spring,20.0,RNA,5,53.20420034995348,19.63342250778188,10.0,46.0,354.56227082056193
1274,stanowisko_16,spring,50.0,DNA,5,53.20420034995348,19.63342250778188,10.0,46.0,546.420409890315
1275,stanowisko_16,spring,50.0,RNA,5,53.20420034995348,19.63342250778188,10.0,46.0,1103.393849230006
1276,stanowisko_16,spring,80.0,DNA,5,53.20420034995348,19.63342250778188,10.0,46.0,366.3601180328843
1277,stanowisko_16,spring,80.0,RNA,5,53.20420034995348,19.63342250778188,10.0,46.0,543.9931473985637
1278,stanowisko_16,summer,20.0,DNA,1,53.20420034995348,19.63342250778188,23.0,58.0,738.8375661563852
1279,stanowisko_16,summer,20.0,RNA,1,53.20420034995348,19.63342250778188,23.0,58.0,204.29118051586116
1280,stanowisko_16,summer,50.0,DNA,1,53.20420034995348,19.63342250778188,23.0,58.0,639.0305376626197
1281,stanowisko_16,summer,50.0,RNA,1,53.20420034995348,19.63342250778188,23.0,58.0,303.68392857758465
1282,stanowisko_16,summer,80.0,DNA,1,53.20420034995348,19.63342250778188,23.0,58.0,592.747505224818
1283,stanowisko_16,summer,80.0,RNA,1,53.20420034995348,19.63342250778188,23.0,58.0,459.97019697097926
1284,stanowisko_16,summer,20.0,DNA,2,53.20420034995348,19.63342250778188,27.0,56.0,703.0552953079808
1285,stanowisko_16,summer,20.0,RNA,2,53.20420034995348,19.63342250778188,27.0,56.0,863.5405280636605
1286,stanowisko_16,summer,50.0,DNA,2,53.20420034995348,19.63342250778188,27.0,56.0,544.1764769270351
1287,stanowisko_16,summer,50.0,RNA,2,53.20420034995348,19.63342250778188,27.0,56.0,155.52852073268355
1288,stanowisko_16,summer,80.0,DNA,2,53.20420034995348,19.63342250778188,27.0,56.0,420.7419179940557
1289,stanowisko_16,summer,80.0,RNA,2,53.20420034995348,19.63342250778188,27.0,56.0,302.90698650868114
1290,stanowisko_16,summer,20.0,DNA,3,53.20420034995348,19.63342250778188,29.0,55.0,1210.6971986402204
1291,stanowisko_16,summer,20.0,RNA,3,53.20420034995348,19.63342250778188,29.0,55.0,435.70950861580144
1292,stanowisko_16,summer,50.0,DNA,3,53.20420034995348,19.63342250778188,29.0,55.0,388.1300033944516
1293,stanowisko_16,summer,50.0,RNA,3,53.20420034995348,19.63342250778188,29.0,55.0,99.47244214932964
1294,stanowisko_16,summer,80.0,DNA,3,53.20420034995348,19.63342250778188,29.0,55.0,498.7276265760504
1295,stanowisko_16,summer,80.0,RNA,3,53.20420034995348,19.63342250778188,29.0,55.0,78.85086040916207
1296,stanowisko_16,summer,20.0,DNA,4,53.20420034995348,19.63342250778188,31.0,55.0,496.3842903432042
1297,stanowisko_16,summer,20.0,RNA,4,53.20420034995348,19.63342250778188,31.0,55.0,414.470438161911
1298,stanowisko_16,summer,50.0,DNA,4,53.20420034995348,19.63342250778188,31.0,55.0,312.2409173421645
1299,stanowisko_16,summer,50.0,RNA,4,53.20420034995348,19.63342250778188,31.0,55.0,354.6370183440455
1300,stanowisko_16,summer,80.0,RNA,4,53.20420034995348,19.63342250778188,31.0,55.0,390.1411949442031
1301,stanowisko_16,summer,20.0,DNA,5,53.20420034995348,19.63342250778188,32.0,58.0,663.1704125260147
1302,stanowisko_16,summer,20.0,RNA,5,53.20420034995348,19.63342250778188,32.0,58.0,810.6211654234392
1303,stanowisko_16,summer,50.0,DNA,5,53.20420034995348,19.63342250778188,32.0,58.0,644.1799836996358
1304,stanowisko_16,summer,50.0,RNA,5,53.20420034995348,19.63342250778188,32.0,58.0,160.04831655837603
1305,stanowisko_16,summer,80.0,DNA,5,53.20420034995348,19.63342250778188,32.0,58.0,535.700652836087
1306,stanowisko_16,summer,80.0,RNA,5,53.20420034995348,19.63342250778188,32.0,58.0,296.9098345565384
1307,stanowisko_16,autumn,20.0,DNA,1,53.20420034995348,19.63342250778188,10.0,62.0,694.3910514392537
1308,stanowisko_16,autumn,20.0,RNA,1,53.20420034995348,19.63342250778188,10.0,62.0,413.9552447493888
1309,stanowisko_16,autumn,50.0,DNA,1,53.20420034995348,19.63342250778188,10.0,62.0,1353.2971025933984
1310,stanowisko_16,autumn,50.0,RNA,1,53.20420034995348,19.63342250778188,10.0,62.0,948.4452115036682
1311,stanowisko_16,autumn,80.0,DNA,1,53.20420034995348,19.63342250778188,10.0,62.0,1004.6940866515168
1312,stanowisko_16,autumn,80.0,RNA,1,53.20420034995348,19.63342250778188,10.0,62.0,433.4272707971047
1313,stanowisko_16,autumn,20.0,DNA,2,53.20420034995348,19.63342250778188,6.0,61.0,379.1291093626847
1314,stanowisko_16,autumn,20.0,RNA,2,53.20420034995348,19.63342250778188,6.0,61.0,632.6533129390109
1315,stanowisko_16,autumn,50.0,DNA,2,53.20420034995348,19.63342250778188,6.0,61.0,1029.0819246525818
1316,stanowisko_16,autumn,80.0,DNA,2,53.20420034995348,19.63342250778188,6.0,61.0,773.7136283720263
1317,stanowisko_16,autumn,80.0,RNA,2,53.20420034995348,19.63342250778188,6.0,61.0,724.6677589705064
1318,stanowisko_16,autumn,20.0,DNA,3,53.20420034995348,19.63342250778188,6.0,74.0,733.8140228233012
1319,stanowisko_16,autumn,20.0,RNA,3,53.20420034995348,19.63342250778188,6.0,74.0,233.5863593743801
1320,stanowisko_16,autumn,50.0,DNA,3,53.20420034995348,19.63342250778188,6.0,74.0,710.2529992391037
1321,stanowisko_16,autumn,50.0,RNA,3,53.20420034995348,19.63342250778188,6.0,74.0,791.0567159271893
1322,stanowisko_16,autumn,80.0,DNA,3,53.20420034995348,19.63342250778188,6.0,74.0,758.5286745208302
1323,stanowisko_16,autumn,80.0,RNA,3,53.20420034995348,19.63342250778188,6.0,74.0,136.67468761084842
1324,stanowisko_16,autumn,20.0,DNA,4,53.20420034995348,19.63342250778188,7.0,73.0,383.1482324577433
1325,stanowisko_16,autumn,20.0,RNA,4,53.20420034995348,19.63342250778188,7.0,73.0,240.4988806148276
1326,stanowisko_16,autumn,50.0,DNA,4,53.20420034995348,19.63342250778188,7.0,73.0,902.2643277681402
1327,stanowisko_16,autumn,50.0,RNA,4,53.20420034995348,19.63342250778188,7.0,73.0,892.1461075241281
1328,stanowisko_16,autumn,80.0,DNA,4,53.20420034995348,19.63342250778188,7.0,73.0,557.4051885963734
1329,stanowisko_16,autumn,80.0,RNA,4,53.20420034995348,19.63342250778188,7.0,73.0,577.6407252858626
1330,stanowisko_16,autumn,20.0,DNA,5,53.20420034995348,19.63342250778188,5.0,87.0,563.8829256438355
1331,stanowisko_16,autumn,20.0,RNA,5,53.20420034995348,19.63342250778188,5.0,87.0,303.4410567037621
1332,stanowisko_16,autumn,50.0,DNA,5,53.20420034995348,19.63342250778188,5.0,87.0,712.8568073707121
1333,stanowisko_16,autumn,80.0,DNA,5,53.20420034995348,19.63342250778188,5.0,87.0,326.35700414451753
1334,stanowisko_16,autumn,80.0,RNA,5,53.20420034995348,19.63342250778188,5.0,87.0,647.5401505292688
1335,stanowisko_17,spring,20.0,DNA,1,51.32618070813607,19.6941058104766,11.0,85.0,70.05510809034308
1336,stanowisko_17,spring,20.0,RNA,1,51.32618070813607,19.6941058104766,11.0,85.0,1334.851787117359
1337,stanowisko_17,spring,50.0,DNA,1,51.32618070813607,19.6941058104766,11.0,85.0,335.24611324597885
1338,stanowisko_17,spring,50.0,RNA,1,51.32618070813607,19.6941058104766,11.0,85.0,763.923263215321
1339,stanowisko_17,spring,80.0,DNA,1,51.32618070813607,19.6941058104766,11.0,85.0,232.82729663911263
1340,stanowisko_17,spring,80.0,RNA,1,51.32618070813607,19.6941058104766,11.0,85.0,524.9384784241669
1341,stanowisko_17,spring,20.0,DNA,2,51.32618070813607,19.6941058104766,7.0,73.0,553.6591317568051
1342,stanowisko_17,spring,20.0,RNA,2,51.32618070813607,19.6941058104766,7.0,73.0,338.0889169050779
1343,stanowisko_17,spring,50.0,DNA,2,51.32618070813607,19.6941058104766,7.0,73.0,620.7661034681431
1344,stanowisko_17,spring,50.0,RNA,2,51.32618070813607,19.6941058104766,7.0,73.0,587.4576563322902
1345,stanowisko_17,spring,80.0,DNA,2,51.32618070813607,19.6941058104766,7.0,73.0,705.3049181604079
1346,stanowisko_17,spring,80.0,RNA,2,51.32618070813607,19.6941058104766,7.0,73.0,359.7440479387716
1347,stanowisko_17,spring,20.0,DNA,3,51.32618070813607,19.6941058104766,4.0,69.0,721.6604433912289
1348,stanowisko_17,spring,20.0,RNA,3,51.32618070813607,19.6941058104766,4.0,69.0,830.904150480625
1349,stanowisko_17,spring,50.0,DNA,3,51.32618070813607,19.6941058104766,4.0,69.0,171.7369645759183
1350,stanowisko_17,spring,50.0,RNA,3,51.32618070813607,19.6941058104766,4.0,69.0,555.4808572415978
1351,stanowisko_17,spring,80.0,DNA,3,51.32618070813607,19.6941058104766,4.0,69.0,794.8442388557609
1352,stanowisko_17,spring,80.0,RNA,3,51.32618070813607,19.6941058104766,4.0,69.0,665.2016158018738
1353,stanowisko_17,spring,20.0,DNA,4,51.32618070813607,19.6941058104766,3.0,54.0,270.905419961138
1354,stanowisko_17,spring,20.0,RNA,4,51.32618070813607,19.6941058104766,3.0,54.0,519.3167889705087
1355,stanowisko_17,spring,50.0,DNA,4,51.32618070813607,19.6941058104766,3.0,54.0,182.3451758473848
1356,stanowisko_17,spring,50.0,RNA,4,51.32618070813607,19.6941058104766,3.0,54.0,675.4293744205634
1357,stanowisko_17,spring,80.0,DNA,4,51.32618070813607,19.6941058104766,3.0,54.0,55.72803156431576
1358,stanowisko_17,spring,80.0,RNA,4,51.32618070813607,19.6941058104766,3.0,54.0,627.1724028959038
1359,stanowisko_17,spring,20.0,DNA,5,51.32618070813607,19.6941058104766,4.0,68.0,220.80463059648335
1360,stanowisko_17,spring,20.0,RNA,5,51.32618070813607,19.6941058104766,4.0,68.0,1.8655491419737589
1361,stanowisko_17,spring,50.0,DNA,5,51.32618070813607,19.6941058104766,4.0,68.0,927.711208774374
1362,stanowisko_17,spring,50.0,RNA,5,51.32618070813607,19.6941058104766,4.0,68.0,380.26590357321606
1363,stanowisko_17,spring,80.0,DNA,5,51.32618070813607,19.6941058104766,4.0,68.0,543.998934281672
1364,stanowisko_17,summer,20.0,DNA,1,51.32618070813607,19.6941058104766,20.0,52.0,721.4298623041673
1365,stanowisko_17,summer,20.0,RNA,1,51.32618070813607,19.6941058104766,20.0,52.0,615.1035123140416
1366,stanowisko_17,summer,50.0,DNA,1,51.32618070813607,19.6941058104766,20.0,52.0,406.6766520887544
1367,stanowisko_17,summer,50.0,RNA,1,51.32618070813607,19.6941058104766,20.0,52.0,606.512121441182
1368,stanowisko_17,summer,80.0,DNA,1,51.32618070813607,19.6941058104766,20.0,52.0,289.40565008828315
1369,stanowisko_17,summer,80.0,RNA,1,51.32618070813607,19.6941058104766,20.0,52.0,676.162562914701
1370,stanowisko_17,summer,20.0,DNA,2,51.32618070813607,19.6941058104766,19.0,65.0,554.8926118000976
1371,stanowisko_17,summer,20.0,RNA,2,51.32618070813607,19.6941058104766,19.0,65.0,122.34530001537148
1372,stanowisko_17,summer,50.0,DNA,2,51.32618070813607,19.6941058104766,19.0,65.0,578.9197998006681
1373,stanowisko_17,summer,50.0,RNA,2,51.32618070813607,19.6941058104766,19.0,65.0,657.9977290796611
1374,stanowisko_17,summer,80.0,DNA,2,51.32618070813607,19.6941058104766,19.0,65.0,183.88074858508597
1375,stanowisko_17,summer,80.0,RNA,2,51.32618070813607,19.6941058104766,19.0,65.0,825.6831970523808
1376,stanowisko_17,summer,20.0,DNA,3,51.32618070813607,19.6941058104766,16.0,53.0,516.3158837166707
1377,stanowisko_17,summer,20.0,RNA,3,51.32618070813607,19.6941058104766,16.0,53.0,407.00420091915805
1378,stanowisko_17,summer,50.0,DNA,3,51.32618070813607,19.6941058104766,16.0,53.0,375.9913326144856
1379,stanowisko_17,summer,50.0,RNA,3,51.32618070813607,19.6941058104766,16.0,53.0,472.3432864555731
1380,stanowisko_17,summer,80.0,DNA,3,51.32618070813607,19.6941058104766,16.0,53.0,619.7674936631902
1381,stanowisko_17,summer,80.0,RNA,3,51.32618070813607,19.6941058104766,16.0,53.0,686.9869946081681
1382,stanowisko_17,summer,20.0,DNA,4,51.32618070813607,19.6941058104766,12.0,40.0,1180.5116738942106
1383,stanowisko_17,summer,20.0,RNA,4,51.32618070813607,19.6941058104766,12.0,40.0,998.3197246641998
1384,stanowisko_17,summer,50.0,DNA,4,51.32618070813607,19.6941058104766,12.0,40.0,636.9585292449987
1385,stanowisko_17,summer,50.0,RNA,4,51.32618070813607,19.6941058104766,12.0,40.0,473.05799568487896
1386,stanowisko_17,summer,80.0,DNA,4,51.32618070813607,19.6941058104766,12.0,40.0,345.03897079219314
1387,stanowisko_17,summer,80.0,RNA,4,51.32618070813607,19.6941058104766,12.0,40.0,1050.2828500962576
1388,stanowisko_17,summer,20.0,DNA,5,51.32618070813607,19.6941058104766,14.0,38.0,794.678105899736
1389,stanowisko_17,summer,20.0,RNA,5,51.32618070813607,19.6941058104766,14.0,38.0,1080.03047698437
1390,stanowisko_17,summer,50.0,DNA,5,51.32618070813607,19.6941058104766,14.0,38.0,224.4361121866537
1391,stanowisko_17,summer,50.0,RNA,5,51.32618070813607,19.6941058104766,14.0,38.0,682.4590424646142
1392,stanowisko_17,summer,80.0,DNA,5,51.32618070813607,19.6941058104766,14.0,38.0,753.9116437005138
1393,stanowisko_17,summer,80.0,RNA,5,51.32618070813607,19.6941058104766,14.0,38.0,106.30579140019772
1394,stanowisko_17,autumn,20.0,DNA,1,51.32618070813607,19.6941058104766,7.0,67.0,124.46189278003668
1395,stanowisko_17,autumn,20.0,RNA,1,51.32618070813607,19.6941058104766,7.0,67.0,31.81157116996451
1396,stanowisko_17,autumn,50.0,DNA,1,51.32618070813607,19.6941058104766,7.0,67.0,346.9727101665201
1397,stanowisko_17,autumn,50.0,RNA,1,51.32618070813607,19.6941058104766,7.0,67.0,298.36203883383155
1398,stanowisko_17,autumn,80.0,DNA,1,51.32618070813607,19.6941058104766,7.0,67.0,528.0173745404456
1399,stanowisko_17,autumn,80.0,RNA,1,51.32618070813607,19.6941058104766,7.0,67.0,116.27641893822886
1400,stanowisko_17,autumn,20.0,DNA,2,51.32618070813607,19.6941058104766,8.0,65.0,406.2013106397153
1401,stanowisko_17,autumn,20.0,RNA,2,51.32618070813607,19.6941058104766,8.0,65.0,395.3655400921028
1402,stanowisko_17,autumn,50.0,DNA,2,51.32618070813607,19.6941058104766,8.0,65.0,420.5700487366598
1403,stanowisko_17,autumn,50.0,RNA,2,51.32618070813607,19.6941058104766,8.0,65.0,959.6527969791804
1404,stanowisko_17,autumn,80.0,DNA,2,51.32618070813607,19.6941058104766,8.0,65.0,855.1135435945007
1405,stanowisko_17,autumn,80.0,RNA,2,51.32618070813607,19.6941058104766,8.0,65.0,229.04554429608527
1406,stanowisko_17,autumn,20.0,DNA,3,51.32618070813607,19.6941058104766,6.0,77.0,515.7398560595749
1407,stanowisko_17,autumn,20.0,RNA,3,51.32618070813607,19.6941058104766,6.0,77.0,356.7012476223998
1408,stanowisko_17,autumn,50.0,RNA,3,51.32618070813607,19.6941058104766,6.0,77.0,942.6959547280294
1409,stanowisko_17,autumn,80.0,DNA,3,51.32618070813607,19.6941058104766,6.0,77.0,916.1396606478472
1410,stanowisko_17,autumn,20.0,DNA,4,51.32618070813607,19.6941058104766,5.0,70.0,325.07526456804555
1411,stanowisko_17,autumn,20.0,RNA,4,51.32618070813607,19.6941058104766,5.0,70.0,168.82632115639225
1412,stanowisko_17,autumn,50.0,DNA,4,51.32618070813607,19.6941058104766,5.0,70.0,398.0553284667641
1413,stanowisko_17,autumn,50.0,RNA,4,51.32618070813607,19.6941058104766,5.0,70.0,247.50665395992831
1414,stanowisko_17,autumn,80.0,DNA,4,51.32618070813607,19.6941058104766,5.0,70.0,886.5140098606965
1415,stanowisko_17,autumn,80.0,RNA,4,51.32618070813607,19.6941058104766,5.0,70.0,318.7870987192415
1416,stanowisko_17,autumn,20.0,DNA,5,51.32618070813607,19.6941058104766,3.0,58.0,339.8624060406125
1417,stanowisko_17,autumn,20.0,RNA,5,51.32618070813607,19.6941058104766,3.0,58.0,396.2705156870043
1418,stanowisko_17,autumn,50.0,DNA,5,51.32618070813607,19.6941058104766,3.0,58.0,638.473940368264
1419,stanowisko_17,autumn,80.0,DNA,5,51.32618070813607,19.6941058104766,3.0,58.0,38.414461534086
